/scratch/harshanavkis/ironbus/M3/run/remote-ipc-non-secure-0/boot-all.xml validates
warn: <orphan SpuSystem>.etherlink already has parent (Previously declared as <orphan SpuSystem>.etherlink).
	Note: etherlink is not a parameter of SpuSystem
gem5 Simulator System.  http://gem5.org
gem5 is copyrighted software; use the --copyright option for details.

gem5 version 21.0.0.0
gem5 compiled Sep 17 2026 15:54:59
gem5 started Sep 17 2026 17:16:54
gem5 executing on amy, pid 2935936
command line: platform/gem5/build/RISCV/gem5.opt --outdir=/scratch/harshanavkis/ironbus/M3/run/remote-ipc-non-secure-0 --debug-file=gem5.log --debug-flags=Tcu config/default.py --cpu-type DerivO3CPU --isa riscv --cmd 'build/gem5-riscv-release/bin/kernel -f build/gem5-riscv-release/bench.img,build/gem5-riscv-release/bin/tilemux,build/gem5-riscv-release/bin/tilemux,build/gem5-riscv-release/bin/tilemux,build/gem5-riscv-release/bin/tilemux,build/gem5-riscv-release/bin/tilemux,build/gem5-riscv-release/bin/tilemux,build/gem5-riscv-release/bin/tilemux,build/gem5-riscv-release/bin/tilemux,build/gem5-riscv-release/bin/tilemux,build/gem5-riscv-release/bin/tilemux,build/gem5-riscv-release/bin/tilemux,build/gem5-riscv-release/bin/tilemux,build/gem5-riscv-release/bin/tilemux,build/gem5-riscv-release/bin/tilemux,build/gem5-riscv-release/bin/tilemux,' --mods /scratch/harshanavkis/ironbus/M3/run/remote-ipc-non-secure-0/boot.xml,build/gem5-riscv-release/bin/root,build/gem5-riscv-release/bin/m3fs,build/gem5-riscv-release/bin/pager --cpu-clock=2GHz --sys-clock=2GHz --encr-latency=0 --par-pipe=1 --int-transfer-latency=0 --rng-latency=0 --sign-latency=0 --sign-ver-latency=0

info: Standard input is not a terminal, disabling listeners.
T00: build/gem5-riscv-release/bin/kernel -f build/gem5-riscv-release/bench.img
     Core =DerivO3CPU riscv @ 2GHz
     TCU  =eps:192, bufsz:2048 B, blocksz:64 B, count:16, tlb:128
     L1i$ =32 KiB (2-way assoc, 4 cycles)
     L1d$ =32 KiB (2-way assoc, 4 cycles)
     L2$  =256 KiB (8-way assoc, 12 cycles)
     Comp =Core -> TCU -> L1$ -> L2$

T01: build/gem5-riscv-release/bin/tilemux
     Core =DerivO3CPU riscv @ 2GHz
     TCU  =eps:192, bufsz:2048 B, blocksz:64 B, count:16, tlb:128
     L1i$ =32 KiB (2-way assoc, 4 cycles)
     L1d$ =32 KiB (2-way assoc, 4 cycles)
     L2$  =256 KiB (8-way assoc, 12 cycles)
     Comp =Core -> TCU -> L1$ -> L2$

T02: build/gem5-riscv-release/bin/tilemux
     Core =DerivO3CPU riscv @ 2GHz
     TCU  =eps:192, bufsz:2048 B, blocksz:64 B, count:16, tlb:128
     L1i$ =32 KiB (2-way assoc, 4 cycles)
     L1d$ =32 KiB (2-way assoc, 4 cycles)
     L2$  =256 KiB (8-way assoc, 12 cycles)
     Comp =Core -> TCU -> L1$ -> L2$

T03: build/gem5-riscv-release/bin/tilemux
     Core =DerivO3CPU riscv @ 2GHz
     TCU  =eps:192, bufsz:2048 B, blocksz:64 B, count:16, tlb:128
     L1i$ =32 KiB (2-way assoc, 4 cycles)
     L1d$ =32 KiB (2-way assoc, 4 cycles)
     L2$  =256 KiB (8-way assoc, 12 cycles)
     Comp =Core -> TCU -> L1$ -> L2$

T04: build/gem5-riscv-release/bin/tilemux
     Core =DerivO3CPU riscv @ 2GHz
     TCU  =eps:192, bufsz:2048 B, blocksz:64 B, count:16, tlb:128
     L1i$ =32 KiB (2-way assoc, 4 cycles)
     L1d$ =32 KiB (2-way assoc, 4 cycles)
     L2$  =256 KiB (8-way assoc, 12 cycles)
     Comp =Core -> TCU -> L1$ -> L2$

T05: build/gem5-riscv-release/bin/tilemux
     Core =DerivO3CPU riscv @ 2GHz
     TCU  =eps:192, bufsz:2048 B, blocksz:64 B, count:16, tlb:128
     L1i$ =32 KiB (2-way assoc, 4 cycles)
     L1d$ =32 KiB (2-way assoc, 4 cycles)
     L2$  =256 KiB (8-way assoc, 12 cycles)
     Comp =Core -> TCU -> L1$ -> L2$

T06: build/gem5-riscv-release/bin/tilemux
     Core =DerivO3CPU riscv @ 2GHz
     TCU  =eps:192, bufsz:2048 B, blocksz:64 B, count:16, tlb:128
     L1i$ =32 KiB (2-way assoc, 4 cycles)
     L1d$ =32 KiB (2-way assoc, 4 cycles)
     L2$  =256 KiB (8-way assoc, 12 cycles)
     Comp =Core -> TCU -> L1$ -> L2$

T07: build/gem5-riscv-release/bin/tilemux
     Core =DerivO3CPU riscv @ 2GHz
     TCU  =eps:192, bufsz:2048 B, blocksz:64 B, count:16, tlb:128
     L1i$ =32 KiB (2-way assoc, 4 cycles)
     L1d$ =32 KiB (2-way assoc, 4 cycles)
     L2$  =256 KiB (8-way assoc, 12 cycles)
     Comp =Core -> TCU -> L1$ -> L2$

T08: build/gem5-riscv-release/bin/tilemux
     Core =DerivO3CPU riscv @ 2GHz
     TCU  =eps:192, bufsz:2048 B, blocksz:64 B, count:16, tlb:128
     L1i$ =32 KiB (2-way assoc, 4 cycles)
     L1d$ =32 KiB (2-way assoc, 4 cycles)
     L2$  =256 KiB (8-way assoc, 12 cycles)
     Comp =Core -> TCU -> L1$ -> L2$

T09: build/gem5-riscv-release/bin/tilemux
     Core =DerivO3CPU riscv @ 2GHz
     TCU  =eps:192, bufsz:2048 B, blocksz:64 B, count:16, tlb:128
     L1i$ =32 KiB (2-way assoc, 4 cycles)
     L1d$ =32 KiB (2-way assoc, 4 cycles)
     L2$  =256 KiB (8-way assoc, 12 cycles)
     Comp =Core -> TCU -> L1$ -> L2$

T10: build/gem5-riscv-release/bin/tilemux
     Core =DerivO3CPU riscv @ 2GHz
     TCU  =eps:192, bufsz:2048 B, blocksz:64 B, count:16, tlb:128
     L1i$ =32 KiB (2-way assoc, 4 cycles)
     L1d$ =32 KiB (2-way assoc, 4 cycles)
     L2$  =256 KiB (8-way assoc, 12 cycles)
     Comp =Core -> TCU -> L1$ -> L2$

T11: build/gem5-riscv-release/bin/tilemux
     Core =DerivO3CPU riscv @ 2GHz
     TCU  =eps:192, bufsz:2048 B, blocksz:64 B, count:16, tlb:128
     L1i$ =32 KiB (2-way assoc, 4 cycles)
     L1d$ =32 KiB (2-way assoc, 4 cycles)
     L2$  =256 KiB (8-way assoc, 12 cycles)
     Comp =Core -> TCU -> L1$ -> L2$

T12: build/gem5-riscv-release/bin/tilemux
     Core =DerivO3CPU riscv @ 2GHz
     TCU  =eps:192, bufsz:2048 B, blocksz:2048 B, count:16, tlb:0
     imem =32768 KiB
     Comp =Core -> TCU -> SPM

T13: build/gem5-riscv-release/bin/tilemux
     Core =DerivO3CPU riscv @ 2GHz
     TCU  =eps:192, bufsz:2048 B, blocksz:2048 B, count:16, tlb:0
     imem =32768 KiB
     Comp =Core -> TCU -> SPM

T14: build/gem5-riscv-release/bin/tilemux
     Core =DerivO3CPU riscv @ 2GHz
     TCU  =eps:192, bufsz:2048 B, blocksz:2048 B, count:16, tlb:0
     imem =32768 KiB
     Comp =Core -> TCU -> SPM

T15: build/gem5-riscv-release/bin/tilemux
     Core =DerivO3CPU riscv @ 2GHz
     TCU  =eps:192, bufsz:2048 B, blocksz:2048 B, count:16, tlb:0
     imem =32768 KiB
     Comp =Core -> TCU -> SPM

T16: IGbE_e1000
     TCU  =eps:192, bufsz:2048 B, blocksz:2048 B, count:16, tlb:0
     Comp =TCU -> Proxy -> NIC

T17: IGbE_e1000
     TCU  =eps:192, bufsz:2048 B, blocksz:2048 B, count:16, tlb:0
     Comp =TCU -> Proxy -> NIC

T18: rot13 accelerator @ 2GHz
     TCU  =eps:192, bufsz:2048 B, blocksz:2048 B, count:16, tlb:0
     imem =2048 KiB
     Comp =Core -> TCU -> SPM

T19: rot13 accelerator @ 2GHz
     TCU  =eps:192, bufsz:2048 B, blocksz:2048 B, count:16, tlb:0
     imem =2048 KiB
     Comp =Core -> TCU -> SPM

T20: build/gem5-riscv-release/bin/tilemux
     Core =DerivO3CPU riscv @ 2GHz
     TCU  =eps:192, bufsz:2048 B, blocksz:2048 B, count:16, tlb:0
     imem =32768 KiB
     Comp =Core -> TCU -> SPM

T21: SerialInput
     TCU  =eps:192, bufsz:2048 B, blocksz:2048 B, count:16, tlb:0
     Comp =TCU -> SerialInput

T22: build/gem5-riscv-release/bench.img x 1
     TCU  =eps:192, bufsz:2048 B, blocksz:2048 B, count:16, tlb:0
     imem =3145728 KiB
     Comp =TCU -> DRAM

Global frequency set at 1000000000000 ticks per second
warn: No dot file generated. Please install pydot to generate the dot file and pdf.
warn: DRAM device capacity (49152 Mbytes) does not match the address range assigned (4096 Mbytes)
warn: Sockets disabled, not accepting terminal connections
warn: Sockets disabled, not accepting gdb connections
warn: CoherentXBar T16.xbar has no snooping ports attached!
warn: CoherentXBar T17.xbar has no snooping ports attached!
warn: CoherentXBar T18.xbar has no snooping ports attached!
warn: CoherentXBar T19.xbar has no snooping ports attached!
warn: CoherentXBar T21.xbar has no snooping ports attached!
warn: CoherentXBar T22.xbar has no snooping ports attached!
info: Loaded 'boot.xml' to 0x9600000030000000 .. 0x960000003000031a
info: Loaded 'root' to 0x9600000030001000 .. 0x9600000030075758
info: Loaded 'm3fs' to 0x9600000030076000 .. 0x96000000300cc348
info: Loaded 'pager' to 0x96000000300cd000 .. 0x960000003014cc48
info: Entering event queue @ 0.  Starting simulation...
warn: T20.spm: address out-of-range: 0
warn: T0,PMP-EP65535: invalid EP
warn: T11,PMP-EP65535: invalid EP
warn: T10,PMP-EP65535: invalid EP
warn: T9,PMP-EP65535: invalid EP
warn: T8,PMP-EP65535: invalid EP
warn: T7,PMP-EP65535: invalid EP
warn: T6,PMP-EP65535: invalid EP
warn: T5,PMP-EP65535: invalid EP
warn: T4,PMP-EP65535: invalid EP
warn: T3,PMP-EP65535: invalid EP
warn: T2,PMP-EP65535: invalid EP
warn: T1,PMP-EP65535: invalid EP
warn: T11,PMP-EP65535: invalid EP
warn: T10,PMP-EP65535: invalid EP
warn: T8,PMP-EP65535: invalid EP
warn: T9,PMP-EP65535: invalid EP
warn: T0,PMP-EP65535: invalid EP
warn: T7,PMP-EP65535: invalid EP
warn: T6,PMP-EP65535: invalid EP
warn: T2,PMP-EP65535: invalid EP
warn: T3,PMP-EP65535: invalid EP
warn: T1,PMP-EP65535: invalid EP
warn: T5,PMP-EP65535: invalid EP
warn: T4,PMP-EP65535: invalid EP
[0;31m[T0:kernel  @         78] Entered raw mode; Quit via Ctrl+]
[0mwarn: T11,PMP-EP65535: invalid EP
warn: T11,PMP-EP65535: invalid EP
warn: T11,PMP-EP65535: invalid EP
warn: T10,PMP-EP65535: invalid EP
warn: T10,PMP-EP65535: invalid EP
warn: T10,PMP-EP65535: invalid EP
warn: T11,PMP-EP65535: invalid EP
warn: T8,PMP-EP65535: invalid EP
warn: T8,PMP-EP65535: invalid EP
warn: T8,PMP-EP65535: invalid EP
warn: T10,PMP-EP65535: invalid EP
warn: T9,PMP-EP65535: invalid EP
warn: T9,PMP-EP65535: invalid EP
warn: T9,PMP-EP65535: invalid EP
warn: T8,PMP-EP65535: invalid EP
warn: T9,PMP-EP65535: invalid EP
warn: T7,PMP-EP65535: invalid EP
warn: T7,PMP-EP65535: invalid EP
warn: T6,PMP-EP65535: invalid EP
warn: T6,PMP-EP65535: invalid EP
warn: T6,PMP-EP65535: invalid EP
warn: T7,PMP-EP65535: invalid EP
warn: T7,PMP-EP65535: invalid EP
warn: T6,PMP-EP65535: invalid EP
warn: T5,PMP-EP65535: invalid EP
warn: T5,PMP-EP65535: invalid EP
warn: T5,PMP-EP65535: invalid EP
warn: T1,PMP-EP65535: invalid EP
warn: T1,PMP-EP65535: invalid EP
warn: T1,PMP-EP65535: invalid EP
warn: T2,PMP-EP65535: invalid EP
warn: T2,PMP-EP65535: invalid EP
warn: T2,PMP-EP65535: invalid EP
warn: T5,PMP-EP65535: invalid EP
warn: T4,PMP-EP65535: invalid EP
warn: T4,PMP-EP65535: invalid EP
warn: T4,PMP-EP65535: invalid EP
warn: T3,PMP-EP65535: invalid EP
warn: T3,PMP-EP65535: invalid EP
warn: T3,PMP-EP65535: invalid EP
warn: T1,PMP-EP65535: invalid EP
warn: T2,PMP-EP65535: invalid EP
warn: T4,PMP-EP65535: invalid EP
warn: T3,PMP-EP65535: invalid EP
[0;31m[T0:kernel  @        152] Attesting tile: 1
[0m[0;31m[T0:kernel  @       5251] Attestation complete: 1, 10192091 cycles
[0m[0;31m[T0:kernel  @       5254] Attesting tile: 2
[0m[0;31m[T0:kernel  @      10349] Attestation complete: 2, 10185084 cycles
[0m[0;31m[T0:kernel  @      10352] Attesting tile: 3
[0m[0;31m[T0:kernel  @      15447] Attestation complete: 3, 10184445 cycles
[0m[0;31m[T0:kernel  @      15450] Attesting tile: 4
[0m[0;31m[T0:kernel  @      20544] Attestation complete: 4, 10183690 cycles
[0m[0;31m[T0:kernel  @      20547] Attesting tile: 5
[0m[0;31m[T0:kernel  @      25640] Attestation complete: 5, 10183150 cycles
[0m[0;31m[T0:kernel  @      25643] Attesting tile: 6
[0m[0;31m[T0:kernel  @      30737] Attestation complete: 6, 10183135 cycles
[0m[0;31m[T0:kernel  @      30740] Attesting tile: 7
[0m[0;31m[T0:kernel  @      35834] Attestation complete: 7, 10183888 cycles
[0m[0;31m[T0:kernel  @      35837] Attesting tile: 8
[0m[0;31m[T0:kernel  @      40931] Attestation complete: 8, 10183119 cycles
[0m[0;31m[T0:kernel  @      40933] Attesting tile: 9
[0m[0;31m[T0:kernel  @      46027] Attestation complete: 9, 10183034 cycles
[0m[0;31m[T0:kernel  @      46030] Attesting tile: 10
[0m[0;31m[T0:kernel  @      51124] Attestation complete: 10, 10183401 cycles
[0m[0;31m[T0:kernel  @      51127] Attesting tile: 11
[0m[0;31m[T0:kernel  @      56220] Attestation complete: 11, 10182897 cycles
[0m[0;31m[T0:kernel  @      56223] Attesting tile: 12
[0m[0;31m[T0:kernel  @      61317] Attestation complete: 12, 10183499 cycles
[0m[0;31m[T0:kernel  @      61320] Attesting tile: 13
[0m[0;31m[T0:kernel  @      66414] Attestation complete: 13, 10182973 cycles
[0m[0;31m[T0:kernel  @      66417] Attesting tile: 14
[0m[0;31m[T0:kernel  @      71510] Attestation complete: 14, 10182992 cycles
[0m[0;31m[T0:kernel  @      71513] Attesting tile: 15
[0m[0;31m[T0:kernel  @      76607] Attestation complete: 15, 10183018 cycles
[0m[0;31m[T0:kernel  @      76610] Attesting tile: 16
[0m[0;31m[T0:kernel  @      81703] Attestation complete: 16, 10183058 cycles
[0m[0;31m[T0:kernel  @      81706] Attesting tile: 17
[0m[0;31m[T0:kernel  @      86800] Attestation complete: 17, 10183398 cycles
[0m[0;31m[T0:kernel  @      86803] Attesting tile: 18
[0m[0;31m[T0:kernel  @      91897] Attestation complete: 18, 10182973 cycles
[0m[0;31m[T0:kernel  @      91899] Attesting tile: 19
[0m[0;31m[T0:kernel  @      96993] Attestation complete: 19, 10182764 cycles
[0m[0;31m[T0:kernel  @      96996] Attesting tile: 20
[0m[0;31m[T0:kernel  @     102089] Attestation complete: 20, 10182637 cycles
[0m[0;31m[T0:kernel  @     102092] Attesting tile: 21
[0m[0;31m[T0:kernel  @     107186] Attestation complete: 21, 10182662 cycles
[0m[0;31m[T0:kernel  @     107189] Attesting tile: 22
[0m[0;31m[T0:kernel  @     112283] Attestation complete: 22, 10182942 cycles
[0m[0;31m[T0:kernel  @     112327] Kernel is ready!
[0m[0;32m[T1:root    @     112563] Boot modules:
[0m[0;32m[T1:root    @     112570]   Mod[addr: G[Tile22+0x30000000], size: 0x31a, name: boot.xml]
[0m[0;32m[T1:root    @     112573]   Mod[addr: G[Tile22+0x30001000], size: 0x74758, name: root]
[0m[0;32m[T1:root    @     112577]   Mod[addr: G[Tile22+0x30076000], size: 0x56348, name: m3fs]
[0m[0;32m[T1:root    @     112580]   Mod[addr: G[Tile22+0x300cd000], size: 0x7fc48, name: pager]
[0m[0;32m[T1:root    @     112581] Available tiles:
[0m[0;32m[T1:root    @     112586]   Tile01: COMP_EMEM RISCV (empty) 0 KiB memory
[0m[0;32m[T1:root    @     112590]   Tile02: COMP_EMEM RISCV (empty) 0 KiB memory
[0m[0;32m[T1:root    @     112593]   Tile03: COMP_EMEM RISCV (empty) 0 KiB memory
[0m[0;32m[T1:root    @     112597]   Tile04: COMP_EMEM RISCV (empty) 0 KiB memory
[0m[0;32m[T1:root    @     112600]   Tile05: COMP_EMEM RISCV (empty) 0 KiB memory
[0m[0;32m[T1:root    @     112603]   Tile06: COMP_EMEM RISCV (empty) 0 KiB memory
[0m[0;32m[T1:root    @     112606]   Tile07: COMP_EMEM RISCV (empty) 0 KiB memory
[0m[0;32m[T1:root    @     112610]   Tile08: COMP_EMEM RISCV (empty) 0 KiB memory
[0m[0;32m[T1:root    @     112613]   Tile09: COMP_EMEM RISCV (empty) 0 KiB memory
[0m[0;32m[T1:root    @     112616]   Tile10: COMP_EMEM RISCV (empty) 0 KiB memory
[0m[0;32m[T1:root    @     112619]   Tile11: COMP_EMEM RISCV (empty) 0 KiB memory
[0m[0;32m[T1:root    @     112622]   Tile12: COMP_IMEM RISCV (empty) 32768 KiB memory
[0m[0;32m[T1:root    @     112625]   Tile13: COMP_IMEM RISCV (empty) 32768 KiB memory
[0m[0;32m[T1:root    @     112628]   Tile14: COMP_IMEM RISCV (empty) 32768 KiB memory
[0m[0;32m[T1:root    @     112633]   Tile15: COMP_IMEM RISCV (empty) 32768 KiB memory
[0m[0;32m[T1:root    @     112636]   Tile16: COMP_IMEM NIC_DEV (empty) 0 KiB memory
[0m[0;32m[T1:root    @     112639]   Tile17: COMP_IMEM NIC_DEV (empty) 0 KiB memory
[0m[0;32m[T1:root    @     112643]   Tile18: COMP_IMEM ACCEL_ROT13 (empty) 2048 KiB memory
[0m[0;32m[T1:root    @     112646]   Tile19: COMP_IMEM ACCEL_ROT13 (empty) 2048 KiB memory
[0m[0;32m[T1:root    @     112649]   Tile20: COMP_IMEM RISCV KECACC 32768 KiB memory
[0m[0;32m[T1:root    @     112652]   Tile21: COMP_IMEM SERIAL_DEV (empty) 0 KiB memory
[0m[0;32m[T1:root    @     112656] Available memory:
[0m[0;32m[T1:root    @     112661]   MemMod[sel: 30, res: true, addr: G[Tile22+0x0], size: 1200 MiB]
[0m[0;32m[T1:root    @     112665]   MemMod[sel: 31, res: false, addr: G[Tile22+0x4f600000], size: 959 MiB]
[0m[0;32m[T1:root    @     112667] Parsed Config [
[0m[0;32m[T1:root    @     112669]   root [
[0m[0;32m[T1:root    @     112673]     Domain on core [
[0m[0;32m[T1:root    @     112676]       m3fs mem 268435456 [
[0m[0;32m[T1:root    @     112678]         Daemon,
[0m[0;32m[T1:root    @     112682]         PhysMem[addr=0x0, size=0x40000 KiB, perm=R | W | X | RW | RWX],
[0m[0;32m[T1:root    @     112686]         Service[lname='m3fs', gname='m3fs'],
[0m[0;32m[T1:root    @     112688]       ]
[0m[0;32m[T1:root    @     112689]     ]
[0m[0;32m[T1:root    @     112691]     Domain on core [
[0m[0;32m[T1:root    @     112694]       pager 268435456 [
[0m[0;32m[T1:root    @     112697]         PhysMem[addr=0x0, size=0x40000 KiB, perm=R],
[0m[0;32m[T1:root    @     112701]         Session[lname='m3fs', gname='m3fs', arg='', dep=true],
[0m[0;32m[T1:root    @     112704]         Tile[type=boom|core, count=1, optional=false],
[0m[0;32m[T1:root    @     112706]         Domain on boom|core [
[0m[0;32m[T1:root    @     112709]           /bin/ripc [
[0m[0;32m[T1:root    @     112711]             TimeSlice[1000000000 ns],
[0m[0;32m[T1:root    @     112714]             Mount[fs='m3fs', path='/'],
[0m[0;32m[T1:root    @     112718]             Tile[type=boom|core, count=1, optional=false],
[0m[0;32m[T1:root    @     112720]           ]
[0m[0;32m[T1:root    @     112721]         ]
[0m[0;32m[T1:root    @     112723]       ]
[0m[0;32m[T1:root    @     112725]     ]
[0m[0;32m[T1:root    @     112726]   ]
[0m[0;32m[T1:root    @     112727] ]
[0m[0;32m[T1:root    @     112729] 
[0m[0;32m[T1:root    @     113147] Starting boot module 'm3fs' on tile2 with arguments ["mem", "268435456"]
[0m[0;32m[T1:root    @     113711] m3fs: reg_serv(srv_sel=46, sgate_sel=50, name=m3fs, sessions=32)
[0m[0;32m[T1:root    @     113716] Creating service 1:m3fs
[0m[0;32m[T1:root    @     113776] Starting boot module 'pager' on tile3 with arguments ["268435456"]
[0m[0;34m[T3:pager   @     114028] Boot modules:
[0m[0;34m[T3:pager   @     114034]   Mod[addr: G[Tile22+0x77601000], size: 0x1fc, name: boot.xml]
[0m[0;34m[T3:pager   @     114036] Available tiles:
[0m[0;34m[T3:pager   @     114041]   Tile03: COMP_EMEM RISCV (empty) 0 KiB memory
[0m[0;34m[T3:pager   @     114045]   Tile04: COMP_EMEM RISCV (empty) 0 KiB memory
[0m[0;34m[T3:pager   @     114048] Available memory:
[0m[0;34m[T3:pager   @     114054]   MemMod[sel: 8, res: false, addr: G[Tile22+0x63800000], size: 159 MiB]
[0m[0;32m[T1:root    @     114062] pager: open_sess(dst_sel=59, name=m3fs)
[0m[0;32m[T1:root    @     114420] pager: Ok(8:ALLOC_TILE) failed: NotFound
[0m[0;34m[T3:pager   @     114560] Starting boot module '/bin/ripc' on tile5 with arguments []
[0mRunning test suite bremote_ipc::run ...

Testing "pingpong_remote8" in src/apps/bench/ripc/src/../../rustbenchs/src/bremote_ipc.rs:
childactivity.rs: /bin/ripc
! src/apps/bench/ripc/src/../../rustbenchs/src/bremote_ipc.rs:82  PERF "remote pingpong with (1 * 64) msgs": 245 cycles (+/- 1 cycles with 1000 runs)

Testing "pingpong_remote16" in src/apps/bench/ripc/src/../../rustbenchs/src/bremote_ipc.rs:
childactivity.rs: /bin/ripc
warn: PowerState: More than one power state change request encountered within the same simulation tick
warn: PowerState: More than one power state change request encountered within the same simulation tick
warn: PowerState: More than one power state change request encountered within the same simulation tick
warn: PowerState: More than one power state change request encountered within the same simulation tick
warn: PowerState: More than one power state change request encountered within the same simulation tick
warn: PowerState: More than one power state change request encountered within the same simulation tick
warn: PowerState: More than one power state change request encountered within the same simulation tick
warn: PowerState: More than one power state change request encountered within the same simulation tick
warn: PowerState: More than one power state change request encountered within the same simulation tick
warn: PowerState: More than one power state change request encountered within the same simulation tick
warn: PowerState: More than one power state change request encountered within the same simulation tick
warn: PowerState: More than one power state change request encountered within the same simulation tick
warn: PowerState: More than one power state change request encountered within the same simulation tick
warn: PowerState: More than one power state change request encountered within the same simulation tick
warn: PowerState: More than one power state change request encountered within the same simulation tick
warn: PowerState: More than one power state change request encountered within the same simulation tick
warn: PowerState: More than one power state change request encountered within the same simulation tick
warn: PowerState: More than one power state change request encountered within the same simulation tick
warn: PowerState: More than one power state change request encountered within the same simulation tick
warn: PowerState: More than one power state change request encountered within the same simulation tick
warn: PowerState: More than one power state change request encountered within the same simulation tick
warn: PowerState: More than one power state change request encountered within the same simulation tick
warn: PowerState: More than one power state change request encountered within the same simulation tick
warn: PowerState: More than one power state change request encountered within the same simulation tick
warn: PowerState: More than one power state change request encountered within the same simulation tick
warn: PowerState: More than one power state change request encountered within the same simulation tick
warn: PowerState: More than one power state change request encountered within the same simulation tick
warn: PowerState: More than one power state change request encountered within the same simulation tick
warn: PowerState: More than one power state change request encountered within the same simulation tick
warn: PowerState: More than one power state change request encountered within the same simulation tick
warn: PowerState: More than one power state change request encountered within the same simulation tick
warn: PowerState: More than one power state change request encountered within the same simulation tick
warn: PowerState: More than one power state change request encountered within the same simulation tick
warn: PowerState: More than one power state change request encountered within the same simulation tick
warn: PowerState: More than one power state change request encountered within the same simulation tick
warn: PowerState: More than one power state change request encountered within the same simulation tick
warn: PowerState: More than one power state change request encountered within the same simulation tick
warn: PowerState: More than one power state change request encountered within the same simulation tick
warn: PowerState: More than one power state change request encountered within the same simulation tick
warn: PowerState: More than one power state change request encountered within the same simulation tick
warn: PowerState: More than one power state change request encountered within the same simulation tick
warn: PowerState: More than one power state change request encountered within the same simulation tick
warn: PowerState: More than one power state change request encountered within the same simulation tick
warn: PowerState: More than one power state change request encountered within the same simulation tick
warn: PowerState: More than one power state change request encountered within the same simulation tick
warn: PowerState: More than one power state change request encountered within the same simulation tick
warn: PowerState: More than one power state change request encountered within the same simulation tick
warn: PowerState: More than one power state change request encountered within the same simulation tick
warn: PowerState: More than one power state change request encountered within the same simulation tick
warn: PowerState: More than one power state change request encountered within the same simulation tick
warn: PowerState: More than one power state change request encountered within the same simulation tick
warn: PowerState: More than one power state change request encountered within the same simulation tick
warn: PowerState: More than one power state change request encountered within the same simulation tick
warn: PowerState: More than one power state change request encountered within the same simulation tick
warn: PowerState: More than one power state change request encountered within the same simulation tick
warn: PowerState: More than one power state change request encountered within the same simulation tick
warn: PowerState: More than one power state change request encountered within the same simulation tick
warn: PowerState: More than one power state change request encountered within the same simulation tick
warn: PowerState: More than one power state change request encountered within the same simulation tick
warn: PowerState: More than one power state change request encountered within the same simulation tick
warn: PowerState: More than one power state change request encountered within the same simulation tick
warn: PowerState: More than one power state change request encountered within the same simulation tick
warn: PowerState: More than one power state change request encountered within the same simulation tick
warn: PowerState: More than one power state change request encountered within the same simulation tick
warn: PowerState: More than one power state change request encountered within the same simulation tick
warn: PowerState: More than one power state change request encountered within the same simulation tick
warn: PowerState: More than one power state change request encountered within the same simulation tick
warn: PowerState: More than one power state change request encountered within the same simulation tick
warn: PowerState: More than one power state change request encountered within the same simulation tick
warn: PowerState: More than one power state change request encountered within the same simulation tick
warn: PowerState: More than one power state change request encountered within the same simulation tick
warn: PowerState: More than one power state change request encountered within the same simulation tick
warn: PowerState: More than one power state change request encountered within the same simulation tick
warn: PowerState: More than one power state change request encountered within the same simulation tick
warn: PowerState: More than one power state change request encountered within the same simulation tick
warn: PowerState: More than one power state change request encountered within the same simulation tick
warn: PowerState: More than one power state change request encountered within the same simulation tick
warn: PowerState: More than one power state change request encountered within the same simulation tick
warn: PowerState: More than one power state change request encountered within the same simulation tick
warn: PowerState: More than one power state change request encountered within the same simulation tick
warn: PowerState: More than one power state change request encountered within the same simulation tick
warn: PowerState: More than one power state change request encountered within the same simulation tick
warn: PowerState: More than one power state change request encountered within the same simulation tick
warn: PowerState: More than one power state change request encountered within the same simulation tick
warn: PowerState: More than one power state change request encountered within the same simulation tick
warn: PowerState: More than one power state change request encountered within the same simulation tick
warn: PowerState: More than one power state change request encountered within the same simulation tick
warn: PowerState: More than one power state change request encountered within the same simulation tick
warn: PowerState: More than one power state change request encountered within the same simulation tick
warn: PowerState: More than one power state change request encountered within the same simulation tick
warn: PowerState: More than one power state change request encountered within the same simulation tick
warn: PowerState: More than one power state change request encountered within the same simulation tick
warn: PowerState: More than one power state change request encountered within the same simulation tick
warn: PowerState: More than one power state change request encountered within the same simulation tick
warn: PowerState: More than one power state change request encountered within the same simulation tick
warn: PowerState: More than one power state change request encountered within the same simulation tick
warn: PowerState: More than one power state change request encountered within the same simulation tick
warn: PowerState: More than one power state change request encountered within the same simulation tick
warn: PowerState: More than one power state change request encountered within the same simulation tick
warn: PowerState: More than one power state change request encountered within the same simulation tick
warn: PowerState: More than one power state change request encountered within the same simulation tick
warn: PowerState: More than one power state change request encountered within the same simulation tick
warn: PowerState: More than one power state change request encountered within the same simulation tick
warn: PowerState: More than one power state change request encountered within the same simulation tick
warn: PowerState: More than one power state change request encountered within the same simulation tick
warn: PowerState: More than one power state change request encountered within the same simulation tick
warn: PowerState: More than one power state change request encountered within the same simulation tick
warn: PowerState: More than one power state change request encountered within the same simulation tick
warn: PowerState: More than one power state change request encountered within the same simulation tick
warn: PowerState: More than one power state change request encountered within the same simulation tick
warn: PowerState: More than one power state change request encountered within the same simulation tick
warn: PowerState: More than one power state change request encountered within the same simulation tick
warn: PowerState: More than one power state change request encountered within the same simulation tick
warn: PowerState: More than one power state change request encountered within the same simulation tick
warn: PowerState: More than one power state change request encountered within the same simulation tick
warn: PowerState: More than one power state change request encountered within the same simulation tick
warn: PowerState: More than one power state change request encountered within the same simulation tick
warn: PowerState: More than one power state change request encountered within the same simulation tick
warn: PowerState: More than one power state change request encountered within the same simulation tick
warn: PowerState: More than one power state change request encountered within the same simulation tick
warn: PowerState: More than one power state change request encountered within the same simulation tick
warn: PowerState: More than one power state change request encountered within the same simulation tick
warn: PowerState: More than one power state change request encountered within the same simulation tick
warn: PowerState: More than one power state change request encountered within the same simulation tick
warn: PowerState: More than one power state change request encountered within the same simulation tick
warn: PowerState: More than one power state change request encountered within the same simulation tick
warn: PowerState: More than one power state change request encountered within the same simulation tick
warn: PowerState: More than one power state change request encountered within the same simulation tick
warn: PowerState: More than one power state change request encountered within the same simulation tick
warn: PowerState: More than one power state change request encountered within the same simulation tick
warn: PowerState: More than one power state change request encountered within the same simulation tick
warn: PowerState: More than one power state change request encountered within the same simulation tick
warn: PowerState: More than one power state change request encountered within the same simulation tick
warn: PowerState: More than one power state change request encountered within the same simulation tick
warn: PowerState: More than one power state change request encountered within the same simulation tick
warn: PowerState: More than one power state change request encountered within the same simulation tick
warn: PowerState: More than one power state change request encountered within the same simulation tick
warn: PowerState: More than one power state change request encountered within the same simulation tick
warn: PowerState: More than one power state change request encountered within the same simulation tick
warn: PowerState: More than one power state change request encountered within the same simulation tick
warn: PowerState: More than one power state change request encountered within the same simulation tick
warn: PowerState: More than one power state change request encountered within the same simulation tick
warn: PowerState: More than one power state change request encountered within the same simulation tick
warn: PowerState: More than one power state change request encountered within the same simulation tick
warn: PowerState: More than one power state change request encountered within the same simulation tick
warn: PowerState: More than one power state change request encountered within the same simulation tick
warn: PowerState: More than one power state change request encountered within the same simulation tick
warn: PowerState: More than one power state change request encountered within the same simulation tick
warn: PowerState: More than one power state change request encountered within the same simulation tick
warn: PowerState: More than one power state change request encountered within the same simulation tick
warn: PowerState: More than one power state change request encountered within the same simulation tick
warn: PowerState: More than one power state change request encountered within the same simulation tick
warn: PowerState: More than one power state change request encountered within the same simulation tick
warn: PowerState: More than one power state change request encountered within the same simulation tick
warn: PowerState: More than one power state change request encountered within the same simulation tick
warn: PowerState: More than one power state change request encountered within the same simulation tick
warn: PowerState: More than one power state change request encountered within the same simulation tick
warn: PowerState: More than one power state change request encountered within the same simulation tick
warn: PowerState: More than one power state change request encountered within the same simulation tick
warn: PowerState: More than one power state change request encountered within the same simulation tick
warn: PowerState: More than one power state change request encountered within the same simulation tick
warn: PowerState: More than one power state change request encountered within the same simulation tick
warn: PowerState: More than one power state change request encountered within the same simulation tick
warn: PowerState: More than one power state change request encountered within the same simulation tick
warn: PowerState: More than one power state change request encountered within the same simulation tick
warn: PowerState: More than one power state change request encountered within the same simulation tick
warn: PowerState: More than one power state change request encountered within the same simulation tick
warn: PowerState: More than one power state change request encountered within the same simulation tick
warn: PowerState: More than one power state change request encountered within the same simulation tick
warn: PowerState: More than one power state change request encountered within the same simulation tick
warn: PowerState: More than one power state change request encountered within the same simulation tick
warn: PowerState: More than one power state change request encountered within the same simulation tick
warn: PowerState: More than one power state change request encountered within the same simulation tick
warn: PowerState: More than one power state change request encountered within the same simulation tick
warn: PowerState: More than one power state change request encountered within the same simulation tick
warn: PowerState: More than one power state change request encountered within the same simulation tick
warn: PowerState: More than one power state change request encountered within the same simulation tick
warn: PowerState: More than one power state change request encountered within the same simulation tick
warn: PowerState: More than one power state change request encountered within the same simulation tick
warn: PowerState: More than one power state change request encountered within the same simulation tick
warn: PowerState: More than one power state change request encountered within the same simulation tick
warn: PowerState: More than one power state change request encountered within the same simulation tick
warn: PowerState: More than one power state change request encountered within the same simulation tick
warn: PowerState: More than one power state change request encountered within the same simulation tick
warn: PowerState: More than one power state change request encountered within the same simulation tick
warn: PowerState: More than one power state change request encountered within the same simulation tick
warn: PowerState: More than one power state change request encountered within the same simulation tick
warn: PowerState: More than one power state change request encountered within the same simulation tick
warn: PowerState: More than one power state change request encountered within the same simulation tick
warn: PowerState: More than one power state change request encountered within the same simulation tick
warn: PowerState: More than one power state change request encountered within the same simulation tick
warn: PowerState: More than one power state change request encountered within the same simulation tick
warn: PowerState: More than one power state change request encountered within the same simulation tick
warn: PowerState: More than one power state change request encountered within the same simulation tick
warn: PowerState: More than one power state change request encountered within the same simulation tick
warn: PowerState: More than one power state change request encountered within the same simulation tick
warn: PowerState: More than one power state change request encountered within the same simulation tick
warn: PowerState: More than one power state change request encountered within the same simulation tick
warn: PowerState: More than one power state change request encountered within the same simulation tick
warn: PowerState: More than one power state change request encountered within the same simulation tick
warn: PowerState: More than one power state change request encountered within the same simulation tick
warn: PowerState: More than one power state change request encountered within the same simulation tick
warn: PowerState: More than one power state change request encountered within the same simulation tick
warn: PowerState: More than one power state change request encountered within the same simulation tick
warn: PowerState: More than one power state change request encountered within the same simulation tick
warn: PowerState: More than one power state change request encountered within the same simulation tick
warn: PowerState: More than one power state change request encountered within the same simulation tick
warn: PowerState: More than one power state change request encountered within the same simulation tick
warn: PowerState: More than one power state change request encountered within the same simulation tick
warn: PowerState: More than one power state change request encountered within the same simulation tick
warn: PowerState: More than one power state change request encountered within the same simulation tick
warn: PowerState: More than one power state change request encountered within the same simulation tick
warn: PowerState: More than one power state change request encountered within the same simulation tick
warn: PowerState: More than one power state change request encountered within the same simulation tick
warn: PowerState: More than one power state change request encountered within the same simulation tick
warn: PowerState: More than one power state change request encountered within the same simulation tick
warn: PowerState: More than one power state change request encountered within the same simulation tick
warn: PowerState: More than one power state change request encountered within the same simulation tick
warn: PowerState: More than one power state change request encountered within the same simulation tick
warn: PowerState: More than one power state change request encountered within the same simulation tick
warn: PowerState: More than one power state change request encountered within the same simulation tick
warn: PowerState: More than one power state change request encountered within the same simulation tick
warn: PowerState: More than one power state change request encountered within the same simulation tick
warn: PowerState: More than one power state change request encountered within the same simulation tick
warn: PowerState: More than one power state change request encountered within the same simulation tick
warn: PowerState: More than one power state change request encountered within the same simulation tick
warn: PowerState: More than one power state change request encountered within the same simulation tick
warn: PowerState: More than one power state change request encountered within the same simulation tick
warn: PowerState: More than one power state change request encountered within the same simulation tick
warn: PowerState: More than one power state change request encountered within the same simulation tick
warn: PowerState: More than one power state change request encountered within the same simulation tick
warn: PowerState: More than one power state change request encountered within the same simulation tick
warn: PowerState: More than one power state change request encountered within the same simulation tick
warn: PowerState: More than one power state change request encountered within the same simulation tick
warn: PowerState: More than one power state change request encountered within the same simulation tick
warn: PowerState: More than one power state change request encountered within the same simulation tick
warn: PowerState: More than one power state change request encountered within the same simulation tick
warn: PowerState: More than one power state change request encountered within the same simulation tick
warn: PowerState: More than one power state change request encountered within the same simulation tick
warn: PowerState: More than one power state change request encountered within the same simulation tick
warn: PowerState: More than one power state change request encountered within the same simulation tick
warn: PowerState: More than one power state change request encountered within the same simulation tick
warn: PowerState: More than one power state change request encountered within the same simulation tick
warn: PowerState: More than one power state change request encountered within the same simulation tick
warn: PowerState: More than one power state change request encountered within the same simulation tick
warn: PowerState: More than one power state change request encountered within the same simulation tick
warn: PowerState: More than one power state change request encountered within the same simulation tick
warn: PowerState: More than one power state change request encountered within the same simulation tick
warn: PowerState: More than one power state change request encountered within the same simulation tick
warn: PowerState: More than one power state change request encountered within the same simulation tick
warn: PowerState: More than one power state change request encountered within the same simulation tick
warn: PowerState: More than one power state change request encountered within the same simulation tick
warn: PowerState: More than one power state change request encountered within the same simulation tick
warn: PowerState: More than one power state change request encountered within the same simulation tick
warn: PowerState: More than one power state change request encountered within the same simulation tick
warn: PowerState: More than one power state change request encountered within the same simulation tick
warn: PowerState: More than one power state change request encountered within the same simulation tick
warn: PowerState: More than one power state change request encountered within the same simulation tick
warn: PowerState: More than one power state change request encountered within the same simulation tick
warn: PowerState: More than one power state change request encountered within the same simulation tick
warn: PowerState: More than one power state change request encountered within the same simulation tick
warn: PowerState: More than one power state change request encountered within the same simulation tick
warn: PowerState: More than one power state change request encountered within the same simulation tick
warn: PowerState: More than one power state change request encountered within the same simulation tick
warn: PowerState: More than one power state change request encountered within the same simulation tick
warn: PowerState: More than one power state change request encountered within the same simulation tick
warn: PowerState: More than one power state change request encountered within the same simulation tick
warn: PowerState: More than one power state change request encountered within the same simulation tick
warn: PowerState: More than one power state change request encountered within the same simulation tick
warn: PowerState: More than one power state change request encountered within the same simulation tick
warn: PowerState: More than one power state change request encountered within the same simulation tick
warn: PowerState: More than one power state change request encountered within the same simulation tick
warn: PowerState: More than one power state change request encountered within the same simulation tick
warn: PowerState: More than one power state change request encountered within the same simulation tick
warn: PowerState: More than one power state change request encountered within the same simulation tick
warn: PowerState: More than one power state change request encountered within the same simulation tick
warn: PowerState: More than one power state change request encountered within the same simulation tick
warn: PowerState: More than one power state change request encountered within the same simulation tick
warn: PowerState: More than one power state change request encountered within the same simulation tick
warn: PowerState: More than one power state change request encountered within the same simulation tick
warn: PowerState: More than one power state change request encountered within the same simulation tick
warn: PowerState: More than one power state change request encountered within the same simulation tick
warn: PowerState: More than one power state change request encountered within the same simulation tick
warn: PowerState: More than one power state change request encountered within the same simulation tick
warn: PowerState: More than one power state change request encountered within the same simulation tick
warn: PowerState: More than one power state change request encountered within the same simulation tick
warn: PowerState: More than one power state change request encountered within the same simulation tick
warn: PowerState: More than one power state change request encountered within the same simulation tick
warn: PowerState: More than one power state change request encountered within the same simulation tick
warn: PowerState: More than one power state change request encountered within the same simulation tick
warn: PowerState: More than one power state change request encountered within the same simulation tick
warn: PowerState: More than one power state change request encountered within the same simulation tick
warn: PowerState: More than one power state change request encountered within the same simulation tick
warn: PowerState: More than one power state change request encountered within the same simulation tick
warn: PowerState: More than one power state change request encountered within the same simulation tick
warn: PowerState: More than one power state change request encountered within the same simulation tick
warn: PowerState: More than one power state change request encountered within the same simulation tick
warn: PowerState: More than one power state change request encountered within the same simulation tick
warn: PowerState: More than one power state change request encountered within the same simulation tick
warn: PowerState: More than one power state change request encountered within the same simulation tick
warn: PowerState: More than one power state change request encountered within the same simulation tick
warn: PowerState: More than one power state change request encountered within the same simulation tick
warn: PowerState: More than one power state change request encountered within the same simulation tick
warn: PowerState: More than one power state change request encountered within the same simulation tick
warn: PowerState: More than one power state change request encountered within the same simulation tick
warn: PowerState: More than one power state change request encountered within the same simulation tick
warn: PowerState: More than one power state change request encountered within the same simulation tick
warn: PowerState: More than one power state change request encountered within the same simulation tick
warn: PowerState: More than one power state change request encountered within the same simulation tick
warn: PowerState: More than one power state change request encountered within the same simulation tick
warn: PowerState: More than one power state change request encountered within the same simulation tick
warn: PowerState: More than one power state change request encountered within the same simulation tick
warn: PowerState: More than one power state change request encountered within the same simulation tick
warn: PowerState: More than one power state change request encountered within the same simulation tick
warn: PowerState: More than one power state change request encountered within the same simulation tick
warn: PowerState: More than one power state change request encountered within the same simulation tick
warn: PowerState: More than one power state change request encountered within the same simulation tick
warn: PowerState: More than one power state change request encountered within the same simulation tick
warn: PowerState: More than one power state change request encountered within the same simulation tick
warn: PowerState: More than one power state change request encountered within the same simulation tick
warn: PowerState: More than one power state change request encountered within the same simulation tick
warn: PowerState: More than one power state change request encountered within the same simulation tick
warn: PowerState: More than one power state change request encountered within the same simulation tick
warn: PowerState: More than one power state change request encountered within the same simulation tick
warn: PowerState: More than one power state change request encountered within the same simulation tick
warn: PowerState: More than one power state change request encountered within the same simulation tick
warn: PowerState: More than one power state change request encountered within the same simulation tick
warn: PowerState: More than one power state change request encountered within the same simulation tick
warn: PowerState: More than one power state change request encountered within the same simulation tick
warn: PowerState: More than one power state change request encountered within the same simulation tick
warn: PowerState: More than one power state change request encountered within the same simulation tick
warn: PowerState: More than one power state change request encountered within the same simulation tick
warn: PowerState: More than one power state change request encountered within the same simulation tick
warn: PowerState: More than one power state change request encountered within the same simulation tick
warn: PowerState: More than one power state change request encountered within the same simulation tick
warn: PowerState: More than one power state change request encountered within the same simulation tick
warn: PowerState: More than one power state change request encountered within the same simulation tick
warn: PowerState: More than one power state change request encountered within the same simulation tick
warn: PowerState: More than one power state change request encountered within the same simulation tick
warn: PowerState: More than one power state change request encountered within the same simulation tick
warn: PowerState: More than one power state change request encountered within the same simulation tick
warn: PowerState: More than one power state change request encountered within the same simulation tick
warn: PowerState: More than one power state change request encountered within the same simulation tick
warn: PowerState: More than one power state change request encountered within the same simulation tick
warn: PowerState: More than one power state change request encountered within the same simulation tick
warn: PowerState: More than one power state change request encountered within the same simulation tick
warn: PowerState: More than one power state change request encountered within the same simulation tick
warn: PowerState: More than one power state change request encountered within the same simulation tick
warn: PowerState: More than one power state change request encountered within the same simulation tick
warn: PowerState: More than one power state change request encountered within the same simulation tick
warn: PowerState: More than one power state change request encountered within the same simulation tick
warn: PowerState: More than one power state change request encountered within the same simulation tick
warn: PowerState: More than one power state change request encountered within the same simulation tick
warn: PowerState: More than one power state change request encountered within the same simulation tick
warn: PowerState: More than one power state change request encountered within the same simulation tick
warn: PowerState: More than one power state change request encountered within the same simulation tick
warn: PowerState: More than one power state change request encountered within the same simulation tick
warn: PowerState: More than one power state change request encountered within the same simulation tick
warn: PowerState: More than one power state change request encountered within the same simulation tick
warn: PowerState: More than one power state change request encountered within the same simulation tick
warn: PowerState: More than one power state change request encountered within the same simulation tick
warn: PowerState: More than one power state change request encountered within the same simulation tick
warn: PowerState: More than one power state change request encountered within the same simulation tick
warn: PowerState: More than one power state change request encountered within the same simulation tick
warn: PowerState: More than one power state change request encountered within the same simulation tick
warn: PowerState: More than one power state change request encountered within the same simulation tick
warn: PowerState: More than one power state change request encountered within the same simulation tick
warn: PowerState: More than one power state change request encountered within the same simulation tick
warn: PowerState: More than one power state change request encountered within the same simulation tick
warn: PowerState: More than one power state change request encountered within the same simulation tick
warn: PowerState: More than one power state change request encountered within the same simulation tick
warn: PowerState: More than one power state change request encountered within the same simulation tick
warn: PowerState: More than one power state change request encountered within the same simulation tick
warn: PowerState: More than one power state change request encountered within the same simulation tick
warn: PowerState: More than one power state change request encountered within the same simulation tick
warn: PowerState: More than one power state change request encountered within the same simulation tick
warn: PowerState: More than one power state change request encountered within the same simulation tick
warn: PowerState: More than one power state change request encountered within the same simulation tick
warn: PowerState: More than one power state change request encountered within the same simulation tick
warn: PowerState: More than one power state change request encountered within the same simulation tick
warn: PowerState: More than one power state change request encountered within the same simulation tick
warn: PowerState: More than one power state change request encountered within the same simulation tick
warn: PowerState: More than one power state change request encountered within the same simulation tick
warn: PowerState: More than one power state change request encountered within the same simulation tick
warn: PowerState: More than one power state change request encountered within the same simulation tick
warn: PowerState: More than one power state change request encountered within the same simulation tick
warn: PowerState: More than one power state change request encountered within the same simulation tick
warn: PowerState: More than one power state change request encountered within the same simulation tick
warn: PowerState: More than one power state change request encountered within the same simulation tick
warn: PowerState: More than one power state change request encountered within the same simulation tick
warn: PowerState: More than one power state change request encountered within the same simulation tick
warn: PowerState: More than one power state change request encountered within the same simulation tick
warn: PowerState: More than one power state change request encountered within the same simulation tick
warn: PowerState: More than one power state change request encountered within the same simulation tick
warn: PowerState: More than one power state change request encountered within the same simulation tick
warn: PowerState: More than one power state change request encountered within the same simulation tick
warn: PowerState: More than one power state change request encountered within the same simulation tick
warn: PowerState: More than one power state change request encountered within the same simulation tick
warn: PowerState: More than one power state change request encountered within the same simulation tick
warn: PowerState: More than one power state change request encountered within the same simulation tick
warn: PowerState: More than one power state change request encountered within the same simulation tick
warn: PowerState: More than one power state change request encountered within the same simulation tick
warn: PowerState: More than one power state change request encountered within the same simulation tick
warn: PowerState: More than one power state change request encountered within the same simulation tick
warn: PowerState: More than one power state change request encountered within the same simulation tick
warn: PowerState: More than one power state change request encountered within the same simulation tick
warn: PowerState: More than one power state change request encountered within the same simulation tick
warn: PowerState: More than one power state change request encountered within the same simulation tick
warn: PowerState: More than one power state change request encountered within the same simulation tick
warn: PowerState: More than one power state change request encountered within the same simulation tick
warn: PowerState: More than one power state change request encountered within the same simulation tick
warn: PowerState: More than one power state change request encountered within the same simulation tick
warn: PowerState: More than one power state change request encountered within the same simulation tick
warn: PowerState: More than one power state change request encountered within the same simulation tick
warn: PowerState: More than one power state change request encountered within the same simulation tick
warn: PowerState: More than one power state change request encountered within the same simulation tick
warn: PowerState: More than one power state change request encountered within the same simulation tick
warn: PowerState: More than one power state change request encountered within the same simulation tick
warn: PowerState: More than one power state change request encountered within the same simulation tick
warn: PowerState: More than one power state change request encountered within the same simulation tick
warn: PowerState: More than one power state change request encountered within the same simulation tick
warn: PowerState: More than one power state change request encountered within the same simulation tick
warn: PowerState: More than one power state change request encountered within the same simulation tick
warn: PowerState: More than one power state change request encountered within the same simulation tick
warn: PowerState: More than one power state change request encountered within the same simulation tick
warn: PowerState: More than one power state change request encountered within the same simulation tick
warn: PowerState: More than one power state change request encountered within the same simulation tick
warn: PowerState: More than one power state change request encountered within the same simulation tick
warn: PowerState: More than one power state change request encountered within the same simulation tick
warn: PowerState: More than one power state change request encountered within the same simulation tick
warn: PowerState: More than one power state change request encountered within the same simulation tick
warn: PowerState: More than one power state change request encountered within the same simulation tick
warn: PowerState: More than one power state change request encountered within the same simulation tick
warn: PowerState: More than one power state change request encountered within the same simulation tick
warn: PowerState: More than one power state change request encountered within the same simulation tick
warn: PowerState: More than one power state change request encountered within the same simulation tick
warn: PowerState: More than one power state change request encountered within the same simulation tick
warn: PowerState: More than one power state change request encountered within the same simulation tick
warn: PowerState: More than one power state change request encountered within the same simulation tick
warn: PowerState: More than one power state change request encountered within the same simulation tick
warn: PowerState: More than one power state change request encountered within the same simulation tick
warn: PowerState: More than one power state change request encountered within the same simulation tick
warn: PowerState: More than one power state change request encountered within the same simulation tick
warn: PowerState: More than one power state change request encountered within the same simulation tick
warn: PowerState: More than one power state change request encountered within the same simulation tick
warn: PowerState: More than one power state change request encountered within the same simulation tick
warn: PowerState: More than one power state change request encountered within the same simulation tick
warn: PowerState: More than one power state change request encountered within the same simulation tick
warn: PowerState: More than one power state change request encountered within the same simulation tick
warn: PowerState: More than one power state change request encountered within the same simulation tick
warn: PowerState: More than one power state change request encountered within the same simulation tick
warn: PowerState: More than one power state change request encountered within the same simulation tick
warn: PowerState: More than one power state change request encountered within the same simulation tick
warn: PowerState: More than one power state change request encountered within the same simulation tick
warn: PowerState: More than one power state change request encountered within the same simulation tick
warn: PowerState: More than one power state change request encountered within the same simulation tick
warn: PowerState: More than one power state change request encountered within the same simulation tick
warn: PowerState: More than one power state change request encountered within the same simulation tick
warn: PowerState: More than one power state change request encountered within the same simulation tick
warn: PowerState: More than one power state change request encountered within the same simulation tick
warn: PowerState: More than one power state change request encountered within the same simulation tick
warn: PowerState: More than one power state change request encountered within the same simulation tick
warn: PowerState: More than one power state change request encountered within the same simulation tick
warn: PowerState: More than one power state change request encountered within the same simulation tick
warn: PowerState: More than one power state change request encountered within the same simulation tick
warn: PowerState: More than one power state change request encountered within the same simulation tick
warn: PowerState: More than one power state change request encountered within the same simulation tick
warn: PowerState: More than one power state change request encountered within the same simulation tick
warn: PowerState: More than one power state change request encountered within the same simulation tick
warn: PowerState: More than one power state change request encountered within the same simulation tick
warn: PowerState: More than one power state change request encountered within the same simulation tick
warn: PowerState: More than one power state change request encountered within the same simulation tick
warn: PowerState: More than one power state change request encountered within the same simulation tick
warn: PowerState: More than one power state change request encountered within the same simulation tick
warn: PowerState: More than one power state change request encountered within the same simulation tick
warn: PowerState: More than one power state change request encountered within the same simulation tick
warn: PowerState: More than one power state change request encountered within the same simulation tick
warn: PowerState: More than one power state change request encountered within the same simulation tick
warn: PowerState: More than one power state change request encountered within the same simulation tick
warn: PowerState: More than one power state change request encountered within the same simulation tick
warn: PowerState: More than one power state change request encountered within the same simulation tick
warn: PowerState: More than one power state change request encountered within the same simulation tick
warn: PowerState: More than one power state change request encountered within the same simulation tick
warn: PowerState: More than one power state change request encountered within the same simulation tick
warn: PowerState: More than one power state change request encountered within the same simulation tick
warn: PowerState: More than one power state change request encountered within the same simulation tick
warn: PowerState: More than one power state change request encountered within the same simulation tick
warn: PowerState: More than one power state change request encountered within the same simulation tick
warn: PowerState: More than one power state change request encountered within the same simulation tick
warn: PowerState: More than one power state change request encountered within the same simulation tick
warn: PowerState: More than one power state change request encountered within the same simulation tick
warn: PowerState: More than one power state change request encountered within the same simulation tick
warn: PowerState: More than one power state change request encountered within the same simulation tick
warn: PowerState: More than one power state change request encountered within the same simulation tick
warn: PowerState: More than one power state change request encountered within the same simulation tick
warn: PowerState: More than one power state change request encountered within the same simulation tick
warn: PowerState: More than one power state change request encountered within the same simulation tick
warn: PowerState: More than one power state change request encountered within the same simulation tick
warn: PowerState: More than one power state change request encountered within the same simulation tick
warn: PowerState: More than one power state change request encountered within the same simulation tick
warn: PowerState: More than one power state change request encountered within the same simulation tick
warn: PowerState: More than one power state change request encountered within the same simulation tick
warn: PowerState: More than one power state change request encountered within the same simulation tick
warn: PowerState: More than one power state change request encountered within the same simulation tick
warn: PowerState: More than one power state change request encountered within the same simulation tick
warn: PowerState: More than one power state change request encountered within the same simulation tick
warn: PowerState: More than one power state change request encountered within the same simulation tick
warn: PowerState: More than one power state change request encountered within the same simulation tick
warn: PowerState: More than one power state change request encountered within the same simulation tick
warn: PowerState: More than one power state change request encountered within the same simulation tick
warn: PowerState: More than one power state change request encountered within the same simulation tick
warn: PowerState: More than one power state change request encountered within the same simulation tick
warn: PowerState: More than one power state change request encountered within the same simulation tick
warn: PowerState: More than one power state change request encountered within the same simulation tick
warn: PowerState: More than one power state change request encountered within the same simulation tick
warn: PowerState: More than one power state change request encountered within the same simulation tick
warn: PowerState: More than one power state change request encountered within the same simulation tick
warn: PowerState: More than one power state change request encountered within the same simulation tick
warn: PowerState: More than one power state change request encountered within the same simulation tick
warn: PowerState: More than one power state change request encountered within the same simulation tick
warn: PowerState: More than one power state change request encountered within the same simulation tick
warn: PowerState: More than one power state change request encountered within the same simulation tick
warn: PowerState: More than one power state change request encountered within the same simulation tick
warn: PowerState: More than one power state change request encountered within the same simulation tick
warn: PowerState: More than one power state change request encountered within the same simulation tick
warn: PowerState: More than one power state change request encountered within the same simulation tick
warn: PowerState: More than one power state change request encountered within the same simulation tick
warn: PowerState: More than one power state change request encountered within the same simulation tick
warn: PowerState: More than one power state change request encountered within the same simulation tick
warn: PowerState: More than one power state change request encountered within the same simulation tick
warn: PowerState: More than one power state change request encountered within the same simulation tick
warn: PowerState: More than one power state change request encountered within the same simulation tick
warn: PowerState: More than one power state change request encountered within the same simulation tick
warn: PowerState: More than one power state change request encountered within the same simulation tick
warn: PowerState: More than one power state change request encountered within the same simulation tick
warn: PowerState: More than one power state change request encountered within the same simulation tick
warn: PowerState: More than one power state change request encountered within the same simulation tick
warn: PowerState: More than one power state change request encountered within the same simulation tick
warn: PowerState: More than one power state change request encountered within the same simulation tick
warn: PowerState: More than one power state change request encountered within the same simulation tick
warn: PowerState: More than one power state change request encountered within the same simulation tick
warn: PowerState: More than one power state change request encountered within the same simulation tick
warn: PowerState: More than one power state change request encountered within the same simulation tick
warn: PowerState: More than one power state change request encountered within the same simulation tick
warn: PowerState: More than one power state change request encountered within the same simulation tick
warn: PowerState: More than one power state change request encountered within the same simulation tick
warn: PowerState: More than one power state change request encountered within the same simulation tick
warn: PowerState: More than one power state change request encountered within the same simulation tick
warn: PowerState: More than one power state change request encountered within the same simulation tick
warn: PowerState: More than one power state change request encountered within the same simulation tick
warn: PowerState: More than one power state change request encountered within the same simulation tick
warn: PowerState: More than one power state change request encountered within the same simulation tick
warn: PowerState: More than one power state change request encountered within the same simulation tick
warn: PowerState: More than one power state change request encountered within the same simulation tick
warn: PowerState: More than one power state change request encountered within the same simulation tick
warn: PowerState: More than one power state change request encountered within the same simulation tick
warn: PowerState: More than one power state change request encountered within the same simulation tick
warn: PowerState: More than one power state change request encountered within the same simulation tick
warn: PowerState: More than one power state change request encountered within the same simulation tick
warn: PowerState: More than one power state change request encountered within the same simulation tick
warn: PowerState: More than one power state change request encountered within the same simulation tick
warn: PowerState: More than one power state change request encountered within the same simulation tick
warn: PowerState: More than one power state change request encountered within the same simulation tick
warn: PowerState: More than one power state change request encountered within the same simulation tick
warn: PowerState: More than one power state change request encountered within the same simulation tick
warn: PowerState: More than one power state change request encountered within the same simulation tick
warn: PowerState: More than one power state change request encountered within the same simulation tick
warn: PowerState: More than one power state change request encountered within the same simulation tick
warn: PowerState: More than one power state change request encountered within the same simulation tick
warn: PowerState: More than one power state change request encountered within the same simulation tick
warn: PowerState: More than one power state change request encountered within the same simulation tick
warn: PowerState: More than one power state change request encountered within the same simulation tick
warn: PowerState: More than one power state change request encountered within the same simulation tick
warn: PowerState: More than one power state change request encountered within the same simulation tick
warn: PowerState: More than one power state change request encountered within the same simulation tick
warn: PowerState: More than one power state change request encountered within the same simulation tick
warn: PowerState: More than one power state change request encountered within the same simulation tick
warn: PowerState: More than one power state change request encountered within the same simulation tick
warn: PowerState: More than one power state change request encountered within the same simulation tick
warn: PowerState: More than one power state change request encountered within the same simulation tick
warn: PowerState: More than one power state change request encountered within the same simulation tick
warn: PowerState: More than one power state change request encountered within the same simulation tick
warn: PowerState: More than one power state change request encountered within the same simulation tick
warn: PowerState: More than one power state change request encountered within the same simulation tick
warn: PowerState: More than one power state change request encountered within the same simulation tick
warn: PowerState: More than one power state change request encountered within the same simulation tick
warn: PowerState: More than one power state change request encountered within the same simulation tick
warn: PowerState: More than one power state change request encountered within the same simulation tick
warn: PowerState: More than one power state change request encountered within the same simulation tick
warn: PowerState: More than one power state change request encountered within the same simulation tick
warn: PowerState: More than one power state change request encountered within the same simulation tick
warn: PowerState: More than one power state change request encountered within the same simulation tick
warn: PowerState: More than one power state change request encountered within the same simulation tick
warn: PowerState: More than one power state change request encountered within the same simulation tick
warn: PowerState: More than one power state change request encountered within the same simulation tick
warn: PowerState: More than one power state change request encountered within the same simulation tick
warn: PowerState: More than one power state change request encountered within the same simulation tick
warn: PowerState: More than one power state change request encountered within the same simulation tick
warn: PowerState: More than one power state change request encountered within the same simulation tick
warn: PowerState: More than one power state change request encountered within the same simulation tick
warn: PowerState: More than one power state change request encountered within the same simulation tick
warn: PowerState: More than one power state change request encountered within the same simulation tick
warn: PowerState: More than one power state change request encountered within the same simulation tick
warn: PowerState: More than one power state change request encountered within the same simulation tick
warn: PowerState: More than one power state change request encountered within the same simulation tick
warn: PowerState: More than one power state change request encountered within the same simulation tick
warn: PowerState: More than one power state change request encountered within the same simulation tick
warn: PowerState: More than one power state change request encountered within the same simulation tick
warn: PowerState: More than one power state change request encountered within the same simulation tick
warn: PowerState: More than one power state change request encountered within the same simulation tick
warn: PowerState: More than one power state change request encountered within the same simulation tick
warn: PowerState: More than one power state change request encountered within the same simulation tick
warn: PowerState: More than one power state change request encountered within the same simulation tick
warn: PowerState: More than one power state change request encountered within the same simulation tick
warn: PowerState: More than one power state change request encountered within the same simulation tick
warn: PowerState: More than one power state change request encountered within the same simulation tick
warn: PowerState: More than one power state change request encountered within the same simulation tick
warn: PowerState: More than one power state change request encountered within the same simulation tick
warn: PowerState: More than one power state change request encountered within the same simulation tick
warn: PowerState: More than one power state change request encountered within the same simulation tick
warn: PowerState: More than one power state change request encountered within the same simulation tick
warn: PowerState: More than one power state change request encountered within the same simulation tick
warn: PowerState: More than one power state change request encountered within the same simulation tick
warn: PowerState: More than one power state change request encountered within the same simulation tick
warn: PowerState: More than one power state change request encountered within the same simulation tick
warn: PowerState: More than one power state change request encountered within the same simulation tick
warn: PowerState: More than one power state change request encountered within the same simulation tick
warn: PowerState: More than one power state change request encountered within the same simulation tick
warn: PowerState: More than one power state change request encountered within the same simulation tick
warn: PowerState: More than one power state change request encountered within the same simulation tick
warn: PowerState: More than one power state change request encountered within the same simulation tick
warn: PowerState: More than one power state change request encountered within the same simulation tick
warn: PowerState: More than one power state change request encountered within the same simulation tick
warn: PowerState: More than one power state change request encountered within the same simulation tick
warn: PowerState: More than one power state change request encountered within the same simulation tick
warn: PowerState: More than one power state change request encountered within the same simulation tick
warn: PowerState: More than one power state change request encountered within the same simulation tick
warn: PowerState: More than one power state change request encountered within the same simulation tick
warn: PowerState: More than one power state change request encountered within the same simulation tick
warn: PowerState: More than one power state change request encountered within the same simulation tick
warn: PowerState: More than one power state change request encountered within the same simulation tick
warn: PowerState: More than one power state change request encountered within the same simulation tick
warn: PowerState: More than one power state change request encountered within the same simulation tick
warn: PowerState: More than one power state change request encountered within the same simulation tick
warn: PowerState: More than one power state change request encountered within the same simulation tick
warn: PowerState: More than one power state change request encountered within the same simulation tick
warn: PowerState: More than one power state change request encountered within the same simulation tick
warn: PowerState: More than one power state change request encountered within the same simulation tick
warn: PowerState: More than one power state change request encountered within the same simulation tick
warn: PowerState: More than one power state change request encountered within the same simulation tick
warn: PowerState: More than one power state change request encountered within the same simulation tick
warn: PowerState: More than one power state change request encountered within the same simulation tick
warn: PowerState: More than one power state change request encountered within the same simulation tick
warn: PowerState: More than one power state change request encountered within the same simulation tick
warn: PowerState: More than one power state change request encountered within the same simulation tick
warn: PowerState: More than one power state change request encountered within the same simulation tick
warn: PowerState: More than one power state change request encountered within the same simulation tick
warn: PowerState: More than one power state change request encountered within the same simulation tick
warn: PowerState: More than one power state change request encountered within the same simulation tick
warn: PowerState: More than one power state change request encountered within the same simulation tick
warn: PowerState: More than one power state change request encountered within the same simulation tick
warn: PowerState: More than one power state change request encountered within the same simulation tick
warn: PowerState: More than one power state change request encountered within the same simulation tick
warn: PowerState: More than one power state change request encountered within the same simulation tick
warn: PowerState: More than one power state change request encountered within the same simulation tick
warn: PowerState: More than one power state change request encountered within the same simulation tick
warn: PowerState: More than one power state change request encountered within the same simulation tick
warn: PowerState: More than one power state change request encountered within the same simulation tick
warn: PowerState: More than one power state change request encountered within the same simulation tick
warn: PowerState: More than one power state change request encountered within the same simulation tick
warn: PowerState: More than one power state change request encountered within the same simulation tick
warn: PowerState: More than one power state change request encountered within the same simulation tick
warn: PowerState: More than one power state change request encountered within the same simulation tick
warn: PowerState: More than one power state change request encountered within the same simulation tick
warn: PowerState: More than one power state change request encountered within the same simulation tick
warn: PowerState: More than one power state change request encountered within the same simulation tick
warn: PowerState: More than one power state change request encountered within the same simulation tick
warn: PowerState: More than one power state change request encountered within the same simulation tick
warn: PowerState: More than one power state change request encountered within the same simulation tick
warn: PowerState: More than one power state change request encountered within the same simulation tick
warn: PowerState: More than one power state change request encountered within the same simulation tick
warn: PowerState: More than one power state change request encountered within the same simulation tick
warn: PowerState: More than one power state change request encountered within the same simulation tick
warn: PowerState: More than one power state change request encountered within the same simulation tick
warn: PowerState: More than one power state change request encountered within the same simulation tick
warn: PowerState: More than one power state change request encountered within the same simulation tick
warn: PowerState: More than one power state change request encountered within the same simulation tick
warn: PowerState: More than one power state change request encountered within the same simulation tick
warn: PowerState: More than one power state change request encountered within the same simulation tick
warn: PowerState: More than one power state change request encountered within the same simulation tick
warn: PowerState: More than one power state change request encountered within the same simulation tick
warn: PowerState: More than one power state change request encountered within the same simulation tick
warn: PowerState: More than one power state change request encountered within the same simulation tick
warn: PowerState: More than one power state change request encountered within the same simulation tick
warn: PowerState: More than one power state change request encountered within the same simulation tick
warn: PowerState: More than one power state change request encountered within the same simulation tick
warn: PowerState: More than one power state change request encountered within the same simulation tick
warn: PowerState: More than one power state change request encountered within the same simulation tick
warn: PowerState: More than one power state change request encountered within the same simulation tick
warn: PowerState: More than one power state change request encountered within the same simulation tick
warn: PowerState: More than one power state change request encountered within the same simulation tick
warn: PowerState: More than one power state change request encountered within the same simulation tick
warn: PowerState: More than one power state change request encountered within the same simulation tick
warn: PowerState: More than one power state change request encountered within the same simulation tick
warn: PowerState: More than one power state change request encountered within the same simulation tick
warn: PowerState: More than one power state change request encountered within the same simulation tick
warn: PowerState: More than one power state change request encountered within the same simulation tick
warn: PowerState: More than one power state change request encountered within the same simulation tick
warn: PowerState: More than one power state change request encountered within the same simulation tick
warn: PowerState: More than one power state change request encountered within the same simulation tick
warn: PowerState: More than one power state change request encountered within the same simulation tick
warn: PowerState: More than one power state change request encountered within the same simulation tick
warn: PowerState: More than one power state change request encountered within the same simulation tick
warn: PowerState: More than one power state change request encountered within the same simulation tick
warn: PowerState: More than one power state change request encountered within the same simulation tick
warn: PowerState: More than one power state change request encountered within the same simulation tick
warn: PowerState: More than one power state change request encountered within the same simulation tick
warn: PowerState: More than one power state change request encountered within the same simulation tick
warn: PowerState: More than one power state change request encountered within the same simulation tick
warn: PowerState: More than one power state change request encountered within the same simulation tick
warn: PowerState: More than one power state change request encountered within the same simulation tick
warn: PowerState: More than one power state change request encountered within the same simulation tick
warn: PowerState: More than one power state change request encountered within the same simulation tick
warn: PowerState: More than one power state change request encountered within the same simulation tick
warn: PowerState: More than one power state change request encountered within the same simulation tick
warn: PowerState: More than one power state change request encountered within the same simulation tick
warn: PowerState: More than one power state change request encountered within the same simulation tick
warn: PowerState: More than one power state change request encountered within the same simulation tick
warn: PowerState: More than one power state change request encountered within the same simulation tick
warn: PowerState: More than one power state change request encountered within the same simulation tick
warn: PowerState: More than one power state change request encountered within the same simulation tick
warn: PowerState: More than one power state change request encountered within the same simulation tick
warn: PowerState: More than one power state change request encountered within the same simulation tick
warn: PowerState: More than one power state change request encountered within the same simulation tick
warn: PowerState: More than one power state change request encountered within the same simulation tick
warn: PowerState: More than one power state change request encountered within the same simulation tick
warn: PowerState: More than one power state change request encountered within the same simulation tick
warn: PowerState: More than one power state change request encountered within the same simulation tick
warn: PowerState: More than one power state change request encountered within the same simulation tick
warn: PowerState: More than one power state change request encountered within the same simulation tick
warn: PowerState: More than one power state change request encountered within the same simulation tick
warn: PowerState: More than one power state change request encountered within the same simulation tick
warn: PowerState: More than one power state change request encountered within the same simulation tick
warn: PowerState: More than one power state change request encountered within the same simulation tick
warn: PowerState: More than one power state change request encountered within the same simulation tick
warn: PowerState: More than one power state change request encountered within the same simulation tick
warn: PowerState: More than one power state change request encountered within the same simulation tick
warn: PowerState: More than one power state change request encountered within the same simulation tick
warn: PowerState: More than one power state change request encountered within the same simulation tick
warn: PowerState: More than one power state change request encountered within the same simulation tick
warn: PowerState: More than one power state change request encountered within the same simulation tick
warn: PowerState: More than one power state change request encountered within the same simulation tick
warn: PowerState: More than one power state change request encountered within the same simulation tick
warn: PowerState: More than one power state change request encountered within the same simulation tick
warn: PowerState: More than one power state change request encountered within the same simulation tick
warn: PowerState: More than one power state change request encountered within the same simulation tick
warn: PowerState: More than one power state change request encountered within the same simulation tick
warn: PowerState: More than one power state change request encountered within the same simulation tick
warn: PowerState: More than one power state change request encountered within the same simulation tick
warn: PowerState: More than one power state change request encountered within the same simulation tick
warn: PowerState: More than one power state change request encountered within the same simulation tick
warn: PowerState: More than one power state change request encountered within the same simulation tick
warn: PowerState: More than one power state change request encountered within the same simulation tick
warn: PowerState: More than one power state change request encountered within the same simulation tick
warn: PowerState: More than one power state change request encountered within the same simulation tick
warn: PowerState: More than one power state change request encountered within the same simulation tick
warn: PowerState: More than one power state change request encountered within the same simulation tick
warn: PowerState: More than one power state change request encountered within the same simulation tick
warn: PowerState: More than one power state change request encountered within the same simulation tick
warn: PowerState: More than one power state change request encountered within the same simulation tick
warn: PowerState: More than one power state change request encountered within the same simulation tick
warn: PowerState: More than one power state change request encountered within the same simulation tick
warn: PowerState: More than one power state change request encountered within the same simulation tick
warn: PowerState: More than one power state change request encountered within the same simulation tick
warn: PowerState: More than one power state change request encountered within the same simulation tick
warn: PowerState: More than one power state change request encountered within the same simulation tick
warn: PowerState: More than one power state change request encountered within the same simulation tick
warn: PowerState: More than one power state change request encountered within the same simulation tick
warn: PowerState: More than one power state change request encountered within the same simulation tick
warn: PowerState: More than one power state change request encountered within the same simulation tick
warn: PowerState: More than one power state change request encountered within the same simulation tick
warn: PowerState: More than one power state change request encountered within the same simulation tick
warn: PowerState: More than one power state change request encountered within the same simulation tick
warn: PowerState: More than one power state change request encountered within the same simulation tick
warn: PowerState: More than one power state change request encountered within the same simulation tick
warn: PowerState: More than one power state change request encountered within the same simulation tick
warn: PowerState: More than one power state change request encountered within the same simulation tick
warn: PowerState: More than one power state change request encountered within the same simulation tick
warn: PowerState: More than one power state change request encountered within the same simulation tick
warn: PowerState: More than one power state change request encountered within the same simulation tick
warn: PowerState: More than one power state change request encountered within the same simulation tick
warn: PowerState: More than one power state change request encountered within the same simulation tick
warn: PowerState: More than one power state change request encountered within the same simulation tick
warn: PowerState: More than one power state change request encountered within the same simulation tick
warn: PowerState: More than one power state change request encountered within the same simulation tick
warn: PowerState: More than one power state change request encountered within the same simulation tick
warn: PowerState: More than one power state change request encountered within the same simulation tick
warn: PowerState: More than one power state change request encountered within the same simulation tick
warn: PowerState: More than one power state change request encountered within the same simulation tick
warn: PowerState: More than one power state change request encountered within the same simulation tick
warn: PowerState: More than one power state change request encountered within the same simulation tick
warn: PowerState: More than one power state change request encountered within the same simulation tick
warn: PowerState: More than one power state change request encountered within the same simulation tick
warn: PowerState: More than one power state change request encountered within the same simulation tick
warn: PowerState: More than one power state change request encountered within the same simulation tick
warn: PowerState: More than one power state change request encountered within the same simulation tick
warn: PowerState: More than one power state change request encountered within the same simulation tick
warn: PowerState: More than one power state change request encountered within the same simulation tick
warn: PowerState: More than one power state change request encountered within the same simulation tick
warn: PowerState: More than one power state change request encountered within the same simulation tick
warn: PowerState: More than one power state change request encountered within the same simulation tick
warn: PowerState: More than one power state change request encountered within the same simulation tick
warn: PowerState: More than one power state change request encountered within the same simulation tick
warn: PowerState: More than one power state change request encountered within the same simulation tick
warn: PowerState: More than one power state change request encountered within the same simulation tick
warn: PowerState: More than one power state change request encountered within the same simulation tick
warn: PowerState: More than one power state change request encountered within the same simulation tick
warn: PowerState: More than one power state change request encountered within the same simulation tick
warn: PowerState: More than one power state change request encountered within the same simulation tick
warn: PowerState: More than one power state change request encountered within the same simulation tick
warn: PowerState: More than one power state change request encountered within the same simulation tick
warn: PowerState: More than one power state change request encountered within the same simulation tick
warn: PowerState: More than one power state change request encountered within the same simulation tick
warn: PowerState: More than one power state change request encountered within the same simulation tick
warn: PowerState: More than one power state change request encountered within the same simulation tick
warn: PowerState: More than one power state change request encountered within the same simulation tick
warn: PowerState: More than one power state change request encountered within the same simulation tick
warn: PowerState: More than one power state change request encountered within the same simulation tick
warn: PowerState: More than one power state change request encountered within the same simulation tick
warn: PowerState: More than one power state change request encountered within the same simulation tick
warn: PowerState: More than one power state change request encountered within the same simulation tick
warn: PowerState: More than one power state change request encountered within the same simulation tick
warn: PowerState: More than one power state change request encountered within the same simulation tick
warn: PowerState: More than one power state change request encountered within the same simulation tick
warn: PowerState: More than one power state change request encountered within the same simulation tick
warn: PowerState: More than one power state change request encountered within the same simulation tick
warn: PowerState: More than one power state change request encountered within the same simulation tick
warn: PowerState: More than one power state change request encountered within the same simulation tick
warn: PowerState: More than one power state change request encountered within the same simulation tick
warn: PowerState: More than one power state change request encountered within the same simulation tick
warn: PowerState: More than one power state change request encountered within the same simulation tick
warn: PowerState: More than one power state change request encountered within the same simulation tick
warn: PowerState: More than one power state change request encountered within the same simulation tick
warn: PowerState: More than one power state change request encountered within the same simulation tick
warn: PowerState: More than one power state change request encountered within the same simulation tick
warn: PowerState: More than one power state change request encountered within the same simulation tick
warn: PowerState: More than one power state change request encountered within the same simulation tick
warn: PowerState: More than one power state change request encountered within the same simulation tick
warn: PowerState: More than one power state change request encountered within the same simulation tick
warn: PowerState: More than one power state change request encountered within the same simulation tick
warn: PowerState: More than one power state change request encountered within the same simulation tick
warn: PowerState: More than one power state change request encountered within the same simulation tick
warn: PowerState: More than one power state change request encountered within the same simulation tick
warn: PowerState: More than one power state change request encountered within the same simulation tick
warn: PowerState: More than one power state change request encountered within the same simulation tick
warn: PowerState: More than one power state change request encountered within the same simulation tick
warn: PowerState: More than one power state change request encountered within the same simulation tick
warn: PowerState: More than one power state change request encountered within the same simulation tick
warn: PowerState: More than one power state change request encountered within the same simulation tick
warn: PowerState: More than one power state change request encountered within the same simulation tick
warn: PowerState: More than one power state change request encountered within the same simulation tick
warn: PowerState: More than one power state change request encountered within the same simulation tick
warn: PowerState: More than one power state change request encountered within the same simulation tick
warn: PowerState: More than one power state change request encountered within the same simulation tick
warn: PowerState: More than one power state change request encountered within the same simulation tick
warn: PowerState: More than one power state change request encountered within the same simulation tick
warn: PowerState: More than one power state change request encountered within the same simulation tick
warn: PowerState: More than one power state change request encountered within the same simulation tick
warn: PowerState: More than one power state change request encountered within the same simulation tick
warn: PowerState: More than one power state change request encountered within the same simulation tick
warn: PowerState: More than one power state change request encountered within the same simulation tick
warn: PowerState: More than one power state change request encountered within the same simulation tick
warn: PowerState: More than one power state change request encountered within the same simulation tick
warn: PowerState: More than one power state change request encountered within the same simulation tick
warn: PowerState: More than one power state change request encountered within the same simulation tick
warn: PowerState: More than one power state change request encountered within the same simulation tick
warn: PowerState: More than one power state change request encountered within the same simulation tick
warn: PowerState: More than one power state change request encountered within the same simulation tick
warn: PowerState: More than one power state change request encountered within the same simulation tick
warn: PowerState: More than one power state change request encountered within the same simulation tick
warn: PowerState: More than one power state change request encountered within the same simulation tick
warn: PowerState: More than one power state change request encountered within the same simulation tick
warn: PowerState: More than one power state change request encountered within the same simulation tick
warn: PowerState: More than one power state change request encountered within the same simulation tick
warn: PowerState: More than one power state change request encountered within the same simulation tick
warn: PowerState: More than one power state change request encountered within the same simulation tick
warn: PowerState: More than one power state change request encountered within the same simulation tick
warn: PowerState: More than one power state change request encountered within the same simulation tick
warn: PowerState: More than one power state change request encountered within the same simulation tick
warn: PowerState: More than one power state change request encountered within the same simulation tick
warn: PowerState: More than one power state change request encountered within the same simulation tick
warn: PowerState: More than one power state change request encountered within the same simulation tick
warn: PowerState: More than one power state change request encountered within the same simulation tick
warn: PowerState: More than one power state change request encountered within the same simulation tick
warn: PowerState: More than one power state change request encountered within the same simulation tick
warn: PowerState: More than one power state change request encountered within the same simulation tick
warn: PowerState: More than one power state change request encountered within the same simulation tick
warn: PowerState: More than one power state change request encountered within the same simulation tick
warn: PowerState: More than one power state change request encountered within the same simulation tick
warn: PowerState: More than one power state change request encountered within the same simulation tick
warn: PowerState: More than one power state change request encountered within the same simulation tick
warn: PowerState: More than one power state change request encountered within the same simulation tick
warn: PowerState: More than one power state change request encountered within the same simulation tick
warn: PowerState: More than one power state change request encountered within the same simulation tick
warn: PowerState: More than one power state change request encountered within the same simulation tick
warn: PowerState: More than one power state change request encountered within the same simulation tick
warn: PowerState: More than one power state change request encountered within the same simulation tick
warn: PowerState: More than one power state change request encountered within the same simulation tick
warn: PowerState: More than one power state change request encountered within the same simulation tick
warn: PowerState: More than one power state change request encountered within the same simulation tick
warn: PowerState: More than one power state change request encountered within the same simulation tick
warn: PowerState: More than one power state change request encountered within the same simulation tick
warn: PowerState: More than one power state change request encountered within the same simulation tick
warn: PowerState: More than one power state change request encountered within the same simulation tick
warn: PowerState: More than one power state change request encountered within the same simulation tick
warn: PowerState: More than one power state change request encountered within the same simulation tick
warn: PowerState: More than one power state change request encountered within the same simulation tick
warn: PowerState: More than one power state change request encountered within the same simulation tick
warn: PowerState: More than one power state change request encountered within the same simulation tick
warn: PowerState: More than one power state change request encountered within the same simulation tick
warn: PowerState: More than one power state change request encountered within the same simulation tick
warn: PowerState: More than one power state change request encountered within the same simulation tick
warn: PowerState: More than one power state change request encountered within the same simulation tick
warn: PowerState: More than one power state change request encountered within the same simulation tick
warn: PowerState: More than one power state change request encountered within the same simulation tick
warn: PowerState: More than one power state change request encountered within the same simulation tick
warn: PowerState: More than one power state change request encountered within the same simulation tick
warn: PowerState: More than one power state change request encountered within the same simulation tick
warn: PowerState: More than one power state change request encountered within the same simulation tick
warn: PowerState: More than one power state change request encountered within the same simulation tick
warn: PowerState: More than one power state change request encountered within the same simulation tick
warn: PowerState: More than one power state change request encountered within the same simulation tick
warn: PowerState: More than one power state change request encountered within the same simulation tick
warn: PowerState: More than one power state change request encountered within the same simulation tick
warn: PowerState: More than one power state change request encountered within the same simulation tick
warn: PowerState: More than one power state change request encountered within the same simulation tick
warn: PowerState: More than one power state change request encountered within the same simulation tick
warn: PowerState: More than one power state change request encountered within the same simulation tick
warn: PowerState: More than one power state change request encountered within the same simulation tick
warn: PowerState: More than one power state change request encountered within the same simulation tick
warn: PowerState: More than one power state change request encountered within the same simulation tick
warn: PowerState: More than one power state change request encountered within the same simulation tick
warn: PowerState: More than one power state change request encountered within the same simulation tick
warn: PowerState: More than one power state change request encountered within the same simulation tick
warn: PowerState: More than one power state change request encountered within the same simulation tick
warn: PowerState: More than one power state change request encountered within the same simulation tick
warn: PowerState: More than one power state change request encountered within the same simulation tick
warn: PowerState: More than one power state change request encountered within the same simulation tick
warn: PowerState: More than one power state change request encountered within the same simulation tick
warn: PowerState: More than one power state change request encountered within the same simulation tick
warn: PowerState: More than one power state change request encountered within the same simulation tick
warn: PowerState: More than one power state change request encountered within the same simulation tick
warn: PowerState: More than one power state change request encountered within the same simulation tick
warn: PowerState: More than one power state change request encountered within the same simulation tick
warn: PowerState: More than one power state change request encountered within the same simulation tick
warn: PowerState: More than one power state change request encountered within the same simulation tick
warn: PowerState: More than one power state change request encountered within the same simulation tick
warn: PowerState: More than one power state change request encountered within the same simulation tick
warn: PowerState: More than one power state change request encountered within the same simulation tick
warn: PowerState: More than one power state change request encountered within the same simulation tick
warn: PowerState: More than one power state change request encountered within the same simulation tick
warn: PowerState: More than one power state change request encountered within the same simulation tick
warn: PowerState: More than one power state change request encountered within the same simulation tick
warn: PowerState: More than one power state change request encountered within the same simulation tick
warn: PowerState: More than one power state change request encountered within the same simulation tick
warn: PowerState: More than one power state change request encountered within the same simulation tick
warn: PowerState: More than one power state change request encountered within the same simulation tick
warn: PowerState: More than one power state change request encountered within the same simulation tick
warn: PowerState: More than one power state change request encountered within the same simulation tick
warn: PowerState: More than one power state change request encountered within the same simulation tick
warn: PowerState: More than one power state change request encountered within the same simulation tick
warn: PowerState: More than one power state change request encountered within the same simulation tick
warn: PowerState: More than one power state change request encountered within the same simulation tick
warn: PowerState: More than one power state change request encountered within the same simulation tick
warn: PowerState: More than one power state change request encountered within the same simulation tick
warn: PowerState: More than one power state change request encountered within the same simulation tick
warn: PowerState: More than one power state change request encountered within the same simulation tick
warn: PowerState: More than one power state change request encountered within the same simulation tick
warn: PowerState: More than one power state change request encountered within the same simulation tick
warn: PowerState: More than one power state change request encountered within the same simulation tick
warn: PowerState: More than one power state change request encountered within the same simulation tick
warn: PowerState: More than one power state change request encountered within the same simulation tick
warn: PowerState: More than one power state change request encountered within the same simulation tick
warn: PowerState: More than one power state change request encountered within the same simulation tick
warn: PowerState: More than one power state change request encountered within the same simulation tick
warn: PowerState: More than one power state change request encountered within the same simulation tick
warn: PowerState: More than one power state change request encountered within the same simulation tick
warn: PowerState: More than one power state change request encountered within the same simulation tick
warn: PowerState: More than one power state change request encountered within the same simulation tick
warn: PowerState: More than one power state change request encountered within the same simulation tick
warn: PowerState: More than one power state change request encountered within the same simulation tick
warn: PowerState: More than one power state change request encountered within the same simulation tick
warn: PowerState: More than one power state change request encountered within the same simulation tick
warn: PowerState: More than one power state change request encountered within the same simulation tick
warn: PowerState: More than one power state change request encountered within the same simulation tick
warn: PowerState: More than one power state change request encountered within the same simulation tick
warn: PowerState: More than one power state change request encountered within the same simulation tick
warn: PowerState: More than one power state change request encountered within the same simulation tick
warn: PowerState: More than one power state change request encountered within the same simulation tick
warn: PowerState: More than one power state change request encountered within the same simulation tick
warn: PowerState: More than one power state change request encountered within the same simulation tick
warn: PowerState: More than one power state change request encountered within the same simulation tick
warn: PowerState: More than one power state change request encountered within the same simulation tick
warn: PowerState: More than one power state change request encountered within the same simulation tick
warn: PowerState: More than one power state change request encountered within the same simulation tick
warn: PowerState: More than one power state change request encountered within the same simulation tick
warn: PowerState: More than one power state change request encountered within the same simulation tick
warn: PowerState: More than one power state change request encountered within the same simulation tick
warn: PowerState: More than one power state change request encountered within the same simulation tick
warn: PowerState: More than one power state change request encountered within the same simulation tick
warn: PowerState: More than one power state change request encountered within the same simulation tick
warn: PowerState: More than one power state change request encountered within the same simulation tick
warn: PowerState: More than one power state change request encountered within the same simulation tick
warn: PowerState: More than one power state change request encountered within the same simulation tick
warn: PowerState: More than one power state change request encountered within the same simulation tick
warn: PowerState: More than one power state change request encountered within the same simulation tick
warn: PowerState: More than one power state change request encountered within the same simulation tick
warn: PowerState: More than one power state change request encountered within the same simulation tick
warn: PowerState: More than one power state change request encountered within the same simulation tick
warn: PowerState: More than one power state change request encountered within the same simulation tick
warn: PowerState: More than one power state change request encountered within the same simulation tick
warn: PowerState: More than one power state change request encountered within the same simulation tick
warn: PowerState: More than one power state change request encountered within the same simulation tick
warn: PowerState: More than one power state change request encountered within the same simulation tick
warn: PowerState: More than one power state change request encountered within the same simulation tick
warn: PowerState: More than one power state change request encountered within the same simulation tick
warn: PowerState: More than one power state change request encountered within the same simulation tick
warn: PowerState: More than one power state change request encountered within the same simulation tick
warn: PowerState: More than one power state change request encountered within the same simulation tick
warn: PowerState: More than one power state change request encountered within the same simulation tick
warn: PowerState: More than one power state change request encountered within the same simulation tick
warn: PowerState: More than one power state change request encountered within the same simulation tick
warn: PowerState: More than one power state change request encountered within the same simulation tick
warn: PowerState: More than one power state change request encountered within the same simulation tick
warn: PowerState: More than one power state change request encountered within the same simulation tick
warn: PowerState: More than one power state change request encountered within the same simulation tick
warn: PowerState: More than one power state change request encountered within the same simulation tick
warn: PowerState: More than one power state change request encountered within the same simulation tick
warn: PowerState: More than one power state change request encountered within the same simulation tick
warn: PowerState: More than one power state change request encountered within the same simulation tick
warn: PowerState: More than one power state change request encountered within the same simulation tick
warn: PowerState: More than one power state change request encountered within the same simulation tick
warn: PowerState: More than one power state change request encountered within the same simulation tick
warn: PowerState: More than one power state change request encountered within the same simulation tick
warn: PowerState: More than one power state change request encountered within the same simulation tick
! src/apps/bench/ripc/src/../../rustbenchs/src/bremote_ipc.rs:124  PERF "remote pingpong with (1 * 128) msgs": 248 cycles (+/- 1 cycles with 1000 runs)

Testing "pingpong_remote32" in src/apps/bench/ripc/src/../../rustbenchs/src/bremote_ipc.rs:
childactivity.rs: /bin/ripc
! src/apps/bench/ripc/src/../../rustbenchs/src/bremote_ipc.rs:166  PERF "remote pingpong with (1 * 256) msgs": 254 cycles (+/- 1 cycles with 1000 runs)

Testing "pingpong_remote64" in src/apps/bench/ripc/src/../../rustbenchs/src/bremote_ipc.rs:
childactivity.rs: /bin/ripc
warn: PowerState: More than one power state change request encountered within the same simulation tick
warn: PowerState: More than one power state change request encountered within the same simulation tick
warn: PowerState: More than one power state change request encountered within the same simulation tick
warn: PowerState: More than one power state change request encountered within the same simulation tick
warn: PowerState: More than one power state change request encountered within the same simulation tick
warn: PowerState: More than one power state change request encountered within the same simulation tick
warn: PowerState: More than one power state change request encountered within the same simulation tick
warn: PowerState: More than one power state change request encountered within the same simulation tick
warn: PowerState: More than one power state change request encountered within the same simulation tick
warn: PowerState: More than one power state change request encountered within the same simulation tick
warn: PowerState: More than one power state change request encountered within the same simulation tick
warn: PowerState: More than one power state change request encountered within the same simulation tick
warn: PowerState: More than one power state change request encountered within the same simulation tick
warn: PowerState: More than one power state change request encountered within the same simulation tick
warn: PowerState: More than one power state change request encountered within the same simulation tick
warn: PowerState: More than one power state change request encountered within the same simulation tick
warn: PowerState: More than one power state change request encountered within the same simulation tick
warn: PowerState: More than one power state change request encountered within the same simulation tick
warn: PowerState: More than one power state change request encountered within the same simulation tick
warn: PowerState: More than one power state change request encountered within the same simulation tick
warn: PowerState: More than one power state change request encountered within the same simulation tick
warn: PowerState: More than one power state change request encountered within the same simulation tick
warn: PowerState: More than one power state change request encountered within the same simulation tick
warn: PowerState: More than one power state change request encountered within the same simulation tick
warn: PowerState: More than one power state change request encountered within the same simulation tick
warn: PowerState: More than one power state change request encountered within the same simulation tick
warn: PowerState: More than one power state change request encountered within the same simulation tick
warn: PowerState: More than one power state change request encountered within the same simulation tick
warn: PowerState: More than one power state change request encountered within the same simulation tick
warn: PowerState: More than one power state change request encountered within the same simulation tick
warn: PowerState: More than one power state change request encountered within the same simulation tick
warn: PowerState: More than one power state change request encountered within the same simulation tick
warn: PowerState: More than one power state change request encountered within the same simulation tick
warn: PowerState: More than one power state change request encountered within the same simulation tick
warn: PowerState: More than one power state change request encountered within the same simulation tick
warn: PowerState: More than one power state change request encountered within the same simulation tick
warn: PowerState: More than one power state change request encountered within the same simulation tick
warn: PowerState: More than one power state change request encountered within the same simulation tick
warn: PowerState: More than one power state change request encountered within the same simulation tick
warn: PowerState: More than one power state change request encountered within the same simulation tick
warn: PowerState: More than one power state change request encountered within the same simulation tick
warn: PowerState: More than one power state change request encountered within the same simulation tick
warn: PowerState: More than one power state change request encountered within the same simulation tick
warn: PowerState: More than one power state change request encountered within the same simulation tick
warn: PowerState: More than one power state change request encountered within the same simulation tick
warn: PowerState: More than one power state change request encountered within the same simulation tick
warn: PowerState: More than one power state change request encountered within the same simulation tick
warn: PowerState: More than one power state change request encountered within the same simulation tick
warn: PowerState: More than one power state change request encountered within the same simulation tick
warn: PowerState: More than one power state change request encountered within the same simulation tick
warn: PowerState: More than one power state change request encountered within the same simulation tick
warn: PowerState: More than one power state change request encountered within the same simulation tick
warn: PowerState: More than one power state change request encountered within the same simulation tick
warn: PowerState: More than one power state change request encountered within the same simulation tick
warn: PowerState: More than one power state change request encountered within the same simulation tick
warn: PowerState: More than one power state change request encountered within the same simulation tick
warn: PowerState: More than one power state change request encountered within the same simulation tick
warn: PowerState: More than one power state change request encountered within the same simulation tick
warn: PowerState: More than one power state change request encountered within the same simulation tick
warn: PowerState: More than one power state change request encountered within the same simulation tick
warn: PowerState: More than one power state change request encountered within the same simulation tick
warn: PowerState: More than one power state change request encountered within the same simulation tick
warn: PowerState: More than one power state change request encountered within the same simulation tick
warn: PowerState: More than one power state change request encountered within the same simulation tick
warn: PowerState: More than one power state change request encountered within the same simulation tick
warn: PowerState: More than one power state change request encountered within the same simulation tick
warn: PowerState: More than one power state change request encountered within the same simulation tick
warn: PowerState: More than one power state change request encountered within the same simulation tick
warn: PowerState: More than one power state change request encountered within the same simulation tick
warn: PowerState: More than one power state change request encountered within the same simulation tick
warn: PowerState: More than one power state change request encountered within the same simulation tick
warn: PowerState: More than one power state change request encountered within the same simulation tick
warn: PowerState: More than one power state change request encountered within the same simulation tick
warn: PowerState: More than one power state change request encountered within the same simulation tick
warn: PowerState: More than one power state change request encountered within the same simulation tick
warn: PowerState: More than one power state change request encountered within the same simulation tick
warn: PowerState: More than one power state change request encountered within the same simulation tick
warn: PowerState: More than one power state change request encountered within the same simulation tick
warn: PowerState: More than one power state change request encountered within the same simulation tick
warn: PowerState: More than one power state change request encountered within the same simulation tick
warn: PowerState: More than one power state change request encountered within the same simulation tick
warn: PowerState: More than one power state change request encountered within the same simulation tick
warn: PowerState: More than one power state change request encountered within the same simulation tick
warn: PowerState: More than one power state change request encountered within the same simulation tick
warn: PowerState: More than one power state change request encountered within the same simulation tick
warn: PowerState: More than one power state change request encountered within the same simulation tick
warn: PowerState: More than one power state change request encountered within the same simulation tick
warn: PowerState: More than one power state change request encountered within the same simulation tick
warn: PowerState: More than one power state change request encountered within the same simulation tick
warn: PowerState: More than one power state change request encountered within the same simulation tick
warn: PowerState: More than one power state change request encountered within the same simulation tick
warn: PowerState: More than one power state change request encountered within the same simulation tick
warn: PowerState: More than one power state change request encountered within the same simulation tick
warn: PowerState: More than one power state change request encountered within the same simulation tick
warn: PowerState: More than one power state change request encountered within the same simulation tick
warn: PowerState: More than one power state change request encountered within the same simulation tick
warn: PowerState: More than one power state change request encountered within the same simulation tick
warn: PowerState: More than one power state change request encountered within the same simulation tick
warn: PowerState: More than one power state change request encountered within the same simulation tick
warn: PowerState: More than one power state change request encountered within the same simulation tick
warn: PowerState: More than one power state change request encountered within the same simulation tick
warn: PowerState: More than one power state change request encountered within the same simulation tick
warn: PowerState: More than one power state change request encountered within the same simulation tick
warn: PowerState: More than one power state change request encountered within the same simulation tick
warn: PowerState: More than one power state change request encountered within the same simulation tick
warn: PowerState: More than one power state change request encountered within the same simulation tick
warn: PowerState: More than one power state change request encountered within the same simulation tick
warn: PowerState: More than one power state change request encountered within the same simulation tick
warn: PowerState: More than one power state change request encountered within the same simulation tick
warn: PowerState: More than one power state change request encountered within the same simulation tick
warn: PowerState: More than one power state change request encountered within the same simulation tick
warn: PowerState: More than one power state change request encountered within the same simulation tick
warn: PowerState: More than one power state change request encountered within the same simulation tick
warn: PowerState: More than one power state change request encountered within the same simulation tick
warn: PowerState: More than one power state change request encountered within the same simulation tick
warn: PowerState: More than one power state change request encountered within the same simulation tick
warn: PowerState: More than one power state change request encountered within the same simulation tick
warn: PowerState: More than one power state change request encountered within the same simulation tick
warn: PowerState: More than one power state change request encountered within the same simulation tick
warn: PowerState: More than one power state change request encountered within the same simulation tick
warn: PowerState: More than one power state change request encountered within the same simulation tick
warn: PowerState: More than one power state change request encountered within the same simulation tick
warn: PowerState: More than one power state change request encountered within the same simulation tick
warn: PowerState: More than one power state change request encountered within the same simulation tick
warn: PowerState: More than one power state change request encountered within the same simulation tick
warn: PowerState: More than one power state change request encountered within the same simulation tick
warn: PowerState: More than one power state change request encountered within the same simulation tick
warn: PowerState: More than one power state change request encountered within the same simulation tick
warn: PowerState: More than one power state change request encountered within the same simulation tick
warn: PowerState: More than one power state change request encountered within the same simulation tick
warn: PowerState: More than one power state change request encountered within the same simulation tick
warn: PowerState: More than one power state change request encountered within the same simulation tick
warn: PowerState: More than one power state change request encountered within the same simulation tick
warn: PowerState: More than one power state change request encountered within the same simulation tick
warn: PowerState: More than one power state change request encountered within the same simulation tick
warn: PowerState: More than one power state change request encountered within the same simulation tick
warn: PowerState: More than one power state change request encountered within the same simulation tick
warn: PowerState: More than one power state change request encountered within the same simulation tick
warn: PowerState: More than one power state change request encountered within the same simulation tick
warn: PowerState: More than one power state change request encountered within the same simulation tick
warn: PowerState: More than one power state change request encountered within the same simulation tick
warn: PowerState: More than one power state change request encountered within the same simulation tick
warn: PowerState: More than one power state change request encountered within the same simulation tick
warn: PowerState: More than one power state change request encountered within the same simulation tick
warn: PowerState: More than one power state change request encountered within the same simulation tick
warn: PowerState: More than one power state change request encountered within the same simulation tick
warn: PowerState: More than one power state change request encountered within the same simulation tick
warn: PowerState: More than one power state change request encountered within the same simulation tick
warn: PowerState: More than one power state change request encountered within the same simulation tick
warn: PowerState: More than one power state change request encountered within the same simulation tick
warn: PowerState: More than one power state change request encountered within the same simulation tick
warn: PowerState: More than one power state change request encountered within the same simulation tick
warn: PowerState: More than one power state change request encountered within the same simulation tick
warn: PowerState: More than one power state change request encountered within the same simulation tick
warn: PowerState: More than one power state change request encountered within the same simulation tick
warn: PowerState: More than one power state change request encountered within the same simulation tick
warn: PowerState: More than one power state change request encountered within the same simulation tick
warn: PowerState: More than one power state change request encountered within the same simulation tick
warn: PowerState: More than one power state change request encountered within the same simulation tick
warn: PowerState: More than one power state change request encountered within the same simulation tick
warn: PowerState: More than one power state change request encountered within the same simulation tick
warn: PowerState: More than one power state change request encountered within the same simulation tick
warn: PowerState: More than one power state change request encountered within the same simulation tick
warn: PowerState: More than one power state change request encountered within the same simulation tick
warn: PowerState: More than one power state change request encountered within the same simulation tick
warn: PowerState: More than one power state change request encountered within the same simulation tick
warn: PowerState: More than one power state change request encountered within the same simulation tick
warn: PowerState: More than one power state change request encountered within the same simulation tick
warn: PowerState: More than one power state change request encountered within the same simulation tick
warn: PowerState: More than one power state change request encountered within the same simulation tick
warn: PowerState: More than one power state change request encountered within the same simulation tick
warn: PowerState: More than one power state change request encountered within the same simulation tick
warn: PowerState: More than one power state change request encountered within the same simulation tick
warn: PowerState: More than one power state change request encountered within the same simulation tick
warn: PowerState: More than one power state change request encountered within the same simulation tick
warn: PowerState: More than one power state change request encountered within the same simulation tick
warn: PowerState: More than one power state change request encountered within the same simulation tick
warn: PowerState: More than one power state change request encountered within the same simulation tick
warn: PowerState: More than one power state change request encountered within the same simulation tick
warn: PowerState: More than one power state change request encountered within the same simulation tick
warn: PowerState: More than one power state change request encountered within the same simulation tick
warn: PowerState: More than one power state change request encountered within the same simulation tick
warn: PowerState: More than one power state change request encountered within the same simulation tick
warn: PowerState: More than one power state change request encountered within the same simulation tick
warn: PowerState: More than one power state change request encountered within the same simulation tick
warn: PowerState: More than one power state change request encountered within the same simulation tick
warn: PowerState: More than one power state change request encountered within the same simulation tick
warn: PowerState: More than one power state change request encountered within the same simulation tick
warn: PowerState: More than one power state change request encountered within the same simulation tick
warn: PowerState: More than one power state change request encountered within the same simulation tick
warn: PowerState: More than one power state change request encountered within the same simulation tick
warn: PowerState: More than one power state change request encountered within the same simulation tick
warn: PowerState: More than one power state change request encountered within the same simulation tick
warn: PowerState: More than one power state change request encountered within the same simulation tick
warn: PowerState: More than one power state change request encountered within the same simulation tick
warn: PowerState: More than one power state change request encountered within the same simulation tick
warn: PowerState: More than one power state change request encountered within the same simulation tick
warn: PowerState: More than one power state change request encountered within the same simulation tick
warn: PowerState: More than one power state change request encountered within the same simulation tick
warn: PowerState: More than one power state change request encountered within the same simulation tick
warn: PowerState: More than one power state change request encountered within the same simulation tick
warn: PowerState: More than one power state change request encountered within the same simulation tick
warn: PowerState: More than one power state change request encountered within the same simulation tick
warn: PowerState: More than one power state change request encountered within the same simulation tick
warn: PowerState: More than one power state change request encountered within the same simulation tick
warn: PowerState: More than one power state change request encountered within the same simulation tick
warn: PowerState: More than one power state change request encountered within the same simulation tick
warn: PowerState: More than one power state change request encountered within the same simulation tick
warn: PowerState: More than one power state change request encountered within the same simulation tick
warn: PowerState: More than one power state change request encountered within the same simulation tick
warn: PowerState: More than one power state change request encountered within the same simulation tick
warn: PowerState: More than one power state change request encountered within the same simulation tick
warn: PowerState: More than one power state change request encountered within the same simulation tick
warn: PowerState: More than one power state change request encountered within the same simulation tick
warn: PowerState: More than one power state change request encountered within the same simulation tick
warn: PowerState: More than one power state change request encountered within the same simulation tick
warn: PowerState: More than one power state change request encountered within the same simulation tick
warn: PowerState: More than one power state change request encountered within the same simulation tick
warn: PowerState: More than one power state change request encountered within the same simulation tick
warn: PowerState: More than one power state change request encountered within the same simulation tick
warn: PowerState: More than one power state change request encountered within the same simulation tick
warn: PowerState: More than one power state change request encountered within the same simulation tick
warn: PowerState: More than one power state change request encountered within the same simulation tick
warn: PowerState: More than one power state change request encountered within the same simulation tick
warn: PowerState: More than one power state change request encountered within the same simulation tick
warn: PowerState: More than one power state change request encountered within the same simulation tick
warn: PowerState: More than one power state change request encountered within the same simulation tick
warn: PowerState: More than one power state change request encountered within the same simulation tick
warn: PowerState: More than one power state change request encountered within the same simulation tick
warn: PowerState: More than one power state change request encountered within the same simulation tick
warn: PowerState: More than one power state change request encountered within the same simulation tick
warn: PowerState: More than one power state change request encountered within the same simulation tick
warn: PowerState: More than one power state change request encountered within the same simulation tick
warn: PowerState: More than one power state change request encountered within the same simulation tick
warn: PowerState: More than one power state change request encountered within the same simulation tick
warn: PowerState: More than one power state change request encountered within the same simulation tick
warn: PowerState: More than one power state change request encountered within the same simulation tick
warn: PowerState: More than one power state change request encountered within the same simulation tick
warn: PowerState: More than one power state change request encountered within the same simulation tick
warn: PowerState: More than one power state change request encountered within the same simulation tick
warn: PowerState: More than one power state change request encountered within the same simulation tick
warn: PowerState: More than one power state change request encountered within the same simulation tick
warn: PowerState: More than one power state change request encountered within the same simulation tick
warn: PowerState: More than one power state change request encountered within the same simulation tick
warn: PowerState: More than one power state change request encountered within the same simulation tick
warn: PowerState: More than one power state change request encountered within the same simulation tick
warn: PowerState: More than one power state change request encountered within the same simulation tick
warn: PowerState: More than one power state change request encountered within the same simulation tick
warn: PowerState: More than one power state change request encountered within the same simulation tick
warn: PowerState: More than one power state change request encountered within the same simulation tick
warn: PowerState: More than one power state change request encountered within the same simulation tick
warn: PowerState: More than one power state change request encountered within the same simulation tick
warn: PowerState: More than one power state change request encountered within the same simulation tick
warn: PowerState: More than one power state change request encountered within the same simulation tick
warn: PowerState: More than one power state change request encountered within the same simulation tick
warn: PowerState: More than one power state change request encountered within the same simulation tick
warn: PowerState: More than one power state change request encountered within the same simulation tick
warn: PowerState: More than one power state change request encountered within the same simulation tick
warn: PowerState: More than one power state change request encountered within the same simulation tick
warn: PowerState: More than one power state change request encountered within the same simulation tick
warn: PowerState: More than one power state change request encountered within the same simulation tick
warn: PowerState: More than one power state change request encountered within the same simulation tick
warn: PowerState: More than one power state change request encountered within the same simulation tick
warn: PowerState: More than one power state change request encountered within the same simulation tick
warn: PowerState: More than one power state change request encountered within the same simulation tick
warn: PowerState: More than one power state change request encountered within the same simulation tick
warn: PowerState: More than one power state change request encountered within the same simulation tick
warn: PowerState: More than one power state change request encountered within the same simulation tick
warn: PowerState: More than one power state change request encountered within the same simulation tick
warn: PowerState: More than one power state change request encountered within the same simulation tick
warn: PowerState: More than one power state change request encountered within the same simulation tick
warn: PowerState: More than one power state change request encountered within the same simulation tick
warn: PowerState: More than one power state change request encountered within the same simulation tick
warn: PowerState: More than one power state change request encountered within the same simulation tick
warn: PowerState: More than one power state change request encountered within the same simulation tick
warn: PowerState: More than one power state change request encountered within the same simulation tick
warn: PowerState: More than one power state change request encountered within the same simulation tick
warn: PowerState: More than one power state change request encountered within the same simulation tick
warn: PowerState: More than one power state change request encountered within the same simulation tick
warn: PowerState: More than one power state change request encountered within the same simulation tick
warn: PowerState: More than one power state change request encountered within the same simulation tick
warn: PowerState: More than one power state change request encountered within the same simulation tick
warn: PowerState: More than one power state change request encountered within the same simulation tick
warn: PowerState: More than one power state change request encountered within the same simulation tick
warn: PowerState: More than one power state change request encountered within the same simulation tick
warn: PowerState: More than one power state change request encountered within the same simulation tick
warn: PowerState: More than one power state change request encountered within the same simulation tick
warn: PowerState: More than one power state change request encountered within the same simulation tick
warn: PowerState: More than one power state change request encountered within the same simulation tick
warn: PowerState: More than one power state change request encountered within the same simulation tick
warn: PowerState: More than one power state change request encountered within the same simulation tick
warn: PowerState: More than one power state change request encountered within the same simulation tick
warn: PowerState: More than one power state change request encountered within the same simulation tick
warn: PowerState: More than one power state change request encountered within the same simulation tick
warn: PowerState: More than one power state change request encountered within the same simulation tick
warn: PowerState: More than one power state change request encountered within the same simulation tick
warn: PowerState: More than one power state change request encountered within the same simulation tick
warn: PowerState: More than one power state change request encountered within the same simulation tick
warn: PowerState: More than one power state change request encountered within the same simulation tick
warn: PowerState: More than one power state change request encountered within the same simulation tick
warn: PowerState: More than one power state change request encountered within the same simulation tick
warn: PowerState: More than one power state change request encountered within the same simulation tick
warn: PowerState: More than one power state change request encountered within the same simulation tick
warn: PowerState: More than one power state change request encountered within the same simulation tick
warn: PowerState: More than one power state change request encountered within the same simulation tick
warn: PowerState: More than one power state change request encountered within the same simulation tick
warn: PowerState: More than one power state change request encountered within the same simulation tick
warn: PowerState: More than one power state change request encountered within the same simulation tick
warn: PowerState: More than one power state change request encountered within the same simulation tick
warn: PowerState: More than one power state change request encountered within the same simulation tick
warn: PowerState: More than one power state change request encountered within the same simulation tick
warn: PowerState: More than one power state change request encountered within the same simulation tick
warn: PowerState: More than one power state change request encountered within the same simulation tick
warn: PowerState: More than one power state change request encountered within the same simulation tick
warn: PowerState: More than one power state change request encountered within the same simulation tick
warn: PowerState: More than one power state change request encountered within the same simulation tick
warn: PowerState: More than one power state change request encountered within the same simulation tick
warn: PowerState: More than one power state change request encountered within the same simulation tick
warn: PowerState: More than one power state change request encountered within the same simulation tick
warn: PowerState: More than one power state change request encountered within the same simulation tick
warn: PowerState: More than one power state change request encountered within the same simulation tick
warn: PowerState: More than one power state change request encountered within the same simulation tick
warn: PowerState: More than one power state change request encountered within the same simulation tick
warn: PowerState: More than one power state change request encountered within the same simulation tick
warn: PowerState: More than one power state change request encountered within the same simulation tick
warn: PowerState: More than one power state change request encountered within the same simulation tick
warn: PowerState: More than one power state change request encountered within the same simulation tick
warn: PowerState: More than one power state change request encountered within the same simulation tick
warn: PowerState: More than one power state change request encountered within the same simulation tick
warn: PowerState: More than one power state change request encountered within the same simulation tick
warn: PowerState: More than one power state change request encountered within the same simulation tick
warn: PowerState: More than one power state change request encountered within the same simulation tick
warn: PowerState: More than one power state change request encountered within the same simulation tick
warn: PowerState: More than one power state change request encountered within the same simulation tick
warn: PowerState: More than one power state change request encountered within the same simulation tick
warn: PowerState: More than one power state change request encountered within the same simulation tick
warn: PowerState: More than one power state change request encountered within the same simulation tick
warn: PowerState: More than one power state change request encountered within the same simulation tick
warn: PowerState: More than one power state change request encountered within the same simulation tick
warn: PowerState: More than one power state change request encountered within the same simulation tick
warn: PowerState: More than one power state change request encountered within the same simulation tick
warn: PowerState: More than one power state change request encountered within the same simulation tick
warn: PowerState: More than one power state change request encountered within the same simulation tick
warn: PowerState: More than one power state change request encountered within the same simulation tick
warn: PowerState: More than one power state change request encountered within the same simulation tick
warn: PowerState: More than one power state change request encountered within the same simulation tick
warn: PowerState: More than one power state change request encountered within the same simulation tick
warn: PowerState: More than one power state change request encountered within the same simulation tick
warn: PowerState: More than one power state change request encountered within the same simulation tick
warn: PowerState: More than one power state change request encountered within the same simulation tick
warn: PowerState: More than one power state change request encountered within the same simulation tick
warn: PowerState: More than one power state change request encountered within the same simulation tick
warn: PowerState: More than one power state change request encountered within the same simulation tick
warn: PowerState: More than one power state change request encountered within the same simulation tick
warn: PowerState: More than one power state change request encountered within the same simulation tick
warn: PowerState: More than one power state change request encountered within the same simulation tick
warn: PowerState: More than one power state change request encountered within the same simulation tick
warn: PowerState: More than one power state change request encountered within the same simulation tick
warn: PowerState: More than one power state change request encountered within the same simulation tick
warn: PowerState: More than one power state change request encountered within the same simulation tick
warn: PowerState: More than one power state change request encountered within the same simulation tick
warn: PowerState: More than one power state change request encountered within the same simulation tick
warn: PowerState: More than one power state change request encountered within the same simulation tick
warn: PowerState: More than one power state change request encountered within the same simulation tick
warn: PowerState: More than one power state change request encountered within the same simulation tick
warn: PowerState: More than one power state change request encountered within the same simulation tick
warn: PowerState: More than one power state change request encountered within the same simulation tick
warn: PowerState: More than one power state change request encountered within the same simulation tick
warn: PowerState: More than one power state change request encountered within the same simulation tick
warn: PowerState: More than one power state change request encountered within the same simulation tick
warn: PowerState: More than one power state change request encountered within the same simulation tick
warn: PowerState: More than one power state change request encountered within the same simulation tick
warn: PowerState: More than one power state change request encountered within the same simulation tick
warn: PowerState: More than one power state change request encountered within the same simulation tick
warn: PowerState: More than one power state change request encountered within the same simulation tick
warn: PowerState: More than one power state change request encountered within the same simulation tick
warn: PowerState: More than one power state change request encountered within the same simulation tick
warn: PowerState: More than one power state change request encountered within the same simulation tick
warn: PowerState: More than one power state change request encountered within the same simulation tick
warn: PowerState: More than one power state change request encountered within the same simulation tick
warn: PowerState: More than one power state change request encountered within the same simulation tick
warn: PowerState: More than one power state change request encountered within the same simulation tick
warn: PowerState: More than one power state change request encountered within the same simulation tick
warn: PowerState: More than one power state change request encountered within the same simulation tick
warn: PowerState: More than one power state change request encountered within the same simulation tick
warn: PowerState: More than one power state change request encountered within the same simulation tick
warn: PowerState: More than one power state change request encountered within the same simulation tick
warn: PowerState: More than one power state change request encountered within the same simulation tick
warn: PowerState: More than one power state change request encountered within the same simulation tick
warn: PowerState: More than one power state change request encountered within the same simulation tick
warn: PowerState: More than one power state change request encountered within the same simulation tick
warn: PowerState: More than one power state change request encountered within the same simulation tick
warn: PowerState: More than one power state change request encountered within the same simulation tick
warn: PowerState: More than one power state change request encountered within the same simulation tick
warn: PowerState: More than one power state change request encountered within the same simulation tick
warn: PowerState: More than one power state change request encountered within the same simulation tick
warn: PowerState: More than one power state change request encountered within the same simulation tick
warn: PowerState: More than one power state change request encountered within the same simulation tick
warn: PowerState: More than one power state change request encountered within the same simulation tick
warn: PowerState: More than one power state change request encountered within the same simulation tick
warn: PowerState: More than one power state change request encountered within the same simulation tick
warn: PowerState: More than one power state change request encountered within the same simulation tick
warn: PowerState: More than one power state change request encountered within the same simulation tick
warn: PowerState: More than one power state change request encountered within the same simulation tick
warn: PowerState: More than one power state change request encountered within the same simulation tick
warn: PowerState: More than one power state change request encountered within the same simulation tick
warn: PowerState: More than one power state change request encountered within the same simulation tick
warn: PowerState: More than one power state change request encountered within the same simulation tick
warn: PowerState: More than one power state change request encountered within the same simulation tick
warn: PowerState: More than one power state change request encountered within the same simulation tick
warn: PowerState: More than one power state change request encountered within the same simulation tick
warn: PowerState: More than one power state change request encountered within the same simulation tick
warn: PowerState: More than one power state change request encountered within the same simulation tick
warn: PowerState: More than one power state change request encountered within the same simulation tick
warn: PowerState: More than one power state change request encountered within the same simulation tick
warn: PowerState: More than one power state change request encountered within the same simulation tick
warn: PowerState: More than one power state change request encountered within the same simulation tick
warn: PowerState: More than one power state change request encountered within the same simulation tick
warn: PowerState: More than one power state change request encountered within the same simulation tick
warn: PowerState: More than one power state change request encountered within the same simulation tick
warn: PowerState: More than one power state change request encountered within the same simulation tick
warn: PowerState: More than one power state change request encountered within the same simulation tick
warn: PowerState: More than one power state change request encountered within the same simulation tick
warn: PowerState: More than one power state change request encountered within the same simulation tick
warn: PowerState: More than one power state change request encountered within the same simulation tick
warn: PowerState: More than one power state change request encountered within the same simulation tick
warn: PowerState: More than one power state change request encountered within the same simulation tick
warn: PowerState: More than one power state change request encountered within the same simulation tick
warn: PowerState: More than one power state change request encountered within the same simulation tick
warn: PowerState: More than one power state change request encountered within the same simulation tick
warn: PowerState: More than one power state change request encountered within the same simulation tick
warn: PowerState: More than one power state change request encountered within the same simulation tick
warn: PowerState: More than one power state change request encountered within the same simulation tick
warn: PowerState: More than one power state change request encountered within the same simulation tick
warn: PowerState: More than one power state change request encountered within the same simulation tick
warn: PowerState: More than one power state change request encountered within the same simulation tick
warn: PowerState: More than one power state change request encountered within the same simulation tick
warn: PowerState: More than one power state change request encountered within the same simulation tick
warn: PowerState: More than one power state change request encountered within the same simulation tick
warn: PowerState: More than one power state change request encountered within the same simulation tick
warn: PowerState: More than one power state change request encountered within the same simulation tick
warn: PowerState: More than one power state change request encountered within the same simulation tick
warn: PowerState: More than one power state change request encountered within the same simulation tick
warn: PowerState: More than one power state change request encountered within the same simulation tick
warn: PowerState: More than one power state change request encountered within the same simulation tick
warn: PowerState: More than one power state change request encountered within the same simulation tick
warn: PowerState: More than one power state change request encountered within the same simulation tick
warn: PowerState: More than one power state change request encountered within the same simulation tick
warn: PowerState: More than one power state change request encountered within the same simulation tick
warn: PowerState: More than one power state change request encountered within the same simulation tick
warn: PowerState: More than one power state change request encountered within the same simulation tick
warn: PowerState: More than one power state change request encountered within the same simulation tick
warn: PowerState: More than one power state change request encountered within the same simulation tick
warn: PowerState: More than one power state change request encountered within the same simulation tick
warn: PowerState: More than one power state change request encountered within the same simulation tick
warn: PowerState: More than one power state change request encountered within the same simulation tick
warn: PowerState: More than one power state change request encountered within the same simulation tick
warn: PowerState: More than one power state change request encountered within the same simulation tick
warn: PowerState: More than one power state change request encountered within the same simulation tick
warn: PowerState: More than one power state change request encountered within the same simulation tick
warn: PowerState: More than one power state change request encountered within the same simulation tick
warn: PowerState: More than one power state change request encountered within the same simulation tick
warn: PowerState: More than one power state change request encountered within the same simulation tick
warn: PowerState: More than one power state change request encountered within the same simulation tick
warn: PowerState: More than one power state change request encountered within the same simulation tick
warn: PowerState: More than one power state change request encountered within the same simulation tick
warn: PowerState: More than one power state change request encountered within the same simulation tick
warn: PowerState: More than one power state change request encountered within the same simulation tick
warn: PowerState: More than one power state change request encountered within the same simulation tick
warn: PowerState: More than one power state change request encountered within the same simulation tick
warn: PowerState: More than one power state change request encountered within the same simulation tick
warn: PowerState: More than one power state change request encountered within the same simulation tick
warn: PowerState: More than one power state change request encountered within the same simulation tick
warn: PowerState: More than one power state change request encountered within the same simulation tick
warn: PowerState: More than one power state change request encountered within the same simulation tick
warn: PowerState: More than one power state change request encountered within the same simulation tick
warn: PowerState: More than one power state change request encountered within the same simulation tick
warn: PowerState: More than one power state change request encountered within the same simulation tick
warn: PowerState: More than one power state change request encountered within the same simulation tick
warn: PowerState: More than one power state change request encountered within the same simulation tick
warn: PowerState: More than one power state change request encountered within the same simulation tick
warn: PowerState: More than one power state change request encountered within the same simulation tick
warn: PowerState: More than one power state change request encountered within the same simulation tick
warn: PowerState: More than one power state change request encountered within the same simulation tick
warn: PowerState: More than one power state change request encountered within the same simulation tick
warn: PowerState: More than one power state change request encountered within the same simulation tick
warn: PowerState: More than one power state change request encountered within the same simulation tick
warn: PowerState: More than one power state change request encountered within the same simulation tick
warn: PowerState: More than one power state change request encountered within the same simulation tick
warn: PowerState: More than one power state change request encountered within the same simulation tick
warn: PowerState: More than one power state change request encountered within the same simulation tick
warn: PowerState: More than one power state change request encountered within the same simulation tick
warn: PowerState: More than one power state change request encountered within the same simulation tick
warn: PowerState: More than one power state change request encountered within the same simulation tick
warn: PowerState: More than one power state change request encountered within the same simulation tick
warn: PowerState: More than one power state change request encountered within the same simulation tick
warn: PowerState: More than one power state change request encountered within the same simulation tick
warn: PowerState: More than one power state change request encountered within the same simulation tick
warn: PowerState: More than one power state change request encountered within the same simulation tick
warn: PowerState: More than one power state change request encountered within the same simulation tick
warn: PowerState: More than one power state change request encountered within the same simulation tick
warn: PowerState: More than one power state change request encountered within the same simulation tick
warn: PowerState: More than one power state change request encountered within the same simulation tick
warn: PowerState: More than one power state change request encountered within the same simulation tick
warn: PowerState: More than one power state change request encountered within the same simulation tick
warn: PowerState: More than one power state change request encountered within the same simulation tick
warn: PowerState: More than one power state change request encountered within the same simulation tick
warn: PowerState: More than one power state change request encountered within the same simulation tick
warn: PowerState: More than one power state change request encountered within the same simulation tick
warn: PowerState: More than one power state change request encountered within the same simulation tick
warn: PowerState: More than one power state change request encountered within the same simulation tick
warn: PowerState: More than one power state change request encountered within the same simulation tick
warn: PowerState: More than one power state change request encountered within the same simulation tick
warn: PowerState: More than one power state change request encountered within the same simulation tick
warn: PowerState: More than one power state change request encountered within the same simulation tick
warn: PowerState: More than one power state change request encountered within the same simulation tick
warn: PowerState: More than one power state change request encountered within the same simulation tick
warn: PowerState: More than one power state change request encountered within the same simulation tick
warn: PowerState: More than one power state change request encountered within the same simulation tick
warn: PowerState: More than one power state change request encountered within the same simulation tick
warn: PowerState: More than one power state change request encountered within the same simulation tick
warn: PowerState: More than one power state change request encountered within the same simulation tick
warn: PowerState: More than one power state change request encountered within the same simulation tick
warn: PowerState: More than one power state change request encountered within the same simulation tick
warn: PowerState: More than one power state change request encountered within the same simulation tick
warn: PowerState: More than one power state change request encountered within the same simulation tick
warn: PowerState: More than one power state change request encountered within the same simulation tick
warn: PowerState: More than one power state change request encountered within the same simulation tick
warn: PowerState: More than one power state change request encountered within the same simulation tick
warn: PowerState: More than one power state change request encountered within the same simulation tick
warn: PowerState: More than one power state change request encountered within the same simulation tick
warn: PowerState: More than one power state change request encountered within the same simulation tick
warn: PowerState: More than one power state change request encountered within the same simulation tick
warn: PowerState: More than one power state change request encountered within the same simulation tick
warn: PowerState: More than one power state change request encountered within the same simulation tick
warn: PowerState: More than one power state change request encountered within the same simulation tick
warn: PowerState: More than one power state change request encountered within the same simulation tick
warn: PowerState: More than one power state change request encountered within the same simulation tick
warn: PowerState: More than one power state change request encountered within the same simulation tick
warn: PowerState: More than one power state change request encountered within the same simulation tick
warn: PowerState: More than one power state change request encountered within the same simulation tick
warn: PowerState: More than one power state change request encountered within the same simulation tick
warn: PowerState: More than one power state change request encountered within the same simulation tick
warn: PowerState: More than one power state change request encountered within the same simulation tick
warn: PowerState: More than one power state change request encountered within the same simulation tick
warn: PowerState: More than one power state change request encountered within the same simulation tick
warn: PowerState: More than one power state change request encountered within the same simulation tick
warn: PowerState: More than one power state change request encountered within the same simulation tick
warn: PowerState: More than one power state change request encountered within the same simulation tick
warn: PowerState: More than one power state change request encountered within the same simulation tick
warn: PowerState: More than one power state change request encountered within the same simulation tick
warn: PowerState: More than one power state change request encountered within the same simulation tick
warn: PowerState: More than one power state change request encountered within the same simulation tick
warn: PowerState: More than one power state change request encountered within the same simulation tick
warn: PowerState: More than one power state change request encountered within the same simulation tick
warn: PowerState: More than one power state change request encountered within the same simulation tick
warn: PowerState: More than one power state change request encountered within the same simulation tick
warn: PowerState: More than one power state change request encountered within the same simulation tick
warn: PowerState: More than one power state change request encountered within the same simulation tick
warn: PowerState: More than one power state change request encountered within the same simulation tick
warn: PowerState: More than one power state change request encountered within the same simulation tick
warn: PowerState: More than one power state change request encountered within the same simulation tick
warn: PowerState: More than one power state change request encountered within the same simulation tick
warn: PowerState: More than one power state change request encountered within the same simulation tick
warn: PowerState: More than one power state change request encountered within the same simulation tick
warn: PowerState: More than one power state change request encountered within the same simulation tick
warn: PowerState: More than one power state change request encountered within the same simulation tick
warn: PowerState: More than one power state change request encountered within the same simulation tick
warn: PowerState: More than one power state change request encountered within the same simulation tick
warn: PowerState: More than one power state change request encountered within the same simulation tick
warn: PowerState: More than one power state change request encountered within the same simulation tick
warn: PowerState: More than one power state change request encountered within the same simulation tick
warn: PowerState: More than one power state change request encountered within the same simulation tick
warn: PowerState: More than one power state change request encountered within the same simulation tick
warn: PowerState: More than one power state change request encountered within the same simulation tick
warn: PowerState: More than one power state change request encountered within the same simulation tick
warn: PowerState: More than one power state change request encountered within the same simulation tick
warn: PowerState: More than one power state change request encountered within the same simulation tick
warn: PowerState: More than one power state change request encountered within the same simulation tick
warn: PowerState: More than one power state change request encountered within the same simulation tick
warn: PowerState: More than one power state change request encountered within the same simulation tick
warn: PowerState: More than one power state change request encountered within the same simulation tick
warn: PowerState: More than one power state change request encountered within the same simulation tick
warn: PowerState: More than one power state change request encountered within the same simulation tick
warn: PowerState: More than one power state change request encountered within the same simulation tick
warn: PowerState: More than one power state change request encountered within the same simulation tick
warn: PowerState: More than one power state change request encountered within the same simulation tick
warn: PowerState: More than one power state change request encountered within the same simulation tick
warn: PowerState: More than one power state change request encountered within the same simulation tick
warn: PowerState: More than one power state change request encountered within the same simulation tick
warn: PowerState: More than one power state change request encountered within the same simulation tick
warn: PowerState: More than one power state change request encountered within the same simulation tick
warn: PowerState: More than one power state change request encountered within the same simulation tick
warn: PowerState: More than one power state change request encountered within the same simulation tick
warn: PowerState: More than one power state change request encountered within the same simulation tick
warn: PowerState: More than one power state change request encountered within the same simulation tick
warn: PowerState: More than one power state change request encountered within the same simulation tick
warn: PowerState: More than one power state change request encountered within the same simulation tick
warn: PowerState: More than one power state change request encountered within the same simulation tick
warn: PowerState: More than one power state change request encountered within the same simulation tick
warn: PowerState: More than one power state change request encountered within the same simulation tick
warn: PowerState: More than one power state change request encountered within the same simulation tick
warn: PowerState: More than one power state change request encountered within the same simulation tick
warn: PowerState: More than one power state change request encountered within the same simulation tick
warn: PowerState: More than one power state change request encountered within the same simulation tick
warn: PowerState: More than one power state change request encountered within the same simulation tick
warn: PowerState: More than one power state change request encountered within the same simulation tick
warn: PowerState: More than one power state change request encountered within the same simulation tick
warn: PowerState: More than one power state change request encountered within the same simulation tick
warn: PowerState: More than one power state change request encountered within the same simulation tick
warn: PowerState: More than one power state change request encountered within the same simulation tick
warn: PowerState: More than one power state change request encountered within the same simulation tick
warn: PowerState: More than one power state change request encountered within the same simulation tick
warn: PowerState: More than one power state change request encountered within the same simulation tick
warn: PowerState: More than one power state change request encountered within the same simulation tick
warn: PowerState: More than one power state change request encountered within the same simulation tick
warn: PowerState: More than one power state change request encountered within the same simulation tick
warn: PowerState: More than one power state change request encountered within the same simulation tick
warn: PowerState: More than one power state change request encountered within the same simulation tick
warn: PowerState: More than one power state change request encountered within the same simulation tick
warn: PowerState: More than one power state change request encountered within the same simulation tick
warn: PowerState: More than one power state change request encountered within the same simulation tick
warn: PowerState: More than one power state change request encountered within the same simulation tick
warn: PowerState: More than one power state change request encountered within the same simulation tick
warn: PowerState: More than one power state change request encountered within the same simulation tick
warn: PowerState: More than one power state change request encountered within the same simulation tick
warn: PowerState: More than one power state change request encountered within the same simulation tick
warn: PowerState: More than one power state change request encountered within the same simulation tick
warn: PowerState: More than one power state change request encountered within the same simulation tick
warn: PowerState: More than one power state change request encountered within the same simulation tick
warn: PowerState: More than one power state change request encountered within the same simulation tick
warn: PowerState: More than one power state change request encountered within the same simulation tick
warn: PowerState: More than one power state change request encountered within the same simulation tick
warn: PowerState: More than one power state change request encountered within the same simulation tick
warn: PowerState: More than one power state change request encountered within the same simulation tick
warn: PowerState: More than one power state change request encountered within the same simulation tick
warn: PowerState: More than one power state change request encountered within the same simulation tick
warn: PowerState: More than one power state change request encountered within the same simulation tick
warn: PowerState: More than one power state change request encountered within the same simulation tick
warn: PowerState: More than one power state change request encountered within the same simulation tick
warn: PowerState: More than one power state change request encountered within the same simulation tick
warn: PowerState: More than one power state change request encountered within the same simulation tick
warn: PowerState: More than one power state change request encountered within the same simulation tick
warn: PowerState: More than one power state change request encountered within the same simulation tick
warn: PowerState: More than one power state change request encountered within the same simulation tick
warn: PowerState: More than one power state change request encountered within the same simulation tick
warn: PowerState: More than one power state change request encountered within the same simulation tick
warn: PowerState: More than one power state change request encountered within the same simulation tick
warn: PowerState: More than one power state change request encountered within the same simulation tick
warn: PowerState: More than one power state change request encountered within the same simulation tick
warn: PowerState: More than one power state change request encountered within the same simulation tick
warn: PowerState: More than one power state change request encountered within the same simulation tick
warn: PowerState: More than one power state change request encountered within the same simulation tick
warn: PowerState: More than one power state change request encountered within the same simulation tick
warn: PowerState: More than one power state change request encountered within the same simulation tick
warn: PowerState: More than one power state change request encountered within the same simulation tick
warn: PowerState: More than one power state change request encountered within the same simulation tick
warn: PowerState: More than one power state change request encountered within the same simulation tick
warn: PowerState: More than one power state change request encountered within the same simulation tick
warn: PowerState: More than one power state change request encountered within the same simulation tick
warn: PowerState: More than one power state change request encountered within the same simulation tick
warn: PowerState: More than one power state change request encountered within the same simulation tick
warn: PowerState: More than one power state change request encountered within the same simulation tick
warn: PowerState: More than one power state change request encountered within the same simulation tick
warn: PowerState: More than one power state change request encountered within the same simulation tick
warn: PowerState: More than one power state change request encountered within the same simulation tick
warn: PowerState: More than one power state change request encountered within the same simulation tick
warn: PowerState: More than one power state change request encountered within the same simulation tick
warn: PowerState: More than one power state change request encountered within the same simulation tick
warn: PowerState: More than one power state change request encountered within the same simulation tick
warn: PowerState: More than one power state change request encountered within the same simulation tick
warn: PowerState: More than one power state change request encountered within the same simulation tick
warn: PowerState: More than one power state change request encountered within the same simulation tick
warn: PowerState: More than one power state change request encountered within the same simulation tick
warn: PowerState: More than one power state change request encountered within the same simulation tick
warn: PowerState: More than one power state change request encountered within the same simulation tick
warn: PowerState: More than one power state change request encountered within the same simulation tick
warn: PowerState: More than one power state change request encountered within the same simulation tick
warn: PowerState: More than one power state change request encountered within the same simulation tick
warn: PowerState: More than one power state change request encountered within the same simulation tick
warn: PowerState: More than one power state change request encountered within the same simulation tick
warn: PowerState: More than one power state change request encountered within the same simulation tick
warn: PowerState: More than one power state change request encountered within the same simulation tick
warn: PowerState: More than one power state change request encountered within the same simulation tick
warn: PowerState: More than one power state change request encountered within the same simulation tick
warn: PowerState: More than one power state change request encountered within the same simulation tick
warn: PowerState: More than one power state change request encountered within the same simulation tick
warn: PowerState: More than one power state change request encountered within the same simulation tick
warn: PowerState: More than one power state change request encountered within the same simulation tick
warn: PowerState: More than one power state change request encountered within the same simulation tick
warn: PowerState: More than one power state change request encountered within the same simulation tick
warn: PowerState: More than one power state change request encountered within the same simulation tick
warn: PowerState: More than one power state change request encountered within the same simulation tick
warn: PowerState: More than one power state change request encountered within the same simulation tick
warn: PowerState: More than one power state change request encountered within the same simulation tick
warn: PowerState: More than one power state change request encountered within the same simulation tick
warn: PowerState: More than one power state change request encountered within the same simulation tick
warn: PowerState: More than one power state change request encountered within the same simulation tick
warn: PowerState: More than one power state change request encountered within the same simulation tick
warn: PowerState: More than one power state change request encountered within the same simulation tick
warn: PowerState: More than one power state change request encountered within the same simulation tick
warn: PowerState: More than one power state change request encountered within the same simulation tick
warn: PowerState: More than one power state change request encountered within the same simulation tick
warn: PowerState: More than one power state change request encountered within the same simulation tick
warn: PowerState: More than one power state change request encountered within the same simulation tick
warn: PowerState: More than one power state change request encountered within the same simulation tick
warn: PowerState: More than one power state change request encountered within the same simulation tick
warn: PowerState: More than one power state change request encountered within the same simulation tick
warn: PowerState: More than one power state change request encountered within the same simulation tick
warn: PowerState: More than one power state change request encountered within the same simulation tick
warn: PowerState: More than one power state change request encountered within the same simulation tick
warn: PowerState: More than one power state change request encountered within the same simulation tick
warn: PowerState: More than one power state change request encountered within the same simulation tick
warn: PowerState: More than one power state change request encountered within the same simulation tick
warn: PowerState: More than one power state change request encountered within the same simulation tick
warn: PowerState: More than one power state change request encountered within the same simulation tick
warn: PowerState: More than one power state change request encountered within the same simulation tick
warn: PowerState: More than one power state change request encountered within the same simulation tick
warn: PowerState: More than one power state change request encountered within the same simulation tick
warn: PowerState: More than one power state change request encountered within the same simulation tick
warn: PowerState: More than one power state change request encountered within the same simulation tick
warn: PowerState: More than one power state change request encountered within the same simulation tick
warn: PowerState: More than one power state change request encountered within the same simulation tick
warn: PowerState: More than one power state change request encountered within the same simulation tick
warn: PowerState: More than one power state change request encountered within the same simulation tick
warn: PowerState: More than one power state change request encountered within the same simulation tick
warn: PowerState: More than one power state change request encountered within the same simulation tick
warn: PowerState: More than one power state change request encountered within the same simulation tick
warn: PowerState: More than one power state change request encountered within the same simulation tick
warn: PowerState: More than one power state change request encountered within the same simulation tick
warn: PowerState: More than one power state change request encountered within the same simulation tick
warn: PowerState: More than one power state change request encountered within the same simulation tick
warn: PowerState: More than one power state change request encountered within the same simulation tick
warn: PowerState: More than one power state change request encountered within the same simulation tick
warn: PowerState: More than one power state change request encountered within the same simulation tick
warn: PowerState: More than one power state change request encountered within the same simulation tick
warn: PowerState: More than one power state change request encountered within the same simulation tick
warn: PowerState: More than one power state change request encountered within the same simulation tick
warn: PowerState: More than one power state change request encountered within the same simulation tick
warn: PowerState: More than one power state change request encountered within the same simulation tick
warn: PowerState: More than one power state change request encountered within the same simulation tick
warn: PowerState: More than one power state change request encountered within the same simulation tick
warn: PowerState: More than one power state change request encountered within the same simulation tick
warn: PowerState: More than one power state change request encountered within the same simulation tick
warn: PowerState: More than one power state change request encountered within the same simulation tick
warn: PowerState: More than one power state change request encountered within the same simulation tick
warn: PowerState: More than one power state change request encountered within the same simulation tick
warn: PowerState: More than one power state change request encountered within the same simulation tick
warn: PowerState: More than one power state change request encountered within the same simulation tick
warn: PowerState: More than one power state change request encountered within the same simulation tick
warn: PowerState: More than one power state change request encountered within the same simulation tick
warn: PowerState: More than one power state change request encountered within the same simulation tick
warn: PowerState: More than one power state change request encountered within the same simulation tick
warn: PowerState: More than one power state change request encountered within the same simulation tick
warn: PowerState: More than one power state change request encountered within the same simulation tick
warn: PowerState: More than one power state change request encountered within the same simulation tick
warn: PowerState: More than one power state change request encountered within the same simulation tick
warn: PowerState: More than one power state change request encountered within the same simulation tick
warn: PowerState: More than one power state change request encountered within the same simulation tick
warn: PowerState: More than one power state change request encountered within the same simulation tick
warn: PowerState: More than one power state change request encountered within the same simulation tick
warn: PowerState: More than one power state change request encountered within the same simulation tick
warn: PowerState: More than one power state change request encountered within the same simulation tick
warn: PowerState: More than one power state change request encountered within the same simulation tick
warn: PowerState: More than one power state change request encountered within the same simulation tick
warn: PowerState: More than one power state change request encountered within the same simulation tick
warn: PowerState: More than one power state change request encountered within the same simulation tick
warn: PowerState: More than one power state change request encountered within the same simulation tick
warn: PowerState: More than one power state change request encountered within the same simulation tick
warn: PowerState: More than one power state change request encountered within the same simulation tick
warn: PowerState: More than one power state change request encountered within the same simulation tick
warn: PowerState: More than one power state change request encountered within the same simulation tick
warn: PowerState: More than one power state change request encountered within the same simulation tick
warn: PowerState: More than one power state change request encountered within the same simulation tick
warn: PowerState: More than one power state change request encountered within the same simulation tick
warn: PowerState: More than one power state change request encountered within the same simulation tick
warn: PowerState: More than one power state change request encountered within the same simulation tick
warn: PowerState: More than one power state change request encountered within the same simulation tick
warn: PowerState: More than one power state change request encountered within the same simulation tick
warn: PowerState: More than one power state change request encountered within the same simulation tick
warn: PowerState: More than one power state change request encountered within the same simulation tick
warn: PowerState: More than one power state change request encountered within the same simulation tick
warn: PowerState: More than one power state change request encountered within the same simulation tick
warn: PowerState: More than one power state change request encountered within the same simulation tick
warn: PowerState: More than one power state change request encountered within the same simulation tick
warn: PowerState: More than one power state change request encountered within the same simulation tick
warn: PowerState: More than one power state change request encountered within the same simulation tick
warn: PowerState: More than one power state change request encountered within the same simulation tick
warn: PowerState: More than one power state change request encountered within the same simulation tick
warn: PowerState: More than one power state change request encountered within the same simulation tick
warn: PowerState: More than one power state change request encountered within the same simulation tick
warn: PowerState: More than one power state change request encountered within the same simulation tick
warn: PowerState: More than one power state change request encountered within the same simulation tick
warn: PowerState: More than one power state change request encountered within the same simulation tick
warn: PowerState: More than one power state change request encountered within the same simulation tick
warn: PowerState: More than one power state change request encountered within the same simulation tick
warn: PowerState: More than one power state change request encountered within the same simulation tick
warn: PowerState: More than one power state change request encountered within the same simulation tick
warn: PowerState: More than one power state change request encountered within the same simulation tick
warn: PowerState: More than one power state change request encountered within the same simulation tick
warn: PowerState: More than one power state change request encountered within the same simulation tick
warn: PowerState: More than one power state change request encountered within the same simulation tick
warn: PowerState: More than one power state change request encountered within the same simulation tick
warn: PowerState: More than one power state change request encountered within the same simulation tick
warn: PowerState: More than one power state change request encountered within the same simulation tick
warn: PowerState: More than one power state change request encountered within the same simulation tick
warn: PowerState: More than one power state change request encountered within the same simulation tick
warn: PowerState: More than one power state change request encountered within the same simulation tick
warn: PowerState: More than one power state change request encountered within the same simulation tick
warn: PowerState: More than one power state change request encountered within the same simulation tick
warn: PowerState: More than one power state change request encountered within the same simulation tick
warn: PowerState: More than one power state change request encountered within the same simulation tick
warn: PowerState: More than one power state change request encountered within the same simulation tick
warn: PowerState: More than one power state change request encountered within the same simulation tick
warn: PowerState: More than one power state change request encountered within the same simulation tick
warn: PowerState: More than one power state change request encountered within the same simulation tick
warn: PowerState: More than one power state change request encountered within the same simulation tick
warn: PowerState: More than one power state change request encountered within the same simulation tick
warn: PowerState: More than one power state change request encountered within the same simulation tick
warn: PowerState: More than one power state change request encountered within the same simulation tick
warn: PowerState: More than one power state change request encountered within the same simulation tick
warn: PowerState: More than one power state change request encountered within the same simulation tick
warn: PowerState: More than one power state change request encountered within the same simulation tick
warn: PowerState: More than one power state change request encountered within the same simulation tick
warn: PowerState: More than one power state change request encountered within the same simulation tick
warn: PowerState: More than one power state change request encountered within the same simulation tick
warn: PowerState: More than one power state change request encountered within the same simulation tick
warn: PowerState: More than one power state change request encountered within the same simulation tick
warn: PowerState: More than one power state change request encountered within the same simulation tick
warn: PowerState: More than one power state change request encountered within the same simulation tick
warn: PowerState: More than one power state change request encountered within the same simulation tick
warn: PowerState: More than one power state change request encountered within the same simulation tick
warn: PowerState: More than one power state change request encountered within the same simulation tick
warn: PowerState: More than one power state change request encountered within the same simulation tick
warn: PowerState: More than one power state change request encountered within the same simulation tick
warn: PowerState: More than one power state change request encountered within the same simulation tick
warn: PowerState: More than one power state change request encountered within the same simulation tick
warn: PowerState: More than one power state change request encountered within the same simulation tick
warn: PowerState: More than one power state change request encountered within the same simulation tick
warn: PowerState: More than one power state change request encountered within the same simulation tick
warn: PowerState: More than one power state change request encountered within the same simulation tick
warn: PowerState: More than one power state change request encountered within the same simulation tick
warn: PowerState: More than one power state change request encountered within the same simulation tick
warn: PowerState: More than one power state change request encountered within the same simulation tick
warn: PowerState: More than one power state change request encountered within the same simulation tick
warn: PowerState: More than one power state change request encountered within the same simulation tick
warn: PowerState: More than one power state change request encountered within the same simulation tick
warn: PowerState: More than one power state change request encountered within the same simulation tick
warn: PowerState: More than one power state change request encountered within the same simulation tick
warn: PowerState: More than one power state change request encountered within the same simulation tick
warn: PowerState: More than one power state change request encountered within the same simulation tick
warn: PowerState: More than one power state change request encountered within the same simulation tick
warn: PowerState: More than one power state change request encountered within the same simulation tick
warn: PowerState: More than one power state change request encountered within the same simulation tick
warn: PowerState: More than one power state change request encountered within the same simulation tick
warn: PowerState: More than one power state change request encountered within the same simulation tick
warn: PowerState: More than one power state change request encountered within the same simulation tick
warn: PowerState: More than one power state change request encountered within the same simulation tick
warn: PowerState: More than one power state change request encountered within the same simulation tick
warn: PowerState: More than one power state change request encountered within the same simulation tick
warn: PowerState: More than one power state change request encountered within the same simulation tick
warn: PowerState: More than one power state change request encountered within the same simulation tick
warn: PowerState: More than one power state change request encountered within the same simulation tick
warn: PowerState: More than one power state change request encountered within the same simulation tick
warn: PowerState: More than one power state change request encountered within the same simulation tick
warn: PowerState: More than one power state change request encountered within the same simulation tick
warn: PowerState: More than one power state change request encountered within the same simulation tick
warn: PowerState: More than one power state change request encountered within the same simulation tick
warn: PowerState: More than one power state change request encountered within the same simulation tick
warn: PowerState: More than one power state change request encountered within the same simulation tick
warn: PowerState: More than one power state change request encountered within the same simulation tick
warn: PowerState: More than one power state change request encountered within the same simulation tick
warn: PowerState: More than one power state change request encountered within the same simulation tick
warn: PowerState: More than one power state change request encountered within the same simulation tick
warn: PowerState: More than one power state change request encountered within the same simulation tick
warn: PowerState: More than one power state change request encountered within the same simulation tick
warn: PowerState: More than one power state change request encountered within the same simulation tick
warn: PowerState: More than one power state change request encountered within the same simulation tick
warn: PowerState: More than one power state change request encountered within the same simulation tick
warn: PowerState: More than one power state change request encountered within the same simulation tick
warn: PowerState: More than one power state change request encountered within the same simulation tick
warn: PowerState: More than one power state change request encountered within the same simulation tick
warn: PowerState: More than one power state change request encountered within the same simulation tick
warn: PowerState: More than one power state change request encountered within the same simulation tick
warn: PowerState: More than one power state change request encountered within the same simulation tick
warn: PowerState: More than one power state change request encountered within the same simulation tick
warn: PowerState: More than one power state change request encountered within the same simulation tick
warn: PowerState: More than one power state change request encountered within the same simulation tick
warn: PowerState: More than one power state change request encountered within the same simulation tick
warn: PowerState: More than one power state change request encountered within the same simulation tick
warn: PowerState: More than one power state change request encountered within the same simulation tick
warn: PowerState: More than one power state change request encountered within the same simulation tick
warn: PowerState: More than one power state change request encountered within the same simulation tick
warn: PowerState: More than one power state change request encountered within the same simulation tick
warn: PowerState: More than one power state change request encountered within the same simulation tick
warn: PowerState: More than one power state change request encountered within the same simulation tick
warn: PowerState: More than one power state change request encountered within the same simulation tick
warn: PowerState: More than one power state change request encountered within the same simulation tick
warn: PowerState: More than one power state change request encountered within the same simulation tick
warn: PowerState: More than one power state change request encountered within the same simulation tick
warn: PowerState: More than one power state change request encountered within the same simulation tick
warn: PowerState: More than one power state change request encountered within the same simulation tick
warn: PowerState: More than one power state change request encountered within the same simulation tick
warn: PowerState: More than one power state change request encountered within the same simulation tick
warn: PowerState: More than one power state change request encountered within the same simulation tick
warn: PowerState: More than one power state change request encountered within the same simulation tick
warn: PowerState: More than one power state change request encountered within the same simulation tick
warn: PowerState: More than one power state change request encountered within the same simulation tick
warn: PowerState: More than one power state change request encountered within the same simulation tick
warn: PowerState: More than one power state change request encountered within the same simulation tick
warn: PowerState: More than one power state change request encountered within the same simulation tick
warn: PowerState: More than one power state change request encountered within the same simulation tick
warn: PowerState: More than one power state change request encountered within the same simulation tick
warn: PowerState: More than one power state change request encountered within the same simulation tick
warn: PowerState: More than one power state change request encountered within the same simulation tick
warn: PowerState: More than one power state change request encountered within the same simulation tick
warn: PowerState: More than one power state change request encountered within the same simulation tick
warn: PowerState: More than one power state change request encountered within the same simulation tick
warn: PowerState: More than one power state change request encountered within the same simulation tick
warn: PowerState: More than one power state change request encountered within the same simulation tick
warn: PowerState: More than one power state change request encountered within the same simulation tick
warn: PowerState: More than one power state change request encountered within the same simulation tick
warn: PowerState: More than one power state change request encountered within the same simulation tick
warn: PowerState: More than one power state change request encountered within the same simulation tick
warn: PowerState: More than one power state change request encountered within the same simulation tick
warn: PowerState: More than one power state change request encountered within the same simulation tick
warn: PowerState: More than one power state change request encountered within the same simulation tick
warn: PowerState: More than one power state change request encountered within the same simulation tick
warn: PowerState: More than one power state change request encountered within the same simulation tick
warn: PowerState: More than one power state change request encountered within the same simulation tick
warn: PowerState: More than one power state change request encountered within the same simulation tick
warn: PowerState: More than one power state change request encountered within the same simulation tick
warn: PowerState: More than one power state change request encountered within the same simulation tick
warn: PowerState: More than one power state change request encountered within the same simulation tick
warn: PowerState: More than one power state change request encountered within the same simulation tick
warn: PowerState: More than one power state change request encountered within the same simulation tick
warn: PowerState: More than one power state change request encountered within the same simulation tick
warn: PowerState: More than one power state change request encountered within the same simulation tick
warn: PowerState: More than one power state change request encountered within the same simulation tick
warn: PowerState: More than one power state change request encountered within the same simulation tick
warn: PowerState: More than one power state change request encountered within the same simulation tick
warn: PowerState: More than one power state change request encountered within the same simulation tick
warn: PowerState: More than one power state change request encountered within the same simulation tick
warn: PowerState: More than one power state change request encountered within the same simulation tick
warn: PowerState: More than one power state change request encountered within the same simulation tick
warn: PowerState: More than one power state change request encountered within the same simulation tick
warn: PowerState: More than one power state change request encountered within the same simulation tick
warn: PowerState: More than one power state change request encountered within the same simulation tick
warn: PowerState: More than one power state change request encountered within the same simulation tick
warn: PowerState: More than one power state change request encountered within the same simulation tick
warn: PowerState: More than one power state change request encountered within the same simulation tick
warn: PowerState: More than one power state change request encountered within the same simulation tick
warn: PowerState: More than one power state change request encountered within the same simulation tick
warn: PowerState: More than one power state change request encountered within the same simulation tick
warn: PowerState: More than one power state change request encountered within the same simulation tick
warn: PowerState: More than one power state change request encountered within the same simulation tick
warn: PowerState: More than one power state change request encountered within the same simulation tick
warn: PowerState: More than one power state change request encountered within the same simulation tick
warn: PowerState: More than one power state change request encountered within the same simulation tick
warn: PowerState: More than one power state change request encountered within the same simulation tick
warn: PowerState: More than one power state change request encountered within the same simulation tick
warn: PowerState: More than one power state change request encountered within the same simulation tick
warn: PowerState: More than one power state change request encountered within the same simulation tick
warn: PowerState: More than one power state change request encountered within the same simulation tick
warn: PowerState: More than one power state change request encountered within the same simulation tick
warn: PowerState: More than one power state change request encountered within the same simulation tick
warn: PowerState: More than one power state change request encountered within the same simulation tick
warn: PowerState: More than one power state change request encountered within the same simulation tick
warn: PowerState: More than one power state change request encountered within the same simulation tick
warn: PowerState: More than one power state change request encountered within the same simulation tick
warn: PowerState: More than one power state change request encountered within the same simulation tick
warn: PowerState: More than one power state change request encountered within the same simulation tick
warn: PowerState: More than one power state change request encountered within the same simulation tick
warn: PowerState: More than one power state change request encountered within the same simulation tick
warn: PowerState: More than one power state change request encountered within the same simulation tick
warn: PowerState: More than one power state change request encountered within the same simulation tick
warn: PowerState: More than one power state change request encountered within the same simulation tick
warn: PowerState: More than one power state change request encountered within the same simulation tick
warn: PowerState: More than one power state change request encountered within the same simulation tick
warn: PowerState: More than one power state change request encountered within the same simulation tick
warn: PowerState: More than one power state change request encountered within the same simulation tick
warn: PowerState: More than one power state change request encountered within the same simulation tick
warn: PowerState: More than one power state change request encountered within the same simulation tick
warn: PowerState: More than one power state change request encountered within the same simulation tick
warn: PowerState: More than one power state change request encountered within the same simulation tick
warn: PowerState: More than one power state change request encountered within the same simulation tick
warn: PowerState: More than one power state change request encountered within the same simulation tick
warn: PowerState: More than one power state change request encountered within the same simulation tick
warn: PowerState: More than one power state change request encountered within the same simulation tick
warn: PowerState: More than one power state change request encountered within the same simulation tick
warn: PowerState: More than one power state change request encountered within the same simulation tick
warn: PowerState: More than one power state change request encountered within the same simulation tick
warn: PowerState: More than one power state change request encountered within the same simulation tick
warn: PowerState: More than one power state change request encountered within the same simulation tick
warn: PowerState: More than one power state change request encountered within the same simulation tick
warn: PowerState: More than one power state change request encountered within the same simulation tick
warn: PowerState: More than one power state change request encountered within the same simulation tick
warn: PowerState: More than one power state change request encountered within the same simulation tick
warn: PowerState: More than one power state change request encountered within the same simulation tick
warn: PowerState: More than one power state change request encountered within the same simulation tick
warn: PowerState: More than one power state change request encountered within the same simulation tick
warn: PowerState: More than one power state change request encountered within the same simulation tick
warn: PowerState: More than one power state change request encountered within the same simulation tick
warn: PowerState: More than one power state change request encountered within the same simulation tick
warn: PowerState: More than one power state change request encountered within the same simulation tick
warn: PowerState: More than one power state change request encountered within the same simulation tick
warn: PowerState: More than one power state change request encountered within the same simulation tick
warn: PowerState: More than one power state change request encountered within the same simulation tick
warn: PowerState: More than one power state change request encountered within the same simulation tick
warn: PowerState: More than one power state change request encountered within the same simulation tick
warn: PowerState: More than one power state change request encountered within the same simulation tick
warn: PowerState: More than one power state change request encountered within the same simulation tick
warn: PowerState: More than one power state change request encountered within the same simulation tick
warn: PowerState: More than one power state change request encountered within the same simulation tick
warn: PowerState: More than one power state change request encountered within the same simulation tick
warn: PowerState: More than one power state change request encountered within the same simulation tick
warn: PowerState: More than one power state change request encountered within the same simulation tick
warn: PowerState: More than one power state change request encountered within the same simulation tick
warn: PowerState: More than one power state change request encountered within the same simulation tick
warn: PowerState: More than one power state change request encountered within the same simulation tick
warn: PowerState: More than one power state change request encountered within the same simulation tick
warn: PowerState: More than one power state change request encountered within the same simulation tick
warn: PowerState: More than one power state change request encountered within the same simulation tick
warn: PowerState: More than one power state change request encountered within the same simulation tick
warn: PowerState: More than one power state change request encountered within the same simulation tick
warn: PowerState: More than one power state change request encountered within the same simulation tick
warn: PowerState: More than one power state change request encountered within the same simulation tick
warn: PowerState: More than one power state change request encountered within the same simulation tick
warn: PowerState: More than one power state change request encountered within the same simulation tick
warn: PowerState: More than one power state change request encountered within the same simulation tick
warn: PowerState: More than one power state change request encountered within the same simulation tick
warn: PowerState: More than one power state change request encountered within the same simulation tick
warn: PowerState: More than one power state change request encountered within the same simulation tick
warn: PowerState: More than one power state change request encountered within the same simulation tick
warn: PowerState: More than one power state change request encountered within the same simulation tick
warn: PowerState: More than one power state change request encountered within the same simulation tick
warn: PowerState: More than one power state change request encountered within the same simulation tick
warn: PowerState: More than one power state change request encountered within the same simulation tick
warn: PowerState: More than one power state change request encountered within the same simulation tick
warn: PowerState: More than one power state change request encountered within the same simulation tick
! src/apps/bench/ripc/src/../../rustbenchs/src/bremote_ipc.rs:208  PERF "remote pingpong with (1 * 512) msgs": 249 cycles (+/- 1 cycles with 1000 runs)

Testing "pingpong_remote128" in src/apps/bench/ripc/src/../../rustbenchs/src/bremote_ipc.rs:
childactivity.rs: /bin/ripc
! src/apps/bench/ripc/src/../../rustbenchs/src/bremote_ipc.rs:252  PERF "remote pingpong with (1 * 1024) msgs": 334 cycles (+/- 1 cycles with 1000 runs)

Testing "pingpong_remote256" in src/apps/bench/ripc/src/../../rustbenchs/src/bremote_ipc.rs:
childactivity.rs: /bin/ripc
! src/apps/bench/ripc/src/../../rustbenchs/src/bremote_ipc.rs:297  PERF "remote pingpong with (1 * 2048) msgs": 379 cycles (+/- 1 cycles with 1000 runs)

Testing "pingpong_remote512" in src/apps/bench/ripc/src/../../rustbenchs/src/bremote_ipc.rs:
childactivity.rs: /bin/ripc
! src/apps/bench/ripc/src/../../rustbenchs/src/bremote_ipc.rs:661  PERF "remote pingpong with (1 * 4096) msgs": 467 cycles (+/- 1 cycles with 1000 runs)

Testing "pingpong_remote1024" in src/apps/bench/ripc/src/../../rustbenchs/src/bremote_ipc.rs:
childactivity.rs: /bin/ripc
! src/apps/bench/ripc/src/../../rustbenchs/src/bremote_ipc.rs:709  PERF "remote pingpong with (1 * 8192) msgs": 656 cycles (+/- 1 cycles with 1000 runs)

Testing "pingpong_remote2048" in src/apps/bench/ripc/src/../../rustbenchs/src/bremote_ipc.rs:
childactivity.rs: /bin/ripc
[0;36m[T5:ripc    @     119628] PANIC at /scratch/harshanavkis/ironbus/M3/src/libs/rust/base/src/serialize/ser.rs:51:9: index out of bounds: the len is 128 but the index is 1[0m
[0;36m[T5:ripc    @     119631] 28
[0m[0;36m[T5:ripc    @     119632] 
[0m[0;36m[T5:ripc    @     119634] Backtrace:
[0m[0;36m[T5:ripc    @     119636]   0x1068a99c
[0m[0;36m[T5:ripc    @     119638]   0x1068a960
[0m[0;36m[T5:ripc    @     119639]   0x10686e1a
[0m[0;36m[T5:ripc    @     119641]   0x10686b36
[0m[0;36m[T5:ripc    @     119642]   0x10694288
[0m[0;36m[T5:ripc    @     119644]   0x106779fc
[0m[0;36m[T5:ripc    @     119645]   0x10694084
[0m[0;36m[T5:ripc    @     119647]   0x1069331a
[0m[0;31m[T0:kernel  @     119673] [37;41m2:pager@3: 5:CREATE_MAP failed: Invalid capability (InvArgs)[0m
[0mChild '/bin/ripc' exited with exitcode 1
[0;32m[T1:root    @     119913] Sending SHUTDOWN to service 1:m3fs
[0m[0;32m[T1:root    @     119927] m3fs: unreg_serv(sel=46)
[0m[0;32m[T1:root    @     119930] Removing service 1:m3fs
[0m[0;32m[T1:root    @     119996] All childs gone. Exiting.
[0m[0;31m[T0:kernel  @     120033] Shutting down
[0mExiting @ tick 120035480000 because m5_exit instruction encountered
stty: 'standard input': Inappropriate ioctl for device
