Building for gem5-riscv-release...
ninja: no work to do.
run/boot-all.xml validates
warn: <orphan SpuSystem>.etherlink already has parent (Previously declared as <orphan SpuSystem>.etherlink).
	Note: etherlink is not a parameter of SpuSystem
gem5 Simulator System.  http://gem5.org
gem5 is copyrighted software; use the --copyright option for details.

gem5 version 21.0.0.0
gem5 compiled May 16 2023 13:50:01
gem5 started May 23 2023 21:40:52
gem5 executing on graham, pid 1938398
command line: platform/gem5/build/RISCV/gem5.opt --outdir=run --debug-file=gem5.log --debug-flags=Tcu config/default.py --cpu-type DerivO3CPU --isa riscv --cmd 'build/gem5-riscv-release/bin/kernel -f build/gem5-riscv-release/bench.img,build/gem5-riscv-release/bin/tilemux,build/gem5-riscv-release/bin/tilemux,build/gem5-riscv-release/bin/tilemux,build/gem5-riscv-release/bin/tilemux,build/gem5-riscv-release/bin/tilemux,build/gem5-riscv-release/bin/tilemux,build/gem5-riscv-release/bin/tilemux,build/gem5-riscv-release/bin/tilemux,build/gem5-riscv-release/bin/tilemux,build/gem5-riscv-release/bin/tilemux,build/gem5-riscv-release/bin/tilemux,build/gem5-riscv-release/bin/tilemux,build/gem5-riscv-release/bin/tilemux,build/gem5-riscv-release/bin/tilemux,build/gem5-riscv-release/bin/tilemux,' --mods run/boot.xml,build/gem5-riscv-release/bin/root,build/gem5-riscv-release/bin/m3fs,build/gem5-riscv-release/bin/pager --cpu-clock=2GHz --sys-clock=2GHz --encr-latency=15 --par-pipe=1 --int-transfer-latency=1000 --rng-latency=0 --sign-latency=0 --sign-ver-latency=0

T00: build/gem5-riscv-release/bin/kernel -f build/gem5-riscv-release/bench.img
     Core =DerivO3CPU riscv @ 2GHz
     TCU  =eps:192, bufsz:2048 B, blocksz:64 B, count:4, tlb:128
     L1i$ =32 KiB (2-way assoc, 4 cycles)
     L1d$ =32 KiB (2-way assoc, 4 cycles)
     L2$  =256 KiB (8-way assoc, 12 cycles)
     Comp =Core -> TCU -> L1$ -> L2$

T01: build/gem5-riscv-release/bin/tilemux
     Core =DerivO3CPU riscv @ 2GHz
     TCU  =eps:192, bufsz:2048 B, blocksz:64 B, count:4, tlb:128
     L1i$ =32 KiB (2-way assoc, 4 cycles)
     L1d$ =32 KiB (2-way assoc, 4 cycles)
     L2$  =256 KiB (8-way assoc, 12 cycles)
     Comp =Core -> TCU -> L1$ -> L2$

T02: build/gem5-riscv-release/bin/tilemux
     Core =DerivO3CPU riscv @ 2GHz
     TCU  =eps:192, bufsz:2048 B, blocksz:64 B, count:4, tlb:128
     L1i$ =32 KiB (2-way assoc, 4 cycles)
     L1d$ =32 KiB (2-way assoc, 4 cycles)
     L2$  =256 KiB (8-way assoc, 12 cycles)
     Comp =Core -> TCU -> L1$ -> L2$

T03: build/gem5-riscv-release/bin/tilemux
     Core =DerivO3CPU riscv @ 2GHz
     TCU  =eps:192, bufsz:2048 B, blocksz:64 B, count:4, tlb:128
     L1i$ =32 KiB (2-way assoc, 4 cycles)
     L1d$ =32 KiB (2-way assoc, 4 cycles)
     L2$  =256 KiB (8-way assoc, 12 cycles)
     Comp =Core -> TCU -> L1$ -> L2$

T04: build/gem5-riscv-release/bin/tilemux
     Core =DerivO3CPU riscv @ 2GHz
     TCU  =eps:192, bufsz:2048 B, blocksz:64 B, count:4, tlb:128
     L1i$ =32 KiB (2-way assoc, 4 cycles)
     L1d$ =32 KiB (2-way assoc, 4 cycles)
     L2$  =256 KiB (8-way assoc, 12 cycles)
     Comp =Core -> TCU -> L1$ -> L2$

T05: build/gem5-riscv-release/bin/tilemux
     Core =DerivO3CPU riscv @ 2GHz
     TCU  =eps:192, bufsz:2048 B, blocksz:64 B, count:4, tlb:128
     L1i$ =32 KiB (2-way assoc, 4 cycles)
     L1d$ =32 KiB (2-way assoc, 4 cycles)
     L2$  =256 KiB (8-way assoc, 12 cycles)
     Comp =Core -> TCU -> L1$ -> L2$

T06: build/gem5-riscv-release/bin/tilemux
     Core =DerivO3CPU riscv @ 2GHz
     TCU  =eps:192, bufsz:2048 B, blocksz:64 B, count:4, tlb:128
     L1i$ =32 KiB (2-way assoc, 4 cycles)
     L1d$ =32 KiB (2-way assoc, 4 cycles)
     L2$  =256 KiB (8-way assoc, 12 cycles)
     Comp =Core -> TCU -> L1$ -> L2$

T07: build/gem5-riscv-release/bin/tilemux
     Core =DerivO3CPU riscv @ 2GHz
     TCU  =eps:192, bufsz:2048 B, blocksz:64 B, count:4, tlb:128
     L1i$ =32 KiB (2-way assoc, 4 cycles)
     L1d$ =32 KiB (2-way assoc, 4 cycles)
     L2$  =256 KiB (8-way assoc, 12 cycles)
     Comp =Core -> TCU -> L1$ -> L2$

T08: build/gem5-riscv-release/bin/tilemux
     Core =DerivO3CPU riscv @ 2GHz
     TCU  =eps:192, bufsz:2048 B, blocksz:64 B, count:4, tlb:128
     L1i$ =32 KiB (2-way assoc, 4 cycles)
     L1d$ =32 KiB (2-way assoc, 4 cycles)
     L2$  =256 KiB (8-way assoc, 12 cycles)
     Comp =Core -> TCU -> L1$ -> L2$

T09: build/gem5-riscv-release/bin/tilemux
     Core =DerivO3CPU riscv @ 2GHz
     TCU  =eps:192, bufsz:2048 B, blocksz:64 B, count:4, tlb:128
     L1i$ =32 KiB (2-way assoc, 4 cycles)
     L1d$ =32 KiB (2-way assoc, 4 cycles)
     L2$  =256 KiB (8-way assoc, 12 cycles)
     Comp =Core -> TCU -> L1$ -> L2$

T10: build/gem5-riscv-release/bin/tilemux
     Core =DerivO3CPU riscv @ 2GHz
     TCU  =eps:192, bufsz:2048 B, blocksz:64 B, count:4, tlb:128
     L1i$ =32 KiB (2-way assoc, 4 cycles)
     L1d$ =32 KiB (2-way assoc, 4 cycles)
     L2$  =256 KiB (8-way assoc, 12 cycles)
     Comp =Core -> TCU -> L1$ -> L2$

T11: build/gem5-riscv-release/bin/tilemux
     Core =DerivO3CPU riscv @ 2GHz
     TCU  =eps:192, bufsz:2048 B, blocksz:64 B, count:4, tlb:128
     L1i$ =32 KiB (2-way assoc, 4 cycles)
     L1d$ =32 KiB (2-way assoc, 4 cycles)
     L2$  =256 KiB (8-way assoc, 12 cycles)
     Comp =Core -> TCU -> L1$ -> L2$

T12: build/gem5-riscv-release/bin/tilemux
     Core =DerivO3CPU riscv @ 2GHz
     TCU  =eps:192, bufsz:2048 B, blocksz:2048 B, count:4, tlb:0
     imem =32768 KiB
     Comp =Core -> TCU -> SPM

T13: build/gem5-riscv-release/bin/tilemux
     Core =DerivO3CPU riscv @ 2GHz
     TCU  =eps:192, bufsz:2048 B, blocksz:2048 B, count:4, tlb:0
     imem =32768 KiB
     Comp =Core -> TCU -> SPM

T14: build/gem5-riscv-release/bin/tilemux
     Core =DerivO3CPU riscv @ 2GHz
     TCU  =eps:192, bufsz:2048 B, blocksz:2048 B, count:4, tlb:0
     imem =32768 KiB
     Comp =Core -> TCU -> SPM

T15: build/gem5-riscv-release/bin/tilemux
     Core =DerivO3CPU riscv @ 2GHz
     TCU  =eps:192, bufsz:2048 B, blocksz:2048 B, count:4, tlb:0
     imem =32768 KiB
     Comp =Core -> TCU -> SPM

T16: IGbE_e1000
     TCU  =eps:192, bufsz:2048 B, blocksz:2048 B, count:4, tlb:0
     Comp =TCU -> Proxy -> NIC

T17: IGbE_e1000
     TCU  =eps:192, bufsz:2048 B, blocksz:2048 B, count:4, tlb:0
     Comp =TCU -> Proxy -> NIC

T18: rot13 accelerator @ 2GHz
     TCU  =eps:192, bufsz:2048 B, blocksz:2048 B, count:4, tlb:0
     imem =2048 KiB
     Comp =Core -> TCU -> SPM

T19: rot13 accelerator @ 2GHz
     TCU  =eps:192, bufsz:2048 B, blocksz:2048 B, count:4, tlb:0
     imem =2048 KiB
     Comp =Core -> TCU -> SPM

T20: build/gem5-riscv-release/bin/tilemux
     Core =DerivO3CPU riscv @ 2GHz
     TCU  =eps:192, bufsz:2048 B, blocksz:2048 B, count:4, tlb:0
     imem =32768 KiB
     Comp =Core -> TCU -> SPM

T21: SerialInput
     TCU  =eps:192, bufsz:2048 B, blocksz:2048 B, count:4, tlb:0
     Comp =TCU -> SerialInput

T22: build/gem5-riscv-release/bench.img x 1
     TCU  =eps:192, bufsz:2048 B, blocksz:2048 B, count:8, tlb:0
     imem =3145728 KiB
     Comp =TCU -> DRAM

Global frequency set at 1000000000000 ticks per second
warn: No dot file generated. Please install pydot to generate the dot file and pdf.
Gem5 Terminal started; Quit via Ctrl+]
warn: DRAM device capacity (49152 Mbytes) does not match the address range assigned (4096 Mbytes)
platform.com_1.device: Listening for connections on port 3456
0: T00.remote_gdb: listening for remote gdb on port 7000
0: T01.remote_gdb: listening for remote gdb on port 7001
0: T02.remote_gdb: listening for remote gdb on port 7002
0: T03.remote_gdb: listening for remote gdb on port 7003
0: T04.remote_gdb: listening for remote gdb on port 7004
0: T05.remote_gdb: listening for remote gdb on port 7005
0: T06.remote_gdb: listening for remote gdb on port 7006
0: T07.remote_gdb: listening for remote gdb on port 7007
0: T08.remote_gdb: listening for remote gdb on port 7008
0: T09.remote_gdb: listening for remote gdb on port 7009
0: T10.remote_gdb: listening for remote gdb on port 7010
0: T11.remote_gdb: listening for remote gdb on port 7011
0: T12.remote_gdb: listening for remote gdb on port 7012
0: T13.remote_gdb: listening for remote gdb on port 7013
0: T14.remote_gdb: listening for remote gdb on port 7014
0: T15.remote_gdb: listening for remote gdb on port 7015
warn: CoherentXBar T16.xbar has no snooping ports attached!
warn: CoherentXBar T17.xbar has no snooping ports attached!
warn: CoherentXBar T18.xbar has no snooping ports attached!
warn: CoherentXBar T19.xbar has no snooping ports attached!
0: T20.remote_gdb: listening for remote gdb on port 7016
warn: CoherentXBar T21.xbar has no snooping ports attached!
warn: CoherentXBar T22.xbar has no snooping ports attached!
info: Loaded 'boot.xml' to 0x9600000030000000 .. 0x960000003000031a
info: Loaded 'root' to 0x9600000030001000 .. 0x96000000300766e8
info: Loaded 'm3fs' to 0x9600000030077000 .. 0x96000000300cd2e0
info: Loaded 'pager' to 0x96000000300ce000 .. 0x960000003014cb38
info: Entering event queue @ 0.  Starting simulation...
warn: T12.spm: address out-of-range: 0
warn: T0,PMP-EP65535: invalid EP
warn: T11,PMP-EP65535: invalid EP
warn: T10,PMP-EP65535: invalid EP
warn: T9,PMP-EP65535: invalid EP
warn: T8,PMP-EP65535: invalid EP
warn: T7,PMP-EP65535: invalid EP
warn: T6,PMP-EP65535: invalid EP
warn: T5,PMP-EP65535: invalid EP
warn: T4,PMP-EP65535: invalid EP
warn: T3,PMP-EP65535: invalid EP
warn: T2,PMP-EP65535: invalid EP
warn: T1,PMP-EP65535: invalid EP
warn: T3,PMP-EP65535: invalid EP
warn: T11,PMP-EP65535: invalid EP
warn: T10,PMP-EP65535: invalid EP
warn: T8,PMP-EP65535: invalid EP
warn: T1,PMP-EP65535: invalid EP
warn: T4,PMP-EP65535: invalid EP
warn: T9,PMP-EP65535: invalid EP
warn: T2,PMP-EP65535: invalid EP
warn: T5,PMP-EP65535: invalid EP
warn: T6,PMP-EP65535: invalid EP
warn: T7,PMP-EP65535: invalid EP
warn: T0,PMP-EP3: invalid EP
warn: T0,PMP-EP65535: invalid EP
[0;31m[T0:kernel  @        173] Entered raw mode; Quit via Ctrl+]
[0mwarn: T10,PMP-EP65535: invalid EP
warn: T10,PMP-EP65535: invalid EP
warn: T10,PMP-EP65535: invalid EP
warn: T8,PMP-EP65535: invalid EP
warn: T8,PMP-EP65535: invalid EP
warn: T8,PMP-EP65535: invalid EP
warn: T3,PMP-EP65535: invalid EP
warn: T3,PMP-EP65535: invalid EP
warn: T3,PMP-EP65535: invalid EP
warn: T10,PMP-EP65535: invalid EP
warn: T9,PMP-EP65535: invalid EP
warn: T9,PMP-EP65535: invalid EP
warn: T9,PMP-EP65535: invalid EP
warn: T11,PMP-EP65535: invalid EP
warn: T11,PMP-EP65535: invalid EP
warn: T11,PMP-EP65535: invalid EP
warn: T6,PMP-EP65535: invalid EP
warn: T6,PMP-EP65535: invalid EP
warn: T6,PMP-EP65535: invalid EP
warn: T1,PMP-EP65535: invalid EP
warn: T1,PMP-EP65535: invalid EP
warn: T1,PMP-EP65535: invalid EP
warn: T2,PMP-EP65535: invalid EP
warn: T2,PMP-EP65535: invalid EP
warn: T2,PMP-EP65535: invalid EP
warn: T4,PMP-EP65535: invalid EP
warn: T4,PMP-EP65535: invalid EP
warn: T4,PMP-EP65535: invalid EP
warn: T8,PMP-EP65535: invalid EP
warn: T3,PMP-EP65535: invalid EP
warn: T5,PMP-EP65535: invalid EP
warn: T5,PMP-EP65535: invalid EP
warn: T5,PMP-EP65535: invalid EP
warn: T9,PMP-EP65535: invalid EP
warn: T7,PMP-EP65535: invalid EP
warn: T7,PMP-EP65535: invalid EP
warn: T7,PMP-EP65535: invalid EP
warn: T11,PMP-EP65535: invalid EP
warn: T6,PMP-EP65535: invalid EP
warn: T1,PMP-EP65535: invalid EP
warn: T2,PMP-EP65535: invalid EP
warn: T4,PMP-EP65535: invalid EP
warn: T5,PMP-EP65535: invalid EP
warn: T7,PMP-EP65535: invalid EP
[0;31m[T0:kernel  @        957] Attesting tile: 1
[0m[0;31m[T0:kernel  @       5463] Attestation complete: 1, 8997165 cycles
[0m[0;31m[T0:kernel  @       6094] Attesting tile: 2
[0m[0;31m[T0:kernel  @      10575] Attestation complete: 2, 8957822 cycles
[0m[0;31m[T0:kernel  @      11206] Attesting tile: 3
[0m[0;31m[T0:kernel  @      15685] Attestation complete: 3, 8955747 cycles
[0m[0;31m[T0:kernel  @      16315] Attesting tile: 4
[0m[0;31m[T0:kernel  @      20795] Attestation complete: 4, 8956579 cycles
[0m[0;31m[T0:kernel  @      21425] Attesting tile: 5
[0m[0;31m[T0:kernel  @      25907] Attestation complete: 5, 8961220 cycles
[0m[0;31m[T0:kernel  @      26536] Attesting tile: 6
[0m[0;31m[T0:kernel  @      31017] Attestation complete: 6, 8957412 cycles
[0m[0;31m[T0:kernel  @      31646] Attesting tile: 7
[0m[0;31m[T0:kernel  @      36127] Attestation complete: 7, 8957896 cycles
[0m[0;31m[T0:kernel  @      36757] Attesting tile: 8
[0m[0;31m[T0:kernel  @      41237] Attestation complete: 8, 8956640 cycles
[0m[0;31m[T0:kernel  @      41866] Attesting tile: 9
[0m[0;31m[T0:kernel  @      46346] Attestation complete: 9, 8956266 cycles
[0m[0;31m[T0:kernel  @      46976] Attesting tile: 10
[0m[0;31m[T0:kernel  @      51456] Attestation complete: 10, 8956479 cycles
[0m[0;31m[T0:kernel  @      52085] Attesting tile: 11
[0m[0;31m[T0:kernel  @      56565] Attestation complete: 11, 8956097 cycles
[0m[0;31m[T0:kernel  @      57195] Attesting tile: 12
[0m[0;31m[T0:kernel  @      61675] Attestation complete: 12, 8956448 cycles
[0m[0;31m[T0:kernel  @      62304] Attesting tile: 13
[0m[0;31m[T0:kernel  @      66784] Attestation complete: 13, 8956596 cycles
[0m[0;31m[T0:kernel  @      67414] Attesting tile: 14
[0m[0;31m[T0:kernel  @      71894] Attestation complete: 14, 8956450 cycles
[0m[0;31m[T0:kernel  @      72523] Attesting tile: 15
[0m[0;31m[T0:kernel  @      77004] Attestation complete: 15, 8958243 cycles
[0m[0;31m[T0:kernel  @      77633] Attesting tile: 16
[0m[0;31m[T0:kernel  @      82113] Attestation complete: 16, 8955373 cycles
[0m[0;31m[T0:kernel  @      82742] Attesting tile: 17
[0m[0;31m[T0:kernel  @      87221] Attestation complete: 17, 8954088 cycles
[0m[0;31m[T0:kernel  @      87851] Attesting tile: 18
[0m[0;31m[T0:kernel  @      92331] Attestation complete: 18, 8957723 cycles
[0m[0;31m[T0:kernel  @      92961] Attesting tile: 19
[0m[0;31m[T0:kernel  @      97440] Attestation complete: 19, 8954573 cycles
[0m[0;31m[T0:kernel  @      98069] Attesting tile: 20
[0m[0;31m[T0:kernel  @     102549] Attestation complete: 20, 8954746 cycles
[0m[0;31m[T0:kernel  @     103178] Attesting tile: 21
[0m[0;31m[T0:kernel  @     107657] Attestation complete: 21, 8954376 cycles
[0m[0;31m[T0:kernel  @     107663] Attesting tile: 22
[0m[0;31m[T0:kernel  @     112143] Attestation complete: 22, 8956529 cycles
[0m[0;31m[T0:kernel  @     112146] Attesting tile: 22
[0m[0;31m[T0:kernel  @     116626] Attestation complete: 22, 8956704 cycles
[0m[0;31m[T0:kernel  @     116629] Attesting tile: 22
[0m[0;31m[T0:kernel  @     121108] Attestation complete: 22, 8955586 cycles
[0m[0;31m[T0:kernel  @     121111] Attesting tile: 22
[0m[0;31m[T0:kernel  @     125592] Attestation complete: 22, 8957321 cycles
[0m[0;31m[T0:kernel  @     125868] Kernel is ready!
[0m[0;32m[T1:root    @     126719] Boot modules:
[0m[0;32m[T1:root    @     126743]   Mod[addr: G[Tile22+0x30000000], size: 0x31a, name: boot.xml]
[0m[0;32m[T1:root    @     126747]   Mod[addr: G[Tile22+0x30001000], size: 0x756e8, name: root]
[0m[0;32m[T1:root    @     126751]   Mod[addr: G[Tile22+0x30077000], size: 0x562e0, name: m3fs]
[0m[0;32m[T1:root    @     126754]   Mod[addr: G[Tile22+0x300ce000], size: 0x7eb38, name: pager]
[0m[0;32m[T1:root    @     126756] Available tiles:
[0m[0;32m[T1:root    @     126773]   Tile01: COMP_EMEM RISCV (empty) 0 KiB memory
[0m[0;32m[T1:root    @     126780]   Tile02: COMP_EMEM RISCV (empty) 0 KiB memory
[0m[0;32m[T1:root    @     126783]   Tile03: COMP_EMEM RISCV (empty) 0 KiB memory
[0m[0;32m[T1:root    @     126786]   Tile04: COMP_EMEM RISCV (empty) 0 KiB memory
[0m[0;32m[T1:root    @     126789]   Tile05: COMP_EMEM RISCV (empty) 0 KiB memory
[0m[0;32m[T1:root    @     126793]   Tile06: COMP_EMEM RISCV (empty) 0 KiB memory
[0m[0;32m[T1:root    @     126796]   Tile07: COMP_EMEM RISCV (empty) 0 KiB memory
[0m[0;32m[T1:root    @     126800]   Tile08: COMP_EMEM RISCV (empty) 0 KiB memory
[0m[0;32m[T1:root    @     126803]   Tile09: COMP_EMEM RISCV (empty) 0 KiB memory
[0m[0;32m[T1:root    @     126807]   Tile10: COMP_EMEM RISCV (empty) 0 KiB memory
[0m[0;32m[T1:root    @     126810]   Tile11: COMP_EMEM RISCV (empty) 0 KiB memory
[0m[0;32m[T1:root    @     126813]   Tile12: COMP_IMEM RISCV (empty) 32768 KiB memory
[0m[0;32m[T1:root    @     126816]   Tile13: COMP_IMEM RISCV (empty) 32768 KiB memory
[0m[0;32m[T1:root    @     126819]   Tile14: COMP_IMEM RISCV (empty) 32768 KiB memory
[0m[0;32m[T1:root    @     126826]   Tile15: COMP_IMEM RISCV (empty) 32768 KiB memory
[0m[0;32m[T1:root    @     126829]   Tile16: COMP_IMEM NIC_DEV (empty) 0 KiB memory
[0m[0;32m[T1:root    @     126832]   Tile17: COMP_IMEM NIC_DEV (empty) 0 KiB memory
[0m[0;32m[T1:root    @     126836]   Tile18: COMP_IMEM ACCEL_ROT13 (empty) 2048 KiB memory
[0m[0;32m[T1:root    @     126839]   Tile19: COMP_IMEM ACCEL_ROT13 (empty) 2048 KiB memory
[0m[0;32m[T1:root    @     126844]   Tile20: COMP_IMEM RISCV KECACC 32768 KiB memory
[0m[0;32m[T1:root    @     126847]   Tile21: COMP_IMEM SERIAL_DEV (empty) 0 KiB memory
[0m[0;32m[T1:root    @     126856] Available memory:
[0m[0;32m[T1:root    @     126867]   MemMod[sel: 30, res: true, addr: G[Tile22+0x0], size: 1200 MiB]
[0m[0;32m[T1:root    @     126872]   MemMod[sel: 31, res: false, addr: G[Tile22+0x4f600000], size: 959 MiB]
[0m[0;32m[T1:root    @     126877] Parsed Config [
[0m[0;32m[T1:root    @     126883]   root [
[0m[0;32m[T1:root    @     126898]     Domain on core [
[0m[0;32m[T1:root    @     126900]       m3fs mem 268435456 [
[0m[0;32m[T1:root    @     126902]         Daemon,
[0m[0;32m[T1:root    @     126912]         PhysMem[addr=0x0, size=0x40000 KiB, perm=R | W | X | RW | RWX],
[0m[0;32m[T1:root    @     126918]         Service[lname='m3fs', gname='m3fs'],
[0m[0;32m[T1:root    @     126921]       ]
[0m[0;32m[T1:root    @     126923]     ]
[0m[0;32m[T1:root    @     126925]     Domain on core [
[0m[0;32m[T1:root    @     126928]       pager 268435456 [
[0m[0;32m[T1:root    @     126931]         PhysMem[addr=0x0, size=0x40000 KiB, perm=R],
[0m[0;32m[T1:root    @     126936]         Session[lname='m3fs', gname='m3fs', arg='', dep=true],
[0m[0;32m[T1:root    @     126941]         Tile[type=boom|core, count=1, optional=false],
[0m[0;32m[T1:root    @     126944]         Domain on boom|core [
[0m[0;32m[T1:root    @     126946]           /bin/ripc [
[0m[0;32m[T1:root    @     126950]             TimeSlice[1000000000 ns],
[0m[0;32m[T1:root    @     126954]             Mount[fs='m3fs', path='/'],
[0m[0;32m[T1:root    @     126957]             Tile[type=boom|core, count=1, optional=false],
[0m[0;32m[T1:root    @     126960]           ]
[0m[0;32m[T1:root    @     126961]         ]
[0m[0;32m[T1:root    @     126963]       ]
[0m[0;32m[T1:root    @     126965]     ]
[0m[0;32m[T1:root    @     126966]   ]
[0m[0;32m[T1:root    @     126968] ]
[0m[0;32m[T1:root    @     126969] 
[0m[0;32m[T1:root    @     128383] Starting boot module 'm3fs' on tile2 with arguments ["mem", "268435456"]
[0m[0;32m[T1:root    @     129867] m3fs: reg_serv(srv_sel=46, sgate_sel=50, name=m3fs, sessions=32)
[0m[0;32m[T1:root    @     129879] Creating service 1:m3fs
[0m[0;32m[T1:root    @     130054] Starting boot module 'pager' on tile3 with arguments ["268435456"]
[0m[0;34m[T3:pager   @     130719] Boot modules:
[0m[0;34m[T3:pager   @     130743]   Mod[addr: G[Tile22+0x77601000], size: 0x1fc, name: boot.xml]
[0m[0;34m[T3:pager   @     130748] Available tiles:
[0m[0;34m[T3:pager   @     130763]   Tile03: COMP_EMEM RISCV (empty) 0 KiB memory
[0m[0;34m[T3:pager   @     130770]   Tile04: COMP_EMEM RISCV (empty) 0 KiB memory
[0m[0;34m[T3:pager   @     130776] Available memory:
[0m[0;34m[T3:pager   @     130789]   MemMod[sel: 8, res: false, addr: G[Tile22+0x63800000], size: 159 MiB]
[0m[0;32m[T1:root    @     130824] pager: open_sess(dst_sel=59, name=m3fs)
[0m[0;32m[T1:root    @     132072] pager: Ok(8:ALLOC_TILE) failed: NotFound
[0m[0;34m[T3:pager   @     132631] Starting boot module '/bin/ripc' on tile5 with arguments []
[0mRunning test suite bremote_ipc::run ...

Testing "pingpong_remote8" in src/apps/bench/ripc/src/../../rustbenchs/src/bremote_ipc.rs:
childactivity.rs: /bin/ripc
! src/apps/bench/ripc/src/../../rustbenchs/src/bremote_ipc.rs:74  PERF "remote pingpong with (1 * 64) msgs": 2302 cycles (+/- 1 cycles with 1000 runs)
warn: PowerState: More than one power state change request encountered within the same simulation tick

Testing "pingpong_remote16" in src/apps/bench/ripc/src/../../rustbenchs/src/bremote_ipc.rs:
childactivity.rs: /bin/ripc
warn: PowerState: More than one power state change request encountered within the same simulation tick
warn: PowerState: More than one power state change request encountered within the same simulation tick
warn: PowerState: More than one power state change request encountered within the same simulation tick
warn: PowerState: More than one power state change request encountered within the same simulation tick
warn: PowerState: More than one power state change request encountered within the same simulation tick
warn: PowerState: More than one power state change request encountered within the same simulation tick
warn: PowerState: More than one power state change request encountered within the same simulation tick
warn: PowerState: More than one power state change request encountered within the same simulation tick
warn: PowerState: More than one power state change request encountered within the same simulation tick
warn: PowerState: More than one power state change request encountered within the same simulation tick
warn: PowerState: More than one power state change request encountered within the same simulation tick
warn: PowerState: More than one power state change request encountered within the same simulation tick
warn: PowerState: More than one power state change request encountered within the same simulation tick
warn: PowerState: More than one power state change request encountered within the same simulation tick
warn: PowerState: More than one power state change request encountered within the same simulation tick
warn: PowerState: More than one power state change request encountered within the same simulation tick
warn: PowerState: More than one power state change request encountered within the same simulation tick
warn: PowerState: More than one power state change request encountered within the same simulation tick
warn: PowerState: More than one power state change request encountered within the same simulation tick
warn: PowerState: More than one power state change request encountered within the same simulation tick
warn: PowerState: More than one power state change request encountered within the same simulation tick
warn: PowerState: More than one power state change request encountered within the same simulation tick
warn: PowerState: More than one power state change request encountered within the same simulation tick
warn: PowerState: More than one power state change request encountered within the same simulation tick
warn: PowerState: More than one power state change request encountered within the same simulation tick
warn: PowerState: More than one power state change request encountered within the same simulation tick
warn: PowerState: More than one power state change request encountered within the same simulation tick
warn: PowerState: More than one power state change request encountered within the same simulation tick
warn: PowerState: More than one power state change request encountered within the same simulation tick
warn: PowerState: More than one power state change request encountered within the same simulation tick
warn: PowerState: More than one power state change request encountered within the same simulation tick
warn: PowerState: More than one power state change request encountered within the same simulation tick
warn: PowerState: More than one power state change request encountered within the same simulation tick
warn: PowerState: More than one power state change request encountered within the same simulation tick
warn: PowerState: More than one power state change request encountered within the same simulation tick
warn: PowerState: More than one power state change request encountered within the same simulation tick
warn: PowerState: More than one power state change request encountered within the same simulation tick
warn: PowerState: More than one power state change request encountered within the same simulation tick
warn: PowerState: More than one power state change request encountered within the same simulation tick
warn: PowerState: More than one power state change request encountered within the same simulation tick
warn: PowerState: More than one power state change request encountered within the same simulation tick
warn: PowerState: More than one power state change request encountered within the same simulation tick
warn: PowerState: More than one power state change request encountered within the same simulation tick
warn: PowerState: More than one power state change request encountered within the same simulation tick
warn: PowerState: More than one power state change request encountered within the same simulation tick
warn: PowerState: More than one power state change request encountered within the same simulation tick
warn: PowerState: More than one power state change request encountered within the same simulation tick
warn: PowerState: More than one power state change request encountered within the same simulation tick
warn: PowerState: More than one power state change request encountered within the same simulation tick
warn: PowerState: More than one power state change request encountered within the same simulation tick
warn: PowerState: More than one power state change request encountered within the same simulation tick
warn: PowerState: More than one power state change request encountered within the same simulation tick
warn: PowerState: More than one power state change request encountered within the same simulation tick
warn: PowerState: More than one power state change request encountered within the same simulation tick
warn: PowerState: More than one power state change request encountered within the same simulation tick
warn: PowerState: More than one power state change request encountered within the same simulation tick
warn: PowerState: More than one power state change request encountered within the same simulation tick
warn: PowerState: More than one power state change request encountered within the same simulation tick
warn: PowerState: More than one power state change request encountered within the same simulation tick
warn: PowerState: More than one power state change request encountered within the same simulation tick
warn: PowerState: More than one power state change request encountered within the same simulation tick
warn: PowerState: More than one power state change request encountered within the same simulation tick
warn: PowerState: More than one power state change request encountered within the same simulation tick
warn: PowerState: More than one power state change request encountered within the same simulation tick
warn: PowerState: More than one power state change request encountered within the same simulation tick
warn: PowerState: More than one power state change request encountered within the same simulation tick
warn: PowerState: More than one power state change request encountered within the same simulation tick
warn: PowerState: More than one power state change request encountered within the same simulation tick
warn: PowerState: More than one power state change request encountered within the same simulation tick
warn: PowerState: More than one power state change request encountered within the same simulation tick
warn: PowerState: More than one power state change request encountered within the same simulation tick
warn: PowerState: More than one power state change request encountered within the same simulation tick
warn: PowerState: More than one power state change request encountered within the same simulation tick
warn: PowerState: More than one power state change request encountered within the same simulation tick
warn: PowerState: More than one power state change request encountered within the same simulation tick
warn: PowerState: More than one power state change request encountered within the same simulation tick
warn: PowerState: More than one power state change request encountered within the same simulation tick
warn: PowerState: More than one power state change request encountered within the same simulation tick
warn: PowerState: More than one power state change request encountered within the same simulation tick
warn: PowerState: More than one power state change request encountered within the same simulation tick
warn: PowerState: More than one power state change request encountered within the same simulation tick
warn: PowerState: More than one power state change request encountered within the same simulation tick
warn: PowerState: More than one power state change request encountered within the same simulation tick
warn: PowerState: More than one power state change request encountered within the same simulation tick
warn: PowerState: More than one power state change request encountered within the same simulation tick
warn: PowerState: More than one power state change request encountered within the same simulation tick
warn: PowerState: More than one power state change request encountered within the same simulation tick
warn: PowerState: More than one power state change request encountered within the same simulation tick
warn: PowerState: More than one power state change request encountered within the same simulation tick
warn: PowerState: More than one power state change request encountered within the same simulation tick
warn: PowerState: More than one power state change request encountered within the same simulation tick
warn: PowerState: More than one power state change request encountered within the same simulation tick
warn: PowerState: More than one power state change request encountered within the same simulation tick
warn: PowerState: More than one power state change request encountered within the same simulation tick
warn: PowerState: More than one power state change request encountered within the same simulation tick
warn: PowerState: More than one power state change request encountered within the same simulation tick
warn: PowerState: More than one power state change request encountered within the same simulation tick
warn: PowerState: More than one power state change request encountered within the same simulation tick
warn: PowerState: More than one power state change request encountered within the same simulation tick
warn: PowerState: More than one power state change request encountered within the same simulation tick
warn: PowerState: More than one power state change request encountered within the same simulation tick
warn: PowerState: More than one power state change request encountered within the same simulation tick
warn: PowerState: More than one power state change request encountered within the same simulation tick
warn: PowerState: More than one power state change request encountered within the same simulation tick
warn: PowerState: More than one power state change request encountered within the same simulation tick
warn: PowerState: More than one power state change request encountered within the same simulation tick
warn: PowerState: More than one power state change request encountered within the same simulation tick
warn: PowerState: More than one power state change request encountered within the same simulation tick
warn: PowerState: More than one power state change request encountered within the same simulation tick
warn: PowerState: More than one power state change request encountered within the same simulation tick
warn: PowerState: More than one power state change request encountered within the same simulation tick
warn: PowerState: More than one power state change request encountered within the same simulation tick
warn: PowerState: More than one power state change request encountered within the same simulation tick
warn: PowerState: More than one power state change request encountered within the same simulation tick
warn: PowerState: More than one power state change request encountered within the same simulation tick
warn: PowerState: More than one power state change request encountered within the same simulation tick
warn: PowerState: More than one power state change request encountered within the same simulation tick
warn: PowerState: More than one power state change request encountered within the same simulation tick
warn: PowerState: More than one power state change request encountered within the same simulation tick
warn: PowerState: More than one power state change request encountered within the same simulation tick
warn: PowerState: More than one power state change request encountered within the same simulation tick
warn: PowerState: More than one power state change request encountered within the same simulation tick
warn: PowerState: More than one power state change request encountered within the same simulation tick
warn: PowerState: More than one power state change request encountered within the same simulation tick
warn: PowerState: More than one power state change request encountered within the same simulation tick
warn: PowerState: More than one power state change request encountered within the same simulation tick
warn: PowerState: More than one power state change request encountered within the same simulation tick
warn: PowerState: More than one power state change request encountered within the same simulation tick
warn: PowerState: More than one power state change request encountered within the same simulation tick
warn: PowerState: More than one power state change request encountered within the same simulation tick
warn: PowerState: More than one power state change request encountered within the same simulation tick
warn: PowerState: More than one power state change request encountered within the same simulation tick
warn: PowerState: More than one power state change request encountered within the same simulation tick
warn: PowerState: More than one power state change request encountered within the same simulation tick
warn: PowerState: More than one power state change request encountered within the same simulation tick
warn: PowerState: More than one power state change request encountered within the same simulation tick
warn: PowerState: More than one power state change request encountered within the same simulation tick
warn: PowerState: More than one power state change request encountered within the same simulation tick
warn: PowerState: More than one power state change request encountered within the same simulation tick
warn: PowerState: More than one power state change request encountered within the same simulation tick
warn: PowerState: More than one power state change request encountered within the same simulation tick
warn: PowerState: More than one power state change request encountered within the same simulation tick
warn: PowerState: More than one power state change request encountered within the same simulation tick
warn: PowerState: More than one power state change request encountered within the same simulation tick
warn: PowerState: More than one power state change request encountered within the same simulation tick
warn: PowerState: More than one power state change request encountered within the same simulation tick
warn: PowerState: More than one power state change request encountered within the same simulation tick
warn: PowerState: More than one power state change request encountered within the same simulation tick
warn: PowerState: More than one power state change request encountered within the same simulation tick
warn: PowerState: More than one power state change request encountered within the same simulation tick
warn: PowerState: More than one power state change request encountered within the same simulation tick
warn: PowerState: More than one power state change request encountered within the same simulation tick
warn: PowerState: More than one power state change request encountered within the same simulation tick
warn: PowerState: More than one power state change request encountered within the same simulation tick
warn: PowerState: More than one power state change request encountered within the same simulation tick
warn: PowerState: More than one power state change request encountered within the same simulation tick
warn: PowerState: More than one power state change request encountered within the same simulation tick
warn: PowerState: More than one power state change request encountered within the same simulation tick
warn: PowerState: More than one power state change request encountered within the same simulation tick
warn: PowerState: More than one power state change request encountered within the same simulation tick
warn: PowerState: More than one power state change request encountered within the same simulation tick
warn: PowerState: More than one power state change request encountered within the same simulation tick
warn: PowerState: More than one power state change request encountered within the same simulation tick
warn: PowerState: More than one power state change request encountered within the same simulation tick
warn: PowerState: More than one power state change request encountered within the same simulation tick
warn: PowerState: More than one power state change request encountered within the same simulation tick
warn: PowerState: More than one power state change request encountered within the same simulation tick
warn: PowerState: More than one power state change request encountered within the same simulation tick
warn: PowerState: More than one power state change request encountered within the same simulation tick
warn: PowerState: More than one power state change request encountered within the same simulation tick
warn: PowerState: More than one power state change request encountered within the same simulation tick
warn: PowerState: More than one power state change request encountered within the same simulation tick
warn: PowerState: More than one power state change request encountered within the same simulation tick
warn: PowerState: More than one power state change request encountered within the same simulation tick
warn: PowerState: More than one power state change request encountered within the same simulation tick
warn: PowerState: More than one power state change request encountered within the same simulation tick
warn: PowerState: More than one power state change request encountered within the same simulation tick
warn: PowerState: More than one power state change request encountered within the same simulation tick
warn: PowerState: More than one power state change request encountered within the same simulation tick
warn: PowerState: More than one power state change request encountered within the same simulation tick
warn: PowerState: More than one power state change request encountered within the same simulation tick
warn: PowerState: More than one power state change request encountered within the same simulation tick
warn: PowerState: More than one power state change request encountered within the same simulation tick
warn: PowerState: More than one power state change request encountered within the same simulation tick
warn: PowerState: More than one power state change request encountered within the same simulation tick
warn: PowerState: More than one power state change request encountered within the same simulation tick
warn: PowerState: More than one power state change request encountered within the same simulation tick
warn: PowerState: More than one power state change request encountered within the same simulation tick
warn: PowerState: More than one power state change request encountered within the same simulation tick
warn: PowerState: More than one power state change request encountered within the same simulation tick
warn: PowerState: More than one power state change request encountered within the same simulation tick
warn: PowerState: More than one power state change request encountered within the same simulation tick
warn: PowerState: More than one power state change request encountered within the same simulation tick
warn: PowerState: More than one power state change request encountered within the same simulation tick
warn: PowerState: More than one power state change request encountered within the same simulation tick
warn: PowerState: More than one power state change request encountered within the same simulation tick
warn: PowerState: More than one power state change request encountered within the same simulation tick
warn: PowerState: More than one power state change request encountered within the same simulation tick
warn: PowerState: More than one power state change request encountered within the same simulation tick
warn: PowerState: More than one power state change request encountered within the same simulation tick
warn: PowerState: More than one power state change request encountered within the same simulation tick
warn: PowerState: More than one power state change request encountered within the same simulation tick
warn: PowerState: More than one power state change request encountered within the same simulation tick
warn: PowerState: More than one power state change request encountered within the same simulation tick
warn: PowerState: More than one power state change request encountered within the same simulation tick
warn: PowerState: More than one power state change request encountered within the same simulation tick
warn: PowerState: More than one power state change request encountered within the same simulation tick
warn: PowerState: More than one power state change request encountered within the same simulation tick
warn: PowerState: More than one power state change request encountered within the same simulation tick
warn: PowerState: More than one power state change request encountered within the same simulation tick
warn: PowerState: More than one power state change request encountered within the same simulation tick
warn: PowerState: More than one power state change request encountered within the same simulation tick
warn: PowerState: More than one power state change request encountered within the same simulation tick
warn: PowerState: More than one power state change request encountered within the same simulation tick
warn: PowerState: More than one power state change request encountered within the same simulation tick
warn: PowerState: More than one power state change request encountered within the same simulation tick
warn: PowerState: More than one power state change request encountered within the same simulation tick
warn: PowerState: More than one power state change request encountered within the same simulation tick
warn: PowerState: More than one power state change request encountered within the same simulation tick
warn: PowerState: More than one power state change request encountered within the same simulation tick
warn: PowerState: More than one power state change request encountered within the same simulation tick
warn: PowerState: More than one power state change request encountered within the same simulation tick
warn: PowerState: More than one power state change request encountered within the same simulation tick
warn: PowerState: More than one power state change request encountered within the same simulation tick
warn: PowerState: More than one power state change request encountered within the same simulation tick
warn: PowerState: More than one power state change request encountered within the same simulation tick
warn: PowerState: More than one power state change request encountered within the same simulation tick
warn: PowerState: More than one power state change request encountered within the same simulation tick
warn: PowerState: More than one power state change request encountered within the same simulation tick
warn: PowerState: More than one power state change request encountered within the same simulation tick
warn: PowerState: More than one power state change request encountered within the same simulation tick
warn: PowerState: More than one power state change request encountered within the same simulation tick
warn: PowerState: More than one power state change request encountered within the same simulation tick
warn: PowerState: More than one power state change request encountered within the same simulation tick
warn: PowerState: More than one power state change request encountered within the same simulation tick
warn: PowerState: More than one power state change request encountered within the same simulation tick
warn: PowerState: More than one power state change request encountered within the same simulation tick
warn: PowerState: More than one power state change request encountered within the same simulation tick
warn: PowerState: More than one power state change request encountered within the same simulation tick
warn: PowerState: More than one power state change request encountered within the same simulation tick
warn: PowerState: More than one power state change request encountered within the same simulation tick
warn: PowerState: More than one power state change request encountered within the same simulation tick
warn: PowerState: More than one power state change request encountered within the same simulation tick
warn: PowerState: More than one power state change request encountered within the same simulation tick
warn: PowerState: More than one power state change request encountered within the same simulation tick
warn: PowerState: More than one power state change request encountered within the same simulation tick
warn: PowerState: More than one power state change request encountered within the same simulation tick
warn: PowerState: More than one power state change request encountered within the same simulation tick
warn: PowerState: More than one power state change request encountered within the same simulation tick
warn: PowerState: More than one power state change request encountered within the same simulation tick
warn: PowerState: More than one power state change request encountered within the same simulation tick
warn: PowerState: More than one power state change request encountered within the same simulation tick
warn: PowerState: More than one power state change request encountered within the same simulation tick
warn: PowerState: More than one power state change request encountered within the same simulation tick
warn: PowerState: More than one power state change request encountered within the same simulation tick
warn: PowerState: More than one power state change request encountered within the same simulation tick
warn: PowerState: More than one power state change request encountered within the same simulation tick
warn: PowerState: More than one power state change request encountered within the same simulation tick
warn: PowerState: More than one power state change request encountered within the same simulation tick
warn: PowerState: More than one power state change request encountered within the same simulation tick
warn: PowerState: More than one power state change request encountered within the same simulation tick
warn: PowerState: More than one power state change request encountered within the same simulation tick
warn: PowerState: More than one power state change request encountered within the same simulation tick
warn: PowerState: More than one power state change request encountered within the same simulation tick
warn: PowerState: More than one power state change request encountered within the same simulation tick
warn: PowerState: More than one power state change request encountered within the same simulation tick
warn: PowerState: More than one power state change request encountered within the same simulation tick
warn: PowerState: More than one power state change request encountered within the same simulation tick
warn: PowerState: More than one power state change request encountered within the same simulation tick
warn: PowerState: More than one power state change request encountered within the same simulation tick
warn: PowerState: More than one power state change request encountered within the same simulation tick
warn: PowerState: More than one power state change request encountered within the same simulation tick
warn: PowerState: More than one power state change request encountered within the same simulation tick
warn: PowerState: More than one power state change request encountered within the same simulation tick
warn: PowerState: More than one power state change request encountered within the same simulation tick
warn: PowerState: More than one power state change request encountered within the same simulation tick
warn: PowerState: More than one power state change request encountered within the same simulation tick
warn: PowerState: More than one power state change request encountered within the same simulation tick
warn: PowerState: More than one power state change request encountered within the same simulation tick
warn: PowerState: More than one power state change request encountered within the same simulation tick
warn: PowerState: More than one power state change request encountered within the same simulation tick
warn: PowerState: More than one power state change request encountered within the same simulation tick
warn: PowerState: More than one power state change request encountered within the same simulation tick
warn: PowerState: More than one power state change request encountered within the same simulation tick
warn: PowerState: More than one power state change request encountered within the same simulation tick
warn: PowerState: More than one power state change request encountered within the same simulation tick
warn: PowerState: More than one power state change request encountered within the same simulation tick
warn: PowerState: More than one power state change request encountered within the same simulation tick
warn: PowerState: More than one power state change request encountered within the same simulation tick
warn: PowerState: More than one power state change request encountered within the same simulation tick
warn: PowerState: More than one power state change request encountered within the same simulation tick
warn: PowerState: More than one power state change request encountered within the same simulation tick
warn: PowerState: More than one power state change request encountered within the same simulation tick
warn: PowerState: More than one power state change request encountered within the same simulation tick
warn: PowerState: More than one power state change request encountered within the same simulation tick
warn: PowerState: More than one power state change request encountered within the same simulation tick
warn: PowerState: More than one power state change request encountered within the same simulation tick
warn: PowerState: More than one power state change request encountered within the same simulation tick
warn: PowerState: More than one power state change request encountered within the same simulation tick
warn: PowerState: More than one power state change request encountered within the same simulation tick
warn: PowerState: More than one power state change request encountered within the same simulation tick
warn: PowerState: More than one power state change request encountered within the same simulation tick
warn: PowerState: More than one power state change request encountered within the same simulation tick
warn: PowerState: More than one power state change request encountered within the same simulation tick
warn: PowerState: More than one power state change request encountered within the same simulation tick
warn: PowerState: More than one power state change request encountered within the same simulation tick
warn: PowerState: More than one power state change request encountered within the same simulation tick
warn: PowerState: More than one power state change request encountered within the same simulation tick
warn: PowerState: More than one power state change request encountered within the same simulation tick
warn: PowerState: More than one power state change request encountered within the same simulation tick
warn: PowerState: More than one power state change request encountered within the same simulation tick
warn: PowerState: More than one power state change request encountered within the same simulation tick
warn: PowerState: More than one power state change request encountered within the same simulation tick
warn: PowerState: More than one power state change request encountered within the same simulation tick
warn: PowerState: More than one power state change request encountered within the same simulation tick
warn: PowerState: More than one power state change request encountered within the same simulation tick
warn: PowerState: More than one power state change request encountered within the same simulation tick
warn: PowerState: More than one power state change request encountered within the same simulation tick
warn: PowerState: More than one power state change request encountered within the same simulation tick
warn: PowerState: More than one power state change request encountered within the same simulation tick
warn: PowerState: More than one power state change request encountered within the same simulation tick
warn: PowerState: More than one power state change request encountered within the same simulation tick
warn: PowerState: More than one power state change request encountered within the same simulation tick
warn: PowerState: More than one power state change request encountered within the same simulation tick
warn: PowerState: More than one power state change request encountered within the same simulation tick
warn: PowerState: More than one power state change request encountered within the same simulation tick
warn: PowerState: More than one power state change request encountered within the same simulation tick
warn: PowerState: More than one power state change request encountered within the same simulation tick
warn: PowerState: More than one power state change request encountered within the same simulation tick
warn: PowerState: More than one power state change request encountered within the same simulation tick
warn: PowerState: More than one power state change request encountered within the same simulation tick
warn: PowerState: More than one power state change request encountered within the same simulation tick
warn: PowerState: More than one power state change request encountered within the same simulation tick
warn: PowerState: More than one power state change request encountered within the same simulation tick
warn: PowerState: More than one power state change request encountered within the same simulation tick
warn: PowerState: More than one power state change request encountered within the same simulation tick
warn: PowerState: More than one power state change request encountered within the same simulation tick
warn: PowerState: More than one power state change request encountered within the same simulation tick
warn: PowerState: More than one power state change request encountered within the same simulation tick
warn: PowerState: More than one power state change request encountered within the same simulation tick
warn: PowerState: More than one power state change request encountered within the same simulation tick
warn: PowerState: More than one power state change request encountered within the same simulation tick
warn: PowerState: More than one power state change request encountered within the same simulation tick
warn: PowerState: More than one power state change request encountered within the same simulation tick
warn: PowerState: More than one power state change request encountered within the same simulation tick
warn: PowerState: More than one power state change request encountered within the same simulation tick
warn: PowerState: More than one power state change request encountered within the same simulation tick
warn: PowerState: More than one power state change request encountered within the same simulation tick
warn: PowerState: More than one power state change request encountered within the same simulation tick
warn: PowerState: More than one power state change request encountered within the same simulation tick
warn: PowerState: More than one power state change request encountered within the same simulation tick
warn: PowerState: More than one power state change request encountered within the same simulation tick
warn: PowerState: More than one power state change request encountered within the same simulation tick
warn: PowerState: More than one power state change request encountered within the same simulation tick
warn: PowerState: More than one power state change request encountered within the same simulation tick
warn: PowerState: More than one power state change request encountered within the same simulation tick
warn: PowerState: More than one power state change request encountered within the same simulation tick
warn: PowerState: More than one power state change request encountered within the same simulation tick
warn: PowerState: More than one power state change request encountered within the same simulation tick
warn: PowerState: More than one power state change request encountered within the same simulation tick
warn: PowerState: More than one power state change request encountered within the same simulation tick
warn: PowerState: More than one power state change request encountered within the same simulation tick
warn: PowerState: More than one power state change request encountered within the same simulation tick
warn: PowerState: More than one power state change request encountered within the same simulation tick
warn: PowerState: More than one power state change request encountered within the same simulation tick
warn: PowerState: More than one power state change request encountered within the same simulation tick
warn: PowerState: More than one power state change request encountered within the same simulation tick
warn: PowerState: More than one power state change request encountered within the same simulation tick
warn: PowerState: More than one power state change request encountered within the same simulation tick
warn: PowerState: More than one power state change request encountered within the same simulation tick
warn: PowerState: More than one power state change request encountered within the same simulation tick
warn: PowerState: More than one power state change request encountered within the same simulation tick
warn: PowerState: More than one power state change request encountered within the same simulation tick
warn: PowerState: More than one power state change request encountered within the same simulation tick
warn: PowerState: More than one power state change request encountered within the same simulation tick
warn: PowerState: More than one power state change request encountered within the same simulation tick
warn: PowerState: More than one power state change request encountered within the same simulation tick
warn: PowerState: More than one power state change request encountered within the same simulation tick
warn: PowerState: More than one power state change request encountered within the same simulation tick
warn: PowerState: More than one power state change request encountered within the same simulation tick
warn: PowerState: More than one power state change request encountered within the same simulation tick
warn: PowerState: More than one power state change request encountered within the same simulation tick
warn: PowerState: More than one power state change request encountered within the same simulation tick
warn: PowerState: More than one power state change request encountered within the same simulation tick
warn: PowerState: More than one power state change request encountered within the same simulation tick
warn: PowerState: More than one power state change request encountered within the same simulation tick
warn: PowerState: More than one power state change request encountered within the same simulation tick
warn: PowerState: More than one power state change request encountered within the same simulation tick
warn: PowerState: More than one power state change request encountered within the same simulation tick
warn: PowerState: More than one power state change request encountered within the same simulation tick
warn: PowerState: More than one power state change request encountered within the same simulation tick
warn: PowerState: More than one power state change request encountered within the same simulation tick
warn: PowerState: More than one power state change request encountered within the same simulation tick
warn: PowerState: More than one power state change request encountered within the same simulation tick
warn: PowerState: More than one power state change request encountered within the same simulation tick
warn: PowerState: More than one power state change request encountered within the same simulation tick
warn: PowerState: More than one power state change request encountered within the same simulation tick
warn: PowerState: More than one power state change request encountered within the same simulation tick
warn: PowerState: More than one power state change request encountered within the same simulation tick
warn: PowerState: More than one power state change request encountered within the same simulation tick
warn: PowerState: More than one power state change request encountered within the same simulation tick
warn: PowerState: More than one power state change request encountered within the same simulation tick
warn: PowerState: More than one power state change request encountered within the same simulation tick
warn: PowerState: More than one power state change request encountered within the same simulation tick
warn: PowerState: More than one power state change request encountered within the same simulation tick
warn: PowerState: More than one power state change request encountered within the same simulation tick
warn: PowerState: More than one power state change request encountered within the same simulation tick
warn: PowerState: More than one power state change request encountered within the same simulation tick
warn: PowerState: More than one power state change request encountered within the same simulation tick
warn: PowerState: More than one power state change request encountered within the same simulation tick
warn: PowerState: More than one power state change request encountered within the same simulation tick
warn: PowerState: More than one power state change request encountered within the same simulation tick
warn: PowerState: More than one power state change request encountered within the same simulation tick
warn: PowerState: More than one power state change request encountered within the same simulation tick
warn: PowerState: More than one power state change request encountered within the same simulation tick
warn: PowerState: More than one power state change request encountered within the same simulation tick
warn: PowerState: More than one power state change request encountered within the same simulation tick
warn: PowerState: More than one power state change request encountered within the same simulation tick
warn: PowerState: More than one power state change request encountered within the same simulation tick
warn: PowerState: More than one power state change request encountered within the same simulation tick
warn: PowerState: More than one power state change request encountered within the same simulation tick
warn: PowerState: More than one power state change request encountered within the same simulation tick
warn: PowerState: More than one power state change request encountered within the same simulation tick
warn: PowerState: More than one power state change request encountered within the same simulation tick
warn: PowerState: More than one power state change request encountered within the same simulation tick
warn: PowerState: More than one power state change request encountered within the same simulation tick
warn: PowerState: More than one power state change request encountered within the same simulation tick
warn: PowerState: More than one power state change request encountered within the same simulation tick
warn: PowerState: More than one power state change request encountered within the same simulation tick
warn: PowerState: More than one power state change request encountered within the same simulation tick
warn: PowerState: More than one power state change request encountered within the same simulation tick
warn: PowerState: More than one power state change request encountered within the same simulation tick
warn: PowerState: More than one power state change request encountered within the same simulation tick
warn: PowerState: More than one power state change request encountered within the same simulation tick
warn: PowerState: More than one power state change request encountered within the same simulation tick
warn: PowerState: More than one power state change request encountered within the same simulation tick
warn: PowerState: More than one power state change request encountered within the same simulation tick
warn: PowerState: More than one power state change request encountered within the same simulation tick
warn: PowerState: More than one power state change request encountered within the same simulation tick
warn: PowerState: More than one power state change request encountered within the same simulation tick
warn: PowerState: More than one power state change request encountered within the same simulation tick
warn: PowerState: More than one power state change request encountered within the same simulation tick
warn: PowerState: More than one power state change request encountered within the same simulation tick
warn: PowerState: More than one power state change request encountered within the same simulation tick
warn: PowerState: More than one power state change request encountered within the same simulation tick
warn: PowerState: More than one power state change request encountered within the same simulation tick
warn: PowerState: More than one power state change request encountered within the same simulation tick
warn: PowerState: More than one power state change request encountered within the same simulation tick
warn: PowerState: More than one power state change request encountered within the same simulation tick
warn: PowerState: More than one power state change request encountered within the same simulation tick
warn: PowerState: More than one power state change request encountered within the same simulation tick
warn: PowerState: More than one power state change request encountered within the same simulation tick
warn: PowerState: More than one power state change request encountered within the same simulation tick
warn: PowerState: More than one power state change request encountered within the same simulation tick
warn: PowerState: More than one power state change request encountered within the same simulation tick
warn: PowerState: More than one power state change request encountered within the same simulation tick
warn: PowerState: More than one power state change request encountered within the same simulation tick
warn: PowerState: More than one power state change request encountered within the same simulation tick
warn: PowerState: More than one power state change request encountered within the same simulation tick
warn: PowerState: More than one power state change request encountered within the same simulation tick
warn: PowerState: More than one power state change request encountered within the same simulation tick
warn: PowerState: More than one power state change request encountered within the same simulation tick
warn: PowerState: More than one power state change request encountered within the same simulation tick
warn: PowerState: More than one power state change request encountered within the same simulation tick
warn: PowerState: More than one power state change request encountered within the same simulation tick
warn: PowerState: More than one power state change request encountered within the same simulation tick
warn: PowerState: More than one power state change request encountered within the same simulation tick
warn: PowerState: More than one power state change request encountered within the same simulation tick
warn: PowerState: More than one power state change request encountered within the same simulation tick
warn: PowerState: More than one power state change request encountered within the same simulation tick
warn: PowerState: More than one power state change request encountered within the same simulation tick
warn: PowerState: More than one power state change request encountered within the same simulation tick
warn: PowerState: More than one power state change request encountered within the same simulation tick
warn: PowerState: More than one power state change request encountered within the same simulation tick
warn: PowerState: More than one power state change request encountered within the same simulation tick
warn: PowerState: More than one power state change request encountered within the same simulation tick
warn: PowerState: More than one power state change request encountered within the same simulation tick
warn: PowerState: More than one power state change request encountered within the same simulation tick
warn: PowerState: More than one power state change request encountered within the same simulation tick
warn: PowerState: More than one power state change request encountered within the same simulation tick
warn: PowerState: More than one power state change request encountered within the same simulation tick
warn: PowerState: More than one power state change request encountered within the same simulation tick
warn: PowerState: More than one power state change request encountered within the same simulation tick
warn: PowerState: More than one power state change request encountered within the same simulation tick
warn: PowerState: More than one power state change request encountered within the same simulation tick
warn: PowerState: More than one power state change request encountered within the same simulation tick
warn: PowerState: More than one power state change request encountered within the same simulation tick
warn: PowerState: More than one power state change request encountered within the same simulation tick
warn: PowerState: More than one power state change request encountered within the same simulation tick
warn: PowerState: More than one power state change request encountered within the same simulation tick
warn: PowerState: More than one power state change request encountered within the same simulation tick
warn: PowerState: More than one power state change request encountered within the same simulation tick
warn: PowerState: More than one power state change request encountered within the same simulation tick
warn: PowerState: More than one power state change request encountered within the same simulation tick
warn: PowerState: More than one power state change request encountered within the same simulation tick
warn: PowerState: More than one power state change request encountered within the same simulation tick
warn: PowerState: More than one power state change request encountered within the same simulation tick
warn: PowerState: More than one power state change request encountered within the same simulation tick
warn: PowerState: More than one power state change request encountered within the same simulation tick
warn: PowerState: More than one power state change request encountered within the same simulation tick
warn: PowerState: More than one power state change request encountered within the same simulation tick
warn: PowerState: More than one power state change request encountered within the same simulation tick
warn: PowerState: More than one power state change request encountered within the same simulation tick
warn: PowerState: More than one power state change request encountered within the same simulation tick
warn: PowerState: More than one power state change request encountered within the same simulation tick
warn: PowerState: More than one power state change request encountered within the same simulation tick
warn: PowerState: More than one power state change request encountered within the same simulation tick
warn: PowerState: More than one power state change request encountered within the same simulation tick
warn: PowerState: More than one power state change request encountered within the same simulation tick
warn: PowerState: More than one power state change request encountered within the same simulation tick
warn: PowerState: More than one power state change request encountered within the same simulation tick
warn: PowerState: More than one power state change request encountered within the same simulation tick
warn: PowerState: More than one power state change request encountered within the same simulation tick
warn: PowerState: More than one power state change request encountered within the same simulation tick
warn: PowerState: More than one power state change request encountered within the same simulation tick
warn: PowerState: More than one power state change request encountered within the same simulation tick
warn: PowerState: More than one power state change request encountered within the same simulation tick
warn: PowerState: More than one power state change request encountered within the same simulation tick
warn: PowerState: More than one power state change request encountered within the same simulation tick
warn: PowerState: More than one power state change request encountered within the same simulation tick
warn: PowerState: More than one power state change request encountered within the same simulation tick
warn: PowerState: More than one power state change request encountered within the same simulation tick
warn: PowerState: More than one power state change request encountered within the same simulation tick
warn: PowerState: More than one power state change request encountered within the same simulation tick
warn: PowerState: More than one power state change request encountered within the same simulation tick
warn: PowerState: More than one power state change request encountered within the same simulation tick
warn: PowerState: More than one power state change request encountered within the same simulation tick
warn: PowerState: More than one power state change request encountered within the same simulation tick
warn: PowerState: More than one power state change request encountered within the same simulation tick
warn: PowerState: More than one power state change request encountered within the same simulation tick
warn: PowerState: More than one power state change request encountered within the same simulation tick
warn: PowerState: More than one power state change request encountered within the same simulation tick
warn: PowerState: More than one power state change request encountered within the same simulation tick
warn: PowerState: More than one power state change request encountered within the same simulation tick
warn: PowerState: More than one power state change request encountered within the same simulation tick
warn: PowerState: More than one power state change request encountered within the same simulation tick
warn: PowerState: More than one power state change request encountered within the same simulation tick
warn: PowerState: More than one power state change request encountered within the same simulation tick
warn: PowerState: More than one power state change request encountered within the same simulation tick
warn: PowerState: More than one power state change request encountered within the same simulation tick
warn: PowerState: More than one power state change request encountered within the same simulation tick
warn: PowerState: More than one power state change request encountered within the same simulation tick
warn: PowerState: More than one power state change request encountered within the same simulation tick
warn: PowerState: More than one power state change request encountered within the same simulation tick
warn: PowerState: More than one power state change request encountered within the same simulation tick
warn: PowerState: More than one power state change request encountered within the same simulation tick
warn: PowerState: More than one power state change request encountered within the same simulation tick
warn: PowerState: More than one power state change request encountered within the same simulation tick
warn: PowerState: More than one power state change request encountered within the same simulation tick
warn: PowerState: More than one power state change request encountered within the same simulation tick
warn: PowerState: More than one power state change request encountered within the same simulation tick
warn: PowerState: More than one power state change request encountered within the same simulation tick
warn: PowerState: More than one power state change request encountered within the same simulation tick
warn: PowerState: More than one power state change request encountered within the same simulation tick
warn: PowerState: More than one power state change request encountered within the same simulation tick
warn: PowerState: More than one power state change request encountered within the same simulation tick
warn: PowerState: More than one power state change request encountered within the same simulation tick
warn: PowerState: More than one power state change request encountered within the same simulation tick
warn: PowerState: More than one power state change request encountered within the same simulation tick
warn: PowerState: More than one power state change request encountered within the same simulation tick
warn: PowerState: More than one power state change request encountered within the same simulation tick
warn: PowerState: More than one power state change request encountered within the same simulation tick
warn: PowerState: More than one power state change request encountered within the same simulation tick
warn: PowerState: More than one power state change request encountered within the same simulation tick
warn: PowerState: More than one power state change request encountered within the same simulation tick
warn: PowerState: More than one power state change request encountered within the same simulation tick
warn: PowerState: More than one power state change request encountered within the same simulation tick
warn: PowerState: More than one power state change request encountered within the same simulation tick
warn: PowerState: More than one power state change request encountered within the same simulation tick
warn: PowerState: More than one power state change request encountered within the same simulation tick
warn: PowerState: More than one power state change request encountered within the same simulation tick
warn: PowerState: More than one power state change request encountered within the same simulation tick
warn: PowerState: More than one power state change request encountered within the same simulation tick
warn: PowerState: More than one power state change request encountered within the same simulation tick
warn: PowerState: More than one power state change request encountered within the same simulation tick
warn: PowerState: More than one power state change request encountered within the same simulation tick
warn: PowerState: More than one power state change request encountered within the same simulation tick
warn: PowerState: More than one power state change request encountered within the same simulation tick
warn: PowerState: More than one power state change request encountered within the same simulation tick
warn: PowerState: More than one power state change request encountered within the same simulation tick
warn: PowerState: More than one power state change request encountered within the same simulation tick
warn: PowerState: More than one power state change request encountered within the same simulation tick
warn: PowerState: More than one power state change request encountered within the same simulation tick
warn: PowerState: More than one power state change request encountered within the same simulation tick
warn: PowerState: More than one power state change request encountered within the same simulation tick
warn: PowerState: More than one power state change request encountered within the same simulation tick
warn: PowerState: More than one power state change request encountered within the same simulation tick
warn: PowerState: More than one power state change request encountered within the same simulation tick
warn: PowerState: More than one power state change request encountered within the same simulation tick
warn: PowerState: More than one power state change request encountered within the same simulation tick
warn: PowerState: More than one power state change request encountered within the same simulation tick
warn: PowerState: More than one power state change request encountered within the same simulation tick
warn: PowerState: More than one power state change request encountered within the same simulation tick
warn: PowerState: More than one power state change request encountered within the same simulation tick
warn: PowerState: More than one power state change request encountered within the same simulation tick
warn: PowerState: More than one power state change request encountered within the same simulation tick
warn: PowerState: More than one power state change request encountered within the same simulation tick
warn: PowerState: More than one power state change request encountered within the same simulation tick
warn: PowerState: More than one power state change request encountered within the same simulation tick
warn: PowerState: More than one power state change request encountered within the same simulation tick
warn: PowerState: More than one power state change request encountered within the same simulation tick
warn: PowerState: More than one power state change request encountered within the same simulation tick
warn: PowerState: More than one power state change request encountered within the same simulation tick
warn: PowerState: More than one power state change request encountered within the same simulation tick
warn: PowerState: More than one power state change request encountered within the same simulation tick
warn: PowerState: More than one power state change request encountered within the same simulation tick
warn: PowerState: More than one power state change request encountered within the same simulation tick
warn: PowerState: More than one power state change request encountered within the same simulation tick
warn: PowerState: More than one power state change request encountered within the same simulation tick
warn: PowerState: More than one power state change request encountered within the same simulation tick
warn: PowerState: More than one power state change request encountered within the same simulation tick
warn: PowerState: More than one power state change request encountered within the same simulation tick
warn: PowerState: More than one power state change request encountered within the same simulation tick
warn: PowerState: More than one power state change request encountered within the same simulation tick
warn: PowerState: More than one power state change request encountered within the same simulation tick
warn: PowerState: More than one power state change request encountered within the same simulation tick
warn: PowerState: More than one power state change request encountered within the same simulation tick
warn: PowerState: More than one power state change request encountered within the same simulation tick
warn: PowerState: More than one power state change request encountered within the same simulation tick
warn: PowerState: More than one power state change request encountered within the same simulation tick
warn: PowerState: More than one power state change request encountered within the same simulation tick
warn: PowerState: More than one power state change request encountered within the same simulation tick
warn: PowerState: More than one power state change request encountered within the same simulation tick
warn: PowerState: More than one power state change request encountered within the same simulation tick
warn: PowerState: More than one power state change request encountered within the same simulation tick
warn: PowerState: More than one power state change request encountered within the same simulation tick
warn: PowerState: More than one power state change request encountered within the same simulation tick
warn: PowerState: More than one power state change request encountered within the same simulation tick
warn: PowerState: More than one power state change request encountered within the same simulation tick
warn: PowerState: More than one power state change request encountered within the same simulation tick
warn: PowerState: More than one power state change request encountered within the same simulation tick
warn: PowerState: More than one power state change request encountered within the same simulation tick
warn: PowerState: More than one power state change request encountered within the same simulation tick
warn: PowerState: More than one power state change request encountered within the same simulation tick
warn: PowerState: More than one power state change request encountered within the same simulation tick
warn: PowerState: More than one power state change request encountered within the same simulation tick
warn: PowerState: More than one power state change request encountered within the same simulation tick
warn: PowerState: More than one power state change request encountered within the same simulation tick
warn: PowerState: More than one power state change request encountered within the same simulation tick
warn: PowerState: More than one power state change request encountered within the same simulation tick
warn: PowerState: More than one power state change request encountered within the same simulation tick
warn: PowerState: More than one power state change request encountered within the same simulation tick
warn: PowerState: More than one power state change request encountered within the same simulation tick
warn: PowerState: More than one power state change request encountered within the same simulation tick
warn: PowerState: More than one power state change request encountered within the same simulation tick
warn: PowerState: More than one power state change request encountered within the same simulation tick
warn: PowerState: More than one power state change request encountered within the same simulation tick
warn: PowerState: More than one power state change request encountered within the same simulation tick
warn: PowerState: More than one power state change request encountered within the same simulation tick
warn: PowerState: More than one power state change request encountered within the same simulation tick
warn: PowerState: More than one power state change request encountered within the same simulation tick
warn: PowerState: More than one power state change request encountered within the same simulation tick
warn: PowerState: More than one power state change request encountered within the same simulation tick
warn: PowerState: More than one power state change request encountered within the same simulation tick
warn: PowerState: More than one power state change request encountered within the same simulation tick
warn: PowerState: More than one power state change request encountered within the same simulation tick
warn: PowerState: More than one power state change request encountered within the same simulation tick
warn: PowerState: More than one power state change request encountered within the same simulation tick
warn: PowerState: More than one power state change request encountered within the same simulation tick
warn: PowerState: More than one power state change request encountered within the same simulation tick
warn: PowerState: More than one power state change request encountered within the same simulation tick
warn: PowerState: More than one power state change request encountered within the same simulation tick
warn: PowerState: More than one power state change request encountered within the same simulation tick
warn: PowerState: More than one power state change request encountered within the same simulation tick
warn: PowerState: More than one power state change request encountered within the same simulation tick
warn: PowerState: More than one power state change request encountered within the same simulation tick
warn: PowerState: More than one power state change request encountered within the same simulation tick
warn: PowerState: More than one power state change request encountered within the same simulation tick
warn: PowerState: More than one power state change request encountered within the same simulation tick
warn: PowerState: More than one power state change request encountered within the same simulation tick
warn: PowerState: More than one power state change request encountered within the same simulation tick
warn: PowerState: More than one power state change request encountered within the same simulation tick
warn: PowerState: More than one power state change request encountered within the same simulation tick
warn: PowerState: More than one power state change request encountered within the same simulation tick
warn: PowerState: More than one power state change request encountered within the same simulation tick
warn: PowerState: More than one power state change request encountered within the same simulation tick
warn: PowerState: More than one power state change request encountered within the same simulation tick
warn: PowerState: More than one power state change request encountered within the same simulation tick
warn: PowerState: More than one power state change request encountered within the same simulation tick
warn: PowerState: More than one power state change request encountered within the same simulation tick
warn: PowerState: More than one power state change request encountered within the same simulation tick
warn: PowerState: More than one power state change request encountered within the same simulation tick
warn: PowerState: More than one power state change request encountered within the same simulation tick
warn: PowerState: More than one power state change request encountered within the same simulation tick
warn: PowerState: More than one power state change request encountered within the same simulation tick
warn: PowerState: More than one power state change request encountered within the same simulation tick
warn: PowerState: More than one power state change request encountered within the same simulation tick
warn: PowerState: More than one power state change request encountered within the same simulation tick
warn: PowerState: More than one power state change request encountered within the same simulation tick
warn: PowerState: More than one power state change request encountered within the same simulation tick
warn: PowerState: More than one power state change request encountered within the same simulation tick
warn: PowerState: More than one power state change request encountered within the same simulation tick
warn: PowerState: More than one power state change request encountered within the same simulation tick
warn: PowerState: More than one power state change request encountered within the same simulation tick
warn: PowerState: More than one power state change request encountered within the same simulation tick
warn: PowerState: More than one power state change request encountered within the same simulation tick
warn: PowerState: More than one power state change request encountered within the same simulation tick
warn: PowerState: More than one power state change request encountered within the same simulation tick
warn: PowerState: More than one power state change request encountered within the same simulation tick
warn: PowerState: More than one power state change request encountered within the same simulation tick
warn: PowerState: More than one power state change request encountered within the same simulation tick
warn: PowerState: More than one power state change request encountered within the same simulation tick
warn: PowerState: More than one power state change request encountered within the same simulation tick
warn: PowerState: More than one power state change request encountered within the same simulation tick
warn: PowerState: More than one power state change request encountered within the same simulation tick
warn: PowerState: More than one power state change request encountered within the same simulation tick
warn: PowerState: More than one power state change request encountered within the same simulation tick
warn: PowerState: More than one power state change request encountered within the same simulation tick
warn: PowerState: More than one power state change request encountered within the same simulation tick
warn: PowerState: More than one power state change request encountered within the same simulation tick
warn: PowerState: More than one power state change request encountered within the same simulation tick
warn: PowerState: More than one power state change request encountered within the same simulation tick
warn: PowerState: More than one power state change request encountered within the same simulation tick
warn: PowerState: More than one power state change request encountered within the same simulation tick
warn: PowerState: More than one power state change request encountered within the same simulation tick
warn: PowerState: More than one power state change request encountered within the same simulation tick
warn: PowerState: More than one power state change request encountered within the same simulation tick
warn: PowerState: More than one power state change request encountered within the same simulation tick
warn: PowerState: More than one power state change request encountered within the same simulation tick
warn: PowerState: More than one power state change request encountered within the same simulation tick
warn: PowerState: More than one power state change request encountered within the same simulation tick
warn: PowerState: More than one power state change request encountered within the same simulation tick
warn: PowerState: More than one power state change request encountered within the same simulation tick
warn: PowerState: More than one power state change request encountered within the same simulation tick
warn: PowerState: More than one power state change request encountered within the same simulation tick
warn: PowerState: More than one power state change request encountered within the same simulation tick
warn: PowerState: More than one power state change request encountered within the same simulation tick
warn: PowerState: More than one power state change request encountered within the same simulation tick
warn: PowerState: More than one power state change request encountered within the same simulation tick
warn: PowerState: More than one power state change request encountered within the same simulation tick
warn: PowerState: More than one power state change request encountered within the same simulation tick
warn: PowerState: More than one power state change request encountered within the same simulation tick
warn: PowerState: More than one power state change request encountered within the same simulation tick
warn: PowerState: More than one power state change request encountered within the same simulation tick
warn: PowerState: More than one power state change request encountered within the same simulation tick
warn: PowerState: More than one power state change request encountered within the same simulation tick
warn: PowerState: More than one power state change request encountered within the same simulation tick
warn: PowerState: More than one power state change request encountered within the same simulation tick
warn: PowerState: More than one power state change request encountered within the same simulation tick
warn: PowerState: More than one power state change request encountered within the same simulation tick
warn: PowerState: More than one power state change request encountered within the same simulation tick
warn: PowerState: More than one power state change request encountered within the same simulation tick
warn: PowerState: More than one power state change request encountered within the same simulation tick
warn: PowerState: More than one power state change request encountered within the same simulation tick
warn: PowerState: More than one power state change request encountered within the same simulation tick
warn: PowerState: More than one power state change request encountered within the same simulation tick
warn: PowerState: More than one power state change request encountered within the same simulation tick
warn: PowerState: More than one power state change request encountered within the same simulation tick
warn: PowerState: More than one power state change request encountered within the same simulation tick
warn: PowerState: More than one power state change request encountered within the same simulation tick
warn: PowerState: More than one power state change request encountered within the same simulation tick
warn: PowerState: More than one power state change request encountered within the same simulation tick
warn: PowerState: More than one power state change request encountered within the same simulation tick
warn: PowerState: More than one power state change request encountered within the same simulation tick
warn: PowerState: More than one power state change request encountered within the same simulation tick
warn: PowerState: More than one power state change request encountered within the same simulation tick
warn: PowerState: More than one power state change request encountered within the same simulation tick
warn: PowerState: More than one power state change request encountered within the same simulation tick
warn: PowerState: More than one power state change request encountered within the same simulation tick
warn: PowerState: More than one power state change request encountered within the same simulation tick
warn: PowerState: More than one power state change request encountered within the same simulation tick
warn: PowerState: More than one power state change request encountered within the same simulation tick
warn: PowerState: More than one power state change request encountered within the same simulation tick
warn: PowerState: More than one power state change request encountered within the same simulation tick
warn: PowerState: More than one power state change request encountered within the same simulation tick
warn: PowerState: More than one power state change request encountered within the same simulation tick
warn: PowerState: More than one power state change request encountered within the same simulation tick
warn: PowerState: More than one power state change request encountered within the same simulation tick
warn: PowerState: More than one power state change request encountered within the same simulation tick
warn: PowerState: More than one power state change request encountered within the same simulation tick
warn: PowerState: More than one power state change request encountered within the same simulation tick
warn: PowerState: More than one power state change request encountered within the same simulation tick
warn: PowerState: More than one power state change request encountered within the same simulation tick
warn: PowerState: More than one power state change request encountered within the same simulation tick
warn: PowerState: More than one power state change request encountered within the same simulation tick
warn: PowerState: More than one power state change request encountered within the same simulation tick
warn: PowerState: More than one power state change request encountered within the same simulation tick
warn: PowerState: More than one power state change request encountered within the same simulation tick
warn: PowerState: More than one power state change request encountered within the same simulation tick
warn: PowerState: More than one power state change request encountered within the same simulation tick
warn: PowerState: More than one power state change request encountered within the same simulation tick
warn: PowerState: More than one power state change request encountered within the same simulation tick
warn: PowerState: More than one power state change request encountered within the same simulation tick
warn: PowerState: More than one power state change request encountered within the same simulation tick
warn: PowerState: More than one power state change request encountered within the same simulation tick
warn: PowerState: More than one power state change request encountered within the same simulation tick
warn: PowerState: More than one power state change request encountered within the same simulation tick
warn: PowerState: More than one power state change request encountered within the same simulation tick
warn: PowerState: More than one power state change request encountered within the same simulation tick
warn: PowerState: More than one power state change request encountered within the same simulation tick
warn: PowerState: More than one power state change request encountered within the same simulation tick
warn: PowerState: More than one power state change request encountered within the same simulation tick
warn: PowerState: More than one power state change request encountered within the same simulation tick
warn: PowerState: More than one power state change request encountered within the same simulation tick
warn: PowerState: More than one power state change request encountered within the same simulation tick
warn: PowerState: More than one power state change request encountered within the same simulation tick
warn: PowerState: More than one power state change request encountered within the same simulation tick
warn: PowerState: More than one power state change request encountered within the same simulation tick
warn: PowerState: More than one power state change request encountered within the same simulation tick
warn: PowerState: More than one power state change request encountered within the same simulation tick
warn: PowerState: More than one power state change request encountered within the same simulation tick
warn: PowerState: More than one power state change request encountered within the same simulation tick
warn: PowerState: More than one power state change request encountered within the same simulation tick
warn: PowerState: More than one power state change request encountered within the same simulation tick
warn: PowerState: More than one power state change request encountered within the same simulation tick
warn: PowerState: More than one power state change request encountered within the same simulation tick
warn: PowerState: More than one power state change request encountered within the same simulation tick
warn: PowerState: More than one power state change request encountered within the same simulation tick
warn: PowerState: More than one power state change request encountered within the same simulation tick
warn: PowerState: More than one power state change request encountered within the same simulation tick
warn: PowerState: More than one power state change request encountered within the same simulation tick
warn: PowerState: More than one power state change request encountered within the same simulation tick
warn: PowerState: More than one power state change request encountered within the same simulation tick
warn: PowerState: More than one power state change request encountered within the same simulation tick
warn: PowerState: More than one power state change request encountered within the same simulation tick
warn: PowerState: More than one power state change request encountered within the same simulation tick
warn: PowerState: More than one power state change request encountered within the same simulation tick
warn: PowerState: More than one power state change request encountered within the same simulation tick
warn: PowerState: More than one power state change request encountered within the same simulation tick
warn: PowerState: More than one power state change request encountered within the same simulation tick
warn: PowerState: More than one power state change request encountered within the same simulation tick
warn: PowerState: More than one power state change request encountered within the same simulation tick
warn: PowerState: More than one power state change request encountered within the same simulation tick
warn: PowerState: More than one power state change request encountered within the same simulation tick
warn: PowerState: More than one power state change request encountered within the same simulation tick
warn: PowerState: More than one power state change request encountered within the same simulation tick
warn: PowerState: More than one power state change request encountered within the same simulation tick
warn: PowerState: More than one power state change request encountered within the same simulation tick
warn: PowerState: More than one power state change request encountered within the same simulation tick
warn: PowerState: More than one power state change request encountered within the same simulation tick
warn: PowerState: More than one power state change request encountered within the same simulation tick
warn: PowerState: More than one power state change request encountered within the same simulation tick
warn: PowerState: More than one power state change request encountered within the same simulation tick
warn: PowerState: More than one power state change request encountered within the same simulation tick
warn: PowerState: More than one power state change request encountered within the same simulation tick
warn: PowerState: More than one power state change request encountered within the same simulation tick
warn: PowerState: More than one power state change request encountered within the same simulation tick
warn: PowerState: More than one power state change request encountered within the same simulation tick
warn: PowerState: More than one power state change request encountered within the same simulation tick
warn: PowerState: More than one power state change request encountered within the same simulation tick
warn: PowerState: More than one power state change request encountered within the same simulation tick
warn: PowerState: More than one power state change request encountered within the same simulation tick
warn: PowerState: More than one power state change request encountered within the same simulation tick
warn: PowerState: More than one power state change request encountered within the same simulation tick
warn: PowerState: More than one power state change request encountered within the same simulation tick
warn: PowerState: More than one power state change request encountered within the same simulation tick
warn: PowerState: More than one power state change request encountered within the same simulation tick
warn: PowerState: More than one power state change request encountered within the same simulation tick
warn: PowerState: More than one power state change request encountered within the same simulation tick
warn: PowerState: More than one power state change request encountered within the same simulation tick
warn: PowerState: More than one power state change request encountered within the same simulation tick
warn: PowerState: More than one power state change request encountered within the same simulation tick
warn: PowerState: More than one power state change request encountered within the same simulation tick
warn: PowerState: More than one power state change request encountered within the same simulation tick
warn: PowerState: More than one power state change request encountered within the same simulation tick
warn: PowerState: More than one power state change request encountered within the same simulation tick
warn: PowerState: More than one power state change request encountered within the same simulation tick
warn: PowerState: More than one power state change request encountered within the same simulation tick
warn: PowerState: More than one power state change request encountered within the same simulation tick
warn: PowerState: More than one power state change request encountered within the same simulation tick
warn: PowerState: More than one power state change request encountered within the same simulation tick
warn: PowerState: More than one power state change request encountered within the same simulation tick
warn: PowerState: More than one power state change request encountered within the same simulation tick
warn: PowerState: More than one power state change request encountered within the same simulation tick
warn: PowerState: More than one power state change request encountered within the same simulation tick
warn: PowerState: More than one power state change request encountered within the same simulation tick
warn: PowerState: More than one power state change request encountered within the same simulation tick
warn: PowerState: More than one power state change request encountered within the same simulation tick
warn: PowerState: More than one power state change request encountered within the same simulation tick
warn: PowerState: More than one power state change request encountered within the same simulation tick
warn: PowerState: More than one power state change request encountered within the same simulation tick
warn: PowerState: More than one power state change request encountered within the same simulation tick
warn: PowerState: More than one power state change request encountered within the same simulation tick
warn: PowerState: More than one power state change request encountered within the same simulation tick
warn: PowerState: More than one power state change request encountered within the same simulation tick
warn: PowerState: More than one power state change request encountered within the same simulation tick
warn: PowerState: More than one power state change request encountered within the same simulation tick
warn: PowerState: More than one power state change request encountered within the same simulation tick
warn: PowerState: More than one power state change request encountered within the same simulation tick
warn: PowerState: More than one power state change request encountered within the same simulation tick
warn: PowerState: More than one power state change request encountered within the same simulation tick
warn: PowerState: More than one power state change request encountered within the same simulation tick
warn: PowerState: More than one power state change request encountered within the same simulation tick
warn: PowerState: More than one power state change request encountered within the same simulation tick
warn: PowerState: More than one power state change request encountered within the same simulation tick
warn: PowerState: More than one power state change request encountered within the same simulation tick
warn: PowerState: More than one power state change request encountered within the same simulation tick
warn: PowerState: More than one power state change request encountered within the same simulation tick
warn: PowerState: More than one power state change request encountered within the same simulation tick
warn: PowerState: More than one power state change request encountered within the same simulation tick
warn: PowerState: More than one power state change request encountered within the same simulation tick
warn: PowerState: More than one power state change request encountered within the same simulation tick
warn: PowerState: More than one power state change request encountered within the same simulation tick
warn: PowerState: More than one power state change request encountered within the same simulation tick
warn: PowerState: More than one power state change request encountered within the same simulation tick
warn: PowerState: More than one power state change request encountered within the same simulation tick
warn: PowerState: More than one power state change request encountered within the same simulation tick
warn: PowerState: More than one power state change request encountered within the same simulation tick
warn: PowerState: More than one power state change request encountered within the same simulation tick
warn: PowerState: More than one power state change request encountered within the same simulation tick
warn: PowerState: More than one power state change request encountered within the same simulation tick
warn: PowerState: More than one power state change request encountered within the same simulation tick
warn: PowerState: More than one power state change request encountered within the same simulation tick
warn: PowerState: More than one power state change request encountered within the same simulation tick
warn: PowerState: More than one power state change request encountered within the same simulation tick
warn: PowerState: More than one power state change request encountered within the same simulation tick
warn: PowerState: More than one power state change request encountered within the same simulation tick
warn: PowerState: More than one power state change request encountered within the same simulation tick
warn: PowerState: More than one power state change request encountered within the same simulation tick
warn: PowerState: More than one power state change request encountered within the same simulation tick
warn: PowerState: More than one power state change request encountered within the same simulation tick
warn: PowerState: More than one power state change request encountered within the same simulation tick
warn: PowerState: More than one power state change request encountered within the same simulation tick
warn: PowerState: More than one power state change request encountered within the same simulation tick
warn: PowerState: More than one power state change request encountered within the same simulation tick
warn: PowerState: More than one power state change request encountered within the same simulation tick
warn: PowerState: More than one power state change request encountered within the same simulation tick
warn: PowerState: More than one power state change request encountered within the same simulation tick
warn: PowerState: More than one power state change request encountered within the same simulation tick
warn: PowerState: More than one power state change request encountered within the same simulation tick
warn: PowerState: More than one power state change request encountered within the same simulation tick
warn: PowerState: More than one power state change request encountered within the same simulation tick
warn: PowerState: More than one power state change request encountered within the same simulation tick
warn: PowerState: More than one power state change request encountered within the same simulation tick
warn: PowerState: More than one power state change request encountered within the same simulation tick
warn: PowerState: More than one power state change request encountered within the same simulation tick
warn: PowerState: More than one power state change request encountered within the same simulation tick
warn: PowerState: More than one power state change request encountered within the same simulation tick
warn: PowerState: More than one power state change request encountered within the same simulation tick
warn: PowerState: More than one power state change request encountered within the same simulation tick
warn: PowerState: More than one power state change request encountered within the same simulation tick
warn: PowerState: More than one power state change request encountered within the same simulation tick
warn: PowerState: More than one power state change request encountered within the same simulation tick
warn: PowerState: More than one power state change request encountered within the same simulation tick
warn: PowerState: More than one power state change request encountered within the same simulation tick
warn: PowerState: More than one power state change request encountered within the same simulation tick
warn: PowerState: More than one power state change request encountered within the same simulation tick
warn: PowerState: More than one power state change request encountered within the same simulation tick
warn: PowerState: More than one power state change request encountered within the same simulation tick
warn: PowerState: More than one power state change request encountered within the same simulation tick
warn: PowerState: More than one power state change request encountered within the same simulation tick
warn: PowerState: More than one power state change request encountered within the same simulation tick
warn: PowerState: More than one power state change request encountered within the same simulation tick
warn: PowerState: More than one power state change request encountered within the same simulation tick
warn: PowerState: More than one power state change request encountered within the same simulation tick
warn: PowerState: More than one power state change request encountered within the same simulation tick
warn: PowerState: More than one power state change request encountered within the same simulation tick
warn: PowerState: More than one power state change request encountered within the same simulation tick
warn: PowerState: More than one power state change request encountered within the same simulation tick
warn: PowerState: More than one power state change request encountered within the same simulation tick
warn: PowerState: More than one power state change request encountered within the same simulation tick
warn: PowerState: More than one power state change request encountered within the same simulation tick
warn: PowerState: More than one power state change request encountered within the same simulation tick
warn: PowerState: More than one power state change request encountered within the same simulation tick
warn: PowerState: More than one power state change request encountered within the same simulation tick
warn: PowerState: More than one power state change request encountered within the same simulation tick
warn: PowerState: More than one power state change request encountered within the same simulation tick
warn: PowerState: More than one power state change request encountered within the same simulation tick
warn: PowerState: More than one power state change request encountered within the same simulation tick
warn: PowerState: More than one power state change request encountered within the same simulation tick
warn: PowerState: More than one power state change request encountered within the same simulation tick
warn: PowerState: More than one power state change request encountered within the same simulation tick
warn: PowerState: More than one power state change request encountered within the same simulation tick
warn: PowerState: More than one power state change request encountered within the same simulation tick
warn: PowerState: More than one power state change request encountered within the same simulation tick
warn: PowerState: More than one power state change request encountered within the same simulation tick
warn: PowerState: More than one power state change request encountered within the same simulation tick
warn: PowerState: More than one power state change request encountered within the same simulation tick
warn: PowerState: More than one power state change request encountered within the same simulation tick
warn: PowerState: More than one power state change request encountered within the same simulation tick
warn: PowerState: More than one power state change request encountered within the same simulation tick
warn: PowerState: More than one power state change request encountered within the same simulation tick
warn: PowerState: More than one power state change request encountered within the same simulation tick
warn: PowerState: More than one power state change request encountered within the same simulation tick
warn: PowerState: More than one power state change request encountered within the same simulation tick
warn: PowerState: More than one power state change request encountered within the same simulation tick
warn: PowerState: More than one power state change request encountered within the same simulation tick
warn: PowerState: More than one power state change request encountered within the same simulation tick
warn: PowerState: More than one power state change request encountered within the same simulation tick
warn: PowerState: More than one power state change request encountered within the same simulation tick
warn: PowerState: More than one power state change request encountered within the same simulation tick
warn: PowerState: More than one power state change request encountered within the same simulation tick
warn: PowerState: More than one power state change request encountered within the same simulation tick
warn: PowerState: More than one power state change request encountered within the same simulation tick
warn: PowerState: More than one power state change request encountered within the same simulation tick
warn: PowerState: More than one power state change request encountered within the same simulation tick
warn: PowerState: More than one power state change request encountered within the same simulation tick
warn: PowerState: More than one power state change request encountered within the same simulation tick
warn: PowerState: More than one power state change request encountered within the same simulation tick
warn: PowerState: More than one power state change request encountered within the same simulation tick
warn: PowerState: More than one power state change request encountered within the same simulation tick
warn: PowerState: More than one power state change request encountered within the same simulation tick
warn: PowerState: More than one power state change request encountered within the same simulation tick
warn: PowerState: More than one power state change request encountered within the same simulation tick
warn: PowerState: More than one power state change request encountered within the same simulation tick
warn: PowerState: More than one power state change request encountered within the same simulation tick
warn: PowerState: More than one power state change request encountered within the same simulation tick
warn: PowerState: More than one power state change request encountered within the same simulation tick
warn: PowerState: More than one power state change request encountered within the same simulation tick
warn: PowerState: More than one power state change request encountered within the same simulation tick
warn: PowerState: More than one power state change request encountered within the same simulation tick
warn: PowerState: More than one power state change request encountered within the same simulation tick
warn: PowerState: More than one power state change request encountered within the same simulation tick
warn: PowerState: More than one power state change request encountered within the same simulation tick
warn: PowerState: More than one power state change request encountered within the same simulation tick
warn: PowerState: More than one power state change request encountered within the same simulation tick
warn: PowerState: More than one power state change request encountered within the same simulation tick
warn: PowerState: More than one power state change request encountered within the same simulation tick
warn: PowerState: More than one power state change request encountered within the same simulation tick
warn: PowerState: More than one power state change request encountered within the same simulation tick
warn: PowerState: More than one power state change request encountered within the same simulation tick
warn: PowerState: More than one power state change request encountered within the same simulation tick
warn: PowerState: More than one power state change request encountered within the same simulation tick
warn: PowerState: More than one power state change request encountered within the same simulation tick
warn: PowerState: More than one power state change request encountered within the same simulation tick
warn: PowerState: More than one power state change request encountered within the same simulation tick
warn: PowerState: More than one power state change request encountered within the same simulation tick
warn: PowerState: More than one power state change request encountered within the same simulation tick
warn: PowerState: More than one power state change request encountered within the same simulation tick
warn: PowerState: More than one power state change request encountered within the same simulation tick
warn: PowerState: More than one power state change request encountered within the same simulation tick
warn: PowerState: More than one power state change request encountered within the same simulation tick
warn: PowerState: More than one power state change request encountered within the same simulation tick
warn: PowerState: More than one power state change request encountered within the same simulation tick
warn: PowerState: More than one power state change request encountered within the same simulation tick
warn: PowerState: More than one power state change request encountered within the same simulation tick
warn: PowerState: More than one power state change request encountered within the same simulation tick
warn: PowerState: More than one power state change request encountered within the same simulation tick
warn: PowerState: More than one power state change request encountered within the same simulation tick
warn: PowerState: More than one power state change request encountered within the same simulation tick
warn: PowerState: More than one power state change request encountered within the same simulation tick
warn: PowerState: More than one power state change request encountered within the same simulation tick
warn: PowerState: More than one power state change request encountered within the same simulation tick
warn: PowerState: More than one power state change request encountered within the same simulation tick
warn: PowerState: More than one power state change request encountered within the same simulation tick
warn: PowerState: More than one power state change request encountered within the same simulation tick
warn: PowerState: More than one power state change request encountered within the same simulation tick
warn: PowerState: More than one power state change request encountered within the same simulation tick
warn: PowerState: More than one power state change request encountered within the same simulation tick
warn: PowerState: More than one power state change request encountered within the same simulation tick
warn: PowerState: More than one power state change request encountered within the same simulation tick
warn: PowerState: More than one power state change request encountered within the same simulation tick
warn: PowerState: More than one power state change request encountered within the same simulation tick
warn: PowerState: More than one power state change request encountered within the same simulation tick
warn: PowerState: More than one power state change request encountered within the same simulation tick
warn: PowerState: More than one power state change request encountered within the same simulation tick
warn: PowerState: More than one power state change request encountered within the same simulation tick
! src/apps/bench/ripc/src/../../rustbenchs/src/bremote_ipc.rs:116  PERF "remote pingpong with (1 * 128) msgs": 2301 cycles (+/- 0 cycles with 1000 runs)

Testing "pingpong_remote32" in src/apps/bench/ripc/src/../../rustbenchs/src/bremote_ipc.rs:
childactivity.rs: /bin/ripc
! src/apps/bench/ripc/src/../../rustbenchs/src/bremote_ipc.rs:158  PERF "remote pingpong with (1 * 256) msgs": 2304 cycles (+/- 1 cycles with 1000 runs)

Testing "pingpong_remote64" in src/apps/bench/ripc/src/../../rustbenchs/src/bremote_ipc.rs:
childactivity.rs: /bin/ripc
warn: PowerState: More than one power state change request encountered within the same simulation tick
warn: PowerState: More than one power state change request encountered within the same simulation tick
warn: PowerState: More than one power state change request encountered within the same simulation tick
warn: PowerState: More than one power state change request encountered within the same simulation tick
warn: PowerState: More than one power state change request encountered within the same simulation tick
warn: PowerState: More than one power state change request encountered within the same simulation tick
warn: PowerState: More than one power state change request encountered within the same simulation tick
warn: PowerState: More than one power state change request encountered within the same simulation tick
warn: PowerState: More than one power state change request encountered within the same simulation tick
warn: PowerState: More than one power state change request encountered within the same simulation tick
warn: PowerState: More than one power state change request encountered within the same simulation tick
warn: PowerState: More than one power state change request encountered within the same simulation tick
warn: PowerState: More than one power state change request encountered within the same simulation tick
warn: PowerState: More than one power state change request encountered within the same simulation tick
warn: PowerState: More than one power state change request encountered within the same simulation tick
warn: PowerState: More than one power state change request encountered within the same simulation tick
warn: PowerState: More than one power state change request encountered within the same simulation tick
warn: PowerState: More than one power state change request encountered within the same simulation tick
warn: PowerState: More than one power state change request encountered within the same simulation tick
warn: PowerState: More than one power state change request encountered within the same simulation tick
warn: PowerState: More than one power state change request encountered within the same simulation tick
warn: PowerState: More than one power state change request encountered within the same simulation tick
warn: PowerState: More than one power state change request encountered within the same simulation tick
warn: PowerState: More than one power state change request encountered within the same simulation tick
warn: PowerState: More than one power state change request encountered within the same simulation tick
warn: PowerState: More than one power state change request encountered within the same simulation tick
warn: PowerState: More than one power state change request encountered within the same simulation tick
warn: PowerState: More than one power state change request encountered within the same simulation tick
warn: PowerState: More than one power state change request encountered within the same simulation tick
warn: PowerState: More than one power state change request encountered within the same simulation tick
warn: PowerState: More than one power state change request encountered within the same simulation tick
warn: PowerState: More than one power state change request encountered within the same simulation tick
warn: PowerState: More than one power state change request encountered within the same simulation tick
warn: PowerState: More than one power state change request encountered within the same simulation tick
warn: PowerState: More than one power state change request encountered within the same simulation tick
warn: PowerState: More than one power state change request encountered within the same simulation tick
warn: PowerState: More than one power state change request encountered within the same simulation tick
warn: PowerState: More than one power state change request encountered within the same simulation tick
warn: PowerState: More than one power state change request encountered within the same simulation tick
warn: PowerState: More than one power state change request encountered within the same simulation tick
warn: PowerState: More than one power state change request encountered within the same simulation tick
warn: PowerState: More than one power state change request encountered within the same simulation tick
warn: PowerState: More than one power state change request encountered within the same simulation tick
warn: PowerState: More than one power state change request encountered within the same simulation tick
warn: PowerState: More than one power state change request encountered within the same simulation tick
warn: PowerState: More than one power state change request encountered within the same simulation tick
warn: PowerState: More than one power state change request encountered within the same simulation tick
warn: PowerState: More than one power state change request encountered within the same simulation tick
warn: PowerState: More than one power state change request encountered within the same simulation tick
warn: PowerState: More than one power state change request encountered within the same simulation tick
warn: PowerState: More than one power state change request encountered within the same simulation tick
warn: PowerState: More than one power state change request encountered within the same simulation tick
warn: PowerState: More than one power state change request encountered within the same simulation tick
warn: PowerState: More than one power state change request encountered within the same simulation tick
warn: PowerState: More than one power state change request encountered within the same simulation tick
warn: PowerState: More than one power state change request encountered within the same simulation tick
warn: PowerState: More than one power state change request encountered within the same simulation tick
warn: PowerState: More than one power state change request encountered within the same simulation tick
warn: PowerState: More than one power state change request encountered within the same simulation tick
warn: PowerState: More than one power state change request encountered within the same simulation tick
warn: PowerState: More than one power state change request encountered within the same simulation tick
warn: PowerState: More than one power state change request encountered within the same simulation tick
warn: PowerState: More than one power state change request encountered within the same simulation tick
warn: PowerState: More than one power state change request encountered within the same simulation tick
warn: PowerState: More than one power state change request encountered within the same simulation tick
warn: PowerState: More than one power state change request encountered within the same simulation tick
warn: PowerState: More than one power state change request encountered within the same simulation tick
warn: PowerState: More than one power state change request encountered within the same simulation tick
warn: PowerState: More than one power state change request encountered within the same simulation tick
warn: PowerState: More than one power state change request encountered within the same simulation tick
warn: PowerState: More than one power state change request encountered within the same simulation tick
warn: PowerState: More than one power state change request encountered within the same simulation tick
warn: PowerState: More than one power state change request encountered within the same simulation tick
warn: PowerState: More than one power state change request encountered within the same simulation tick
warn: PowerState: More than one power state change request encountered within the same simulation tick
warn: PowerState: More than one power state change request encountered within the same simulation tick
warn: PowerState: More than one power state change request encountered within the same simulation tick
warn: PowerState: More than one power state change request encountered within the same simulation tick
warn: PowerState: More than one power state change request encountered within the same simulation tick
warn: PowerState: More than one power state change request encountered within the same simulation tick
warn: PowerState: More than one power state change request encountered within the same simulation tick
warn: PowerState: More than one power state change request encountered within the same simulation tick
warn: PowerState: More than one power state change request encountered within the same simulation tick
warn: PowerState: More than one power state change request encountered within the same simulation tick
warn: PowerState: More than one power state change request encountered within the same simulation tick
warn: PowerState: More than one power state change request encountered within the same simulation tick
warn: PowerState: More than one power state change request encountered within the same simulation tick
warn: PowerState: More than one power state change request encountered within the same simulation tick
warn: PowerState: More than one power state change request encountered within the same simulation tick
warn: PowerState: More than one power state change request encountered within the same simulation tick
warn: PowerState: More than one power state change request encountered within the same simulation tick
warn: PowerState: More than one power state change request encountered within the same simulation tick
warn: PowerState: More than one power state change request encountered within the same simulation tick
warn: PowerState: More than one power state change request encountered within the same simulation tick
warn: PowerState: More than one power state change request encountered within the same simulation tick
warn: PowerState: More than one power state change request encountered within the same simulation tick
warn: PowerState: More than one power state change request encountered within the same simulation tick
warn: PowerState: More than one power state change request encountered within the same simulation tick
warn: PowerState: More than one power state change request encountered within the same simulation tick
warn: PowerState: More than one power state change request encountered within the same simulation tick
warn: PowerState: More than one power state change request encountered within the same simulation tick
warn: PowerState: More than one power state change request encountered within the same simulation tick
warn: PowerState: More than one power state change request encountered within the same simulation tick
warn: PowerState: More than one power state change request encountered within the same simulation tick
warn: PowerState: More than one power state change request encountered within the same simulation tick
warn: PowerState: More than one power state change request encountered within the same simulation tick
warn: PowerState: More than one power state change request encountered within the same simulation tick
warn: PowerState: More than one power state change request encountered within the same simulation tick
warn: PowerState: More than one power state change request encountered within the same simulation tick
warn: PowerState: More than one power state change request encountered within the same simulation tick
warn: PowerState: More than one power state change request encountered within the same simulation tick
warn: PowerState: More than one power state change request encountered within the same simulation tick
warn: PowerState: More than one power state change request encountered within the same simulation tick
warn: PowerState: More than one power state change request encountered within the same simulation tick
warn: PowerState: More than one power state change request encountered within the same simulation tick
warn: PowerState: More than one power state change request encountered within the same simulation tick
warn: PowerState: More than one power state change request encountered within the same simulation tick
warn: PowerState: More than one power state change request encountered within the same simulation tick
warn: PowerState: More than one power state change request encountered within the same simulation tick
warn: PowerState: More than one power state change request encountered within the same simulation tick
warn: PowerState: More than one power state change request encountered within the same simulation tick
warn: PowerState: More than one power state change request encountered within the same simulation tick
warn: PowerState: More than one power state change request encountered within the same simulation tick
warn: PowerState: More than one power state change request encountered within the same simulation tick
warn: PowerState: More than one power state change request encountered within the same simulation tick
warn: PowerState: More than one power state change request encountered within the same simulation tick
warn: PowerState: More than one power state change request encountered within the same simulation tick
warn: PowerState: More than one power state change request encountered within the same simulation tick
warn: PowerState: More than one power state change request encountered within the same simulation tick
warn: PowerState: More than one power state change request encountered within the same simulation tick
warn: PowerState: More than one power state change request encountered within the same simulation tick
warn: PowerState: More than one power state change request encountered within the same simulation tick
warn: PowerState: More than one power state change request encountered within the same simulation tick
warn: PowerState: More than one power state change request encountered within the same simulation tick
warn: PowerState: More than one power state change request encountered within the same simulation tick
warn: PowerState: More than one power state change request encountered within the same simulation tick
warn: PowerState: More than one power state change request encountered within the same simulation tick
warn: PowerState: More than one power state change request encountered within the same simulation tick
warn: PowerState: More than one power state change request encountered within the same simulation tick
warn: PowerState: More than one power state change request encountered within the same simulation tick
warn: PowerState: More than one power state change request encountered within the same simulation tick
warn: PowerState: More than one power state change request encountered within the same simulation tick
warn: PowerState: More than one power state change request encountered within the same simulation tick
warn: PowerState: More than one power state change request encountered within the same simulation tick
warn: PowerState: More than one power state change request encountered within the same simulation tick
warn: PowerState: More than one power state change request encountered within the same simulation tick
warn: PowerState: More than one power state change request encountered within the same simulation tick
warn: PowerState: More than one power state change request encountered within the same simulation tick
warn: PowerState: More than one power state change request encountered within the same simulation tick
warn: PowerState: More than one power state change request encountered within the same simulation tick
warn: PowerState: More than one power state change request encountered within the same simulation tick
warn: PowerState: More than one power state change request encountered within the same simulation tick
warn: PowerState: More than one power state change request encountered within the same simulation tick
warn: PowerState: More than one power state change request encountered within the same simulation tick
warn: PowerState: More than one power state change request encountered within the same simulation tick
warn: PowerState: More than one power state change request encountered within the same simulation tick
warn: PowerState: More than one power state change request encountered within the same simulation tick
warn: PowerState: More than one power state change request encountered within the same simulation tick
warn: PowerState: More than one power state change request encountered within the same simulation tick
warn: PowerState: More than one power state change request encountered within the same simulation tick
warn: PowerState: More than one power state change request encountered within the same simulation tick
warn: PowerState: More than one power state change request encountered within the same simulation tick
warn: PowerState: More than one power state change request encountered within the same simulation tick
warn: PowerState: More than one power state change request encountered within the same simulation tick
warn: PowerState: More than one power state change request encountered within the same simulation tick
warn: PowerState: More than one power state change request encountered within the same simulation tick
warn: PowerState: More than one power state change request encountered within the same simulation tick
warn: PowerState: More than one power state change request encountered within the same simulation tick
warn: PowerState: More than one power state change request encountered within the same simulation tick
warn: PowerState: More than one power state change request encountered within the same simulation tick
warn: PowerState: More than one power state change request encountered within the same simulation tick
warn: PowerState: More than one power state change request encountered within the same simulation tick
warn: PowerState: More than one power state change request encountered within the same simulation tick
warn: PowerState: More than one power state change request encountered within the same simulation tick
warn: PowerState: More than one power state change request encountered within the same simulation tick
warn: PowerState: More than one power state change request encountered within the same simulation tick
warn: PowerState: More than one power state change request encountered within the same simulation tick
warn: PowerState: More than one power state change request encountered within the same simulation tick
warn: PowerState: More than one power state change request encountered within the same simulation tick
warn: PowerState: More than one power state change request encountered within the same simulation tick
warn: PowerState: More than one power state change request encountered within the same simulation tick
warn: PowerState: More than one power state change request encountered within the same simulation tick
warn: PowerState: More than one power state change request encountered within the same simulation tick
warn: PowerState: More than one power state change request encountered within the same simulation tick
warn: PowerState: More than one power state change request encountered within the same simulation tick
warn: PowerState: More than one power state change request encountered within the same simulation tick
warn: PowerState: More than one power state change request encountered within the same simulation tick
warn: PowerState: More than one power state change request encountered within the same simulation tick
warn: PowerState: More than one power state change request encountered within the same simulation tick
warn: PowerState: More than one power state change request encountered within the same simulation tick
warn: PowerState: More than one power state change request encountered within the same simulation tick
warn: PowerState: More than one power state change request encountered within the same simulation tick
warn: PowerState: More than one power state change request encountered within the same simulation tick
warn: PowerState: More than one power state change request encountered within the same simulation tick
warn: PowerState: More than one power state change request encountered within the same simulation tick
warn: PowerState: More than one power state change request encountered within the same simulation tick
warn: PowerState: More than one power state change request encountered within the same simulation tick
warn: PowerState: More than one power state change request encountered within the same simulation tick
warn: PowerState: More than one power state change request encountered within the same simulation tick
warn: PowerState: More than one power state change request encountered within the same simulation tick
warn: PowerState: More than one power state change request encountered within the same simulation tick
warn: PowerState: More than one power state change request encountered within the same simulation tick
warn: PowerState: More than one power state change request encountered within the same simulation tick
warn: PowerState: More than one power state change request encountered within the same simulation tick
warn: PowerState: More than one power state change request encountered within the same simulation tick
warn: PowerState: More than one power state change request encountered within the same simulation tick
warn: PowerState: More than one power state change request encountered within the same simulation tick
warn: PowerState: More than one power state change request encountered within the same simulation tick
warn: PowerState: More than one power state change request encountered within the same simulation tick
warn: PowerState: More than one power state change request encountered within the same simulation tick
warn: PowerState: More than one power state change request encountered within the same simulation tick
warn: PowerState: More than one power state change request encountered within the same simulation tick
warn: PowerState: More than one power state change request encountered within the same simulation tick
warn: PowerState: More than one power state change request encountered within the same simulation tick
warn: PowerState: More than one power state change request encountered within the same simulation tick
warn: PowerState: More than one power state change request encountered within the same simulation tick
warn: PowerState: More than one power state change request encountered within the same simulation tick
warn: PowerState: More than one power state change request encountered within the same simulation tick
warn: PowerState: More than one power state change request encountered within the same simulation tick
warn: PowerState: More than one power state change request encountered within the same simulation tick
warn: PowerState: More than one power state change request encountered within the same simulation tick
warn: PowerState: More than one power state change request encountered within the same simulation tick
warn: PowerState: More than one power state change request encountered within the same simulation tick
warn: PowerState: More than one power state change request encountered within the same simulation tick
warn: PowerState: More than one power state change request encountered within the same simulation tick
warn: PowerState: More than one power state change request encountered within the same simulation tick
warn: PowerState: More than one power state change request encountered within the same simulation tick
warn: PowerState: More than one power state change request encountered within the same simulation tick
warn: PowerState: More than one power state change request encountered within the same simulation tick
warn: PowerState: More than one power state change request encountered within the same simulation tick
warn: PowerState: More than one power state change request encountered within the same simulation tick
warn: PowerState: More than one power state change request encountered within the same simulation tick
warn: PowerState: More than one power state change request encountered within the same simulation tick
warn: PowerState: More than one power state change request encountered within the same simulation tick
warn: PowerState: More than one power state change request encountered within the same simulation tick
warn: PowerState: More than one power state change request encountered within the same simulation tick
warn: PowerState: More than one power state change request encountered within the same simulation tick
warn: PowerState: More than one power state change request encountered within the same simulation tick
warn: PowerState: More than one power state change request encountered within the same simulation tick
warn: PowerState: More than one power state change request encountered within the same simulation tick
warn: PowerState: More than one power state change request encountered within the same simulation tick
warn: PowerState: More than one power state change request encountered within the same simulation tick
warn: PowerState: More than one power state change request encountered within the same simulation tick
warn: PowerState: More than one power state change request encountered within the same simulation tick
warn: PowerState: More than one power state change request encountered within the same simulation tick
warn: PowerState: More than one power state change request encountered within the same simulation tick
warn: PowerState: More than one power state change request encountered within the same simulation tick
warn: PowerState: More than one power state change request encountered within the same simulation tick
warn: PowerState: More than one power state change request encountered within the same simulation tick
warn: PowerState: More than one power state change request encountered within the same simulation tick
warn: PowerState: More than one power state change request encountered within the same simulation tick
warn: PowerState: More than one power state change request encountered within the same simulation tick
warn: PowerState: More than one power state change request encountered within the same simulation tick
warn: PowerState: More than one power state change request encountered within the same simulation tick
warn: PowerState: More than one power state change request encountered within the same simulation tick
warn: PowerState: More than one power state change request encountered within the same simulation tick
warn: PowerState: More than one power state change request encountered within the same simulation tick
warn: PowerState: More than one power state change request encountered within the same simulation tick
warn: PowerState: More than one power state change request encountered within the same simulation tick
warn: PowerState: More than one power state change request encountered within the same simulation tick
warn: PowerState: More than one power state change request encountered within the same simulation tick
warn: PowerState: More than one power state change request encountered within the same simulation tick
warn: PowerState: More than one power state change request encountered within the same simulation tick
warn: PowerState: More than one power state change request encountered within the same simulation tick
warn: PowerState: More than one power state change request encountered within the same simulation tick
warn: PowerState: More than one power state change request encountered within the same simulation tick
warn: PowerState: More than one power state change request encountered within the same simulation tick
warn: PowerState: More than one power state change request encountered within the same simulation tick
warn: PowerState: More than one power state change request encountered within the same simulation tick
warn: PowerState: More than one power state change request encountered within the same simulation tick
warn: PowerState: More than one power state change request encountered within the same simulation tick
warn: PowerState: More than one power state change request encountered within the same simulation tick
warn: PowerState: More than one power state change request encountered within the same simulation tick
warn: PowerState: More than one power state change request encountered within the same simulation tick
warn: PowerState: More than one power state change request encountered within the same simulation tick
warn: PowerState: More than one power state change request encountered within the same simulation tick
warn: PowerState: More than one power state change request encountered within the same simulation tick
warn: PowerState: More than one power state change request encountered within the same simulation tick
warn: PowerState: More than one power state change request encountered within the same simulation tick
warn: PowerState: More than one power state change request encountered within the same simulation tick
warn: PowerState: More than one power state change request encountered within the same simulation tick
warn: PowerState: More than one power state change request encountered within the same simulation tick
warn: PowerState: More than one power state change request encountered within the same simulation tick
warn: PowerState: More than one power state change request encountered within the same simulation tick
warn: PowerState: More than one power state change request encountered within the same simulation tick
warn: PowerState: More than one power state change request encountered within the same simulation tick
warn: PowerState: More than one power state change request encountered within the same simulation tick
warn: PowerState: More than one power state change request encountered within the same simulation tick
warn: PowerState: More than one power state change request encountered within the same simulation tick
warn: PowerState: More than one power state change request encountered within the same simulation tick
warn: PowerState: More than one power state change request encountered within the same simulation tick
warn: PowerState: More than one power state change request encountered within the same simulation tick
warn: PowerState: More than one power state change request encountered within the same simulation tick
warn: PowerState: More than one power state change request encountered within the same simulation tick
warn: PowerState: More than one power state change request encountered within the same simulation tick
warn: PowerState: More than one power state change request encountered within the same simulation tick
warn: PowerState: More than one power state change request encountered within the same simulation tick
warn: PowerState: More than one power state change request encountered within the same simulation tick
warn: PowerState: More than one power state change request encountered within the same simulation tick
warn: PowerState: More than one power state change request encountered within the same simulation tick
warn: PowerState: More than one power state change request encountered within the same simulation tick
warn: PowerState: More than one power state change request encountered within the same simulation tick
warn: PowerState: More than one power state change request encountered within the same simulation tick
warn: PowerState: More than one power state change request encountered within the same simulation tick
warn: PowerState: More than one power state change request encountered within the same simulation tick
warn: PowerState: More than one power state change request encountered within the same simulation tick
warn: PowerState: More than one power state change request encountered within the same simulation tick
warn: PowerState: More than one power state change request encountered within the same simulation tick
warn: PowerState: More than one power state change request encountered within the same simulation tick
warn: PowerState: More than one power state change request encountered within the same simulation tick
warn: PowerState: More than one power state change request encountered within the same simulation tick
warn: PowerState: More than one power state change request encountered within the same simulation tick
warn: PowerState: More than one power state change request encountered within the same simulation tick
warn: PowerState: More than one power state change request encountered within the same simulation tick
warn: PowerState: More than one power state change request encountered within the same simulation tick
warn: PowerState: More than one power state change request encountered within the same simulation tick
warn: PowerState: More than one power state change request encountered within the same simulation tick
warn: PowerState: More than one power state change request encountered within the same simulation tick
warn: PowerState: More than one power state change request encountered within the same simulation tick
warn: PowerState: More than one power state change request encountered within the same simulation tick
warn: PowerState: More than one power state change request encountered within the same simulation tick
warn: PowerState: More than one power state change request encountered within the same simulation tick
warn: PowerState: More than one power state change request encountered within the same simulation tick
warn: PowerState: More than one power state change request encountered within the same simulation tick
warn: PowerState: More than one power state change request encountered within the same simulation tick
warn: PowerState: More than one power state change request encountered within the same simulation tick
warn: PowerState: More than one power state change request encountered within the same simulation tick
warn: PowerState: More than one power state change request encountered within the same simulation tick
warn: PowerState: More than one power state change request encountered within the same simulation tick
warn: PowerState: More than one power state change request encountered within the same simulation tick
warn: PowerState: More than one power state change request encountered within the same simulation tick
warn: PowerState: More than one power state change request encountered within the same simulation tick
warn: PowerState: More than one power state change request encountered within the same simulation tick
warn: PowerState: More than one power state change request encountered within the same simulation tick
warn: PowerState: More than one power state change request encountered within the same simulation tick
warn: PowerState: More than one power state change request encountered within the same simulation tick
warn: PowerState: More than one power state change request encountered within the same simulation tick
warn: PowerState: More than one power state change request encountered within the same simulation tick
warn: PowerState: More than one power state change request encountered within the same simulation tick
warn: PowerState: More than one power state change request encountered within the same simulation tick
warn: PowerState: More than one power state change request encountered within the same simulation tick
warn: PowerState: More than one power state change request encountered within the same simulation tick
warn: PowerState: More than one power state change request encountered within the same simulation tick
warn: PowerState: More than one power state change request encountered within the same simulation tick
warn: PowerState: More than one power state change request encountered within the same simulation tick
warn: PowerState: More than one power state change request encountered within the same simulation tick
warn: PowerState: More than one power state change request encountered within the same simulation tick
warn: PowerState: More than one power state change request encountered within the same simulation tick
warn: PowerState: More than one power state change request encountered within the same simulation tick
warn: PowerState: More than one power state change request encountered within the same simulation tick
warn: PowerState: More than one power state change request encountered within the same simulation tick
warn: PowerState: More than one power state change request encountered within the same simulation tick
warn: PowerState: More than one power state change request encountered within the same simulation tick
warn: PowerState: More than one power state change request encountered within the same simulation tick
warn: PowerState: More than one power state change request encountered within the same simulation tick
warn: PowerState: More than one power state change request encountered within the same simulation tick
warn: PowerState: More than one power state change request encountered within the same simulation tick
warn: PowerState: More than one power state change request encountered within the same simulation tick
warn: PowerState: More than one power state change request encountered within the same simulation tick
warn: PowerState: More than one power state change request encountered within the same simulation tick
warn: PowerState: More than one power state change request encountered within the same simulation tick
warn: PowerState: More than one power state change request encountered within the same simulation tick
warn: PowerState: More than one power state change request encountered within the same simulation tick
warn: PowerState: More than one power state change request encountered within the same simulation tick
warn: PowerState: More than one power state change request encountered within the same simulation tick
warn: PowerState: More than one power state change request encountered within the same simulation tick
warn: PowerState: More than one power state change request encountered within the same simulation tick
warn: PowerState: More than one power state change request encountered within the same simulation tick
warn: PowerState: More than one power state change request encountered within the same simulation tick
warn: PowerState: More than one power state change request encountered within the same simulation tick
warn: PowerState: More than one power state change request encountered within the same simulation tick
warn: PowerState: More than one power state change request encountered within the same simulation tick
warn: PowerState: More than one power state change request encountered within the same simulation tick
warn: PowerState: More than one power state change request encountered within the same simulation tick
warn: PowerState: More than one power state change request encountered within the same simulation tick
warn: PowerState: More than one power state change request encountered within the same simulation tick
warn: PowerState: More than one power state change request encountered within the same simulation tick
warn: PowerState: More than one power state change request encountered within the same simulation tick
warn: PowerState: More than one power state change request encountered within the same simulation tick
warn: PowerState: More than one power state change request encountered within the same simulation tick
warn: PowerState: More than one power state change request encountered within the same simulation tick
warn: PowerState: More than one power state change request encountered within the same simulation tick
warn: PowerState: More than one power state change request encountered within the same simulation tick
warn: PowerState: More than one power state change request encountered within the same simulation tick
warn: PowerState: More than one power state change request encountered within the same simulation tick
warn: PowerState: More than one power state change request encountered within the same simulation tick
warn: PowerState: More than one power state change request encountered within the same simulation tick
warn: PowerState: More than one power state change request encountered within the same simulation tick
warn: PowerState: More than one power state change request encountered within the same simulation tick
warn: PowerState: More than one power state change request encountered within the same simulation tick
warn: PowerState: More than one power state change request encountered within the same simulation tick
warn: PowerState: More than one power state change request encountered within the same simulation tick
warn: PowerState: More than one power state change request encountered within the same simulation tick
warn: PowerState: More than one power state change request encountered within the same simulation tick
warn: PowerState: More than one power state change request encountered within the same simulation tick
warn: PowerState: More than one power state change request encountered within the same simulation tick
warn: PowerState: More than one power state change request encountered within the same simulation tick
warn: PowerState: More than one power state change request encountered within the same simulation tick
warn: PowerState: More than one power state change request encountered within the same simulation tick
warn: PowerState: More than one power state change request encountered within the same simulation tick
warn: PowerState: More than one power state change request encountered within the same simulation tick
warn: PowerState: More than one power state change request encountered within the same simulation tick
warn: PowerState: More than one power state change request encountered within the same simulation tick
warn: PowerState: More than one power state change request encountered within the same simulation tick
warn: PowerState: More than one power state change request encountered within the same simulation tick
warn: PowerState: More than one power state change request encountered within the same simulation tick
warn: PowerState: More than one power state change request encountered within the same simulation tick
warn: PowerState: More than one power state change request encountered within the same simulation tick
warn: PowerState: More than one power state change request encountered within the same simulation tick
warn: PowerState: More than one power state change request encountered within the same simulation tick
warn: PowerState: More than one power state change request encountered within the same simulation tick
warn: PowerState: More than one power state change request encountered within the same simulation tick
warn: PowerState: More than one power state change request encountered within the same simulation tick
warn: PowerState: More than one power state change request encountered within the same simulation tick
warn: PowerState: More than one power state change request encountered within the same simulation tick
warn: PowerState: More than one power state change request encountered within the same simulation tick
warn: PowerState: More than one power state change request encountered within the same simulation tick
warn: PowerState: More than one power state change request encountered within the same simulation tick
warn: PowerState: More than one power state change request encountered within the same simulation tick
warn: PowerState: More than one power state change request encountered within the same simulation tick
warn: PowerState: More than one power state change request encountered within the same simulation tick
warn: PowerState: More than one power state change request encountered within the same simulation tick
warn: PowerState: More than one power state change request encountered within the same simulation tick
warn: PowerState: More than one power state change request encountered within the same simulation tick
warn: PowerState: More than one power state change request encountered within the same simulation tick
warn: PowerState: More than one power state change request encountered within the same simulation tick
warn: PowerState: More than one power state change request encountered within the same simulation tick
warn: PowerState: More than one power state change request encountered within the same simulation tick
warn: PowerState: More than one power state change request encountered within the same simulation tick
warn: PowerState: More than one power state change request encountered within the same simulation tick
warn: PowerState: More than one power state change request encountered within the same simulation tick
warn: PowerState: More than one power state change request encountered within the same simulation tick
warn: PowerState: More than one power state change request encountered within the same simulation tick
warn: PowerState: More than one power state change request encountered within the same simulation tick
warn: PowerState: More than one power state change request encountered within the same simulation tick
warn: PowerState: More than one power state change request encountered within the same simulation tick
warn: PowerState: More than one power state change request encountered within the same simulation tick
warn: PowerState: More than one power state change request encountered within the same simulation tick
warn: PowerState: More than one power state change request encountered within the same simulation tick
warn: PowerState: More than one power state change request encountered within the same simulation tick
warn: PowerState: More than one power state change request encountered within the same simulation tick
warn: PowerState: More than one power state change request encountered within the same simulation tick
warn: PowerState: More than one power state change request encountered within the same simulation tick
warn: PowerState: More than one power state change request encountered within the same simulation tick
warn: PowerState: More than one power state change request encountered within the same simulation tick
warn: PowerState: More than one power state change request encountered within the same simulation tick
warn: PowerState: More than one power state change request encountered within the same simulation tick
warn: PowerState: More than one power state change request encountered within the same simulation tick
warn: PowerState: More than one power state change request encountered within the same simulation tick
warn: PowerState: More than one power state change request encountered within the same simulation tick
warn: PowerState: More than one power state change request encountered within the same simulation tick
warn: PowerState: More than one power state change request encountered within the same simulation tick
warn: PowerState: More than one power state change request encountered within the same simulation tick
warn: PowerState: More than one power state change request encountered within the same simulation tick
warn: PowerState: More than one power state change request encountered within the same simulation tick
warn: PowerState: More than one power state change request encountered within the same simulation tick
warn: PowerState: More than one power state change request encountered within the same simulation tick
warn: PowerState: More than one power state change request encountered within the same simulation tick
warn: PowerState: More than one power state change request encountered within the same simulation tick
warn: PowerState: More than one power state change request encountered within the same simulation tick
warn: PowerState: More than one power state change request encountered within the same simulation tick
warn: PowerState: More than one power state change request encountered within the same simulation tick
warn: PowerState: More than one power state change request encountered within the same simulation tick
warn: PowerState: More than one power state change request encountered within the same simulation tick
warn: PowerState: More than one power state change request encountered within the same simulation tick
warn: PowerState: More than one power state change request encountered within the same simulation tick
warn: PowerState: More than one power state change request encountered within the same simulation tick
warn: PowerState: More than one power state change request encountered within the same simulation tick
warn: PowerState: More than one power state change request encountered within the same simulation tick
warn: PowerState: More than one power state change request encountered within the same simulation tick
warn: PowerState: More than one power state change request encountered within the same simulation tick
warn: PowerState: More than one power state change request encountered within the same simulation tick
warn: PowerState: More than one power state change request encountered within the same simulation tick
warn: PowerState: More than one power state change request encountered within the same simulation tick
warn: PowerState: More than one power state change request encountered within the same simulation tick
warn: PowerState: More than one power state change request encountered within the same simulation tick
warn: PowerState: More than one power state change request encountered within the same simulation tick
warn: PowerState: More than one power state change request encountered within the same simulation tick
warn: PowerState: More than one power state change request encountered within the same simulation tick
warn: PowerState: More than one power state change request encountered within the same simulation tick
warn: PowerState: More than one power state change request encountered within the same simulation tick
warn: PowerState: More than one power state change request encountered within the same simulation tick
warn: PowerState: More than one power state change request encountered within the same simulation tick
warn: PowerState: More than one power state change request encountered within the same simulation tick
warn: PowerState: More than one power state change request encountered within the same simulation tick
warn: PowerState: More than one power state change request encountered within the same simulation tick
warn: PowerState: More than one power state change request encountered within the same simulation tick
warn: PowerState: More than one power state change request encountered within the same simulation tick
warn: PowerState: More than one power state change request encountered within the same simulation tick
warn: PowerState: More than one power state change request encountered within the same simulation tick
warn: PowerState: More than one power state change request encountered within the same simulation tick
warn: PowerState: More than one power state change request encountered within the same simulation tick
warn: PowerState: More than one power state change request encountered within the same simulation tick
warn: PowerState: More than one power state change request encountered within the same simulation tick
warn: PowerState: More than one power state change request encountered within the same simulation tick
warn: PowerState: More than one power state change request encountered within the same simulation tick
warn: PowerState: More than one power state change request encountered within the same simulation tick
warn: PowerState: More than one power state change request encountered within the same simulation tick
warn: PowerState: More than one power state change request encountered within the same simulation tick
warn: PowerState: More than one power state change request encountered within the same simulation tick
warn: PowerState: More than one power state change request encountered within the same simulation tick
warn: PowerState: More than one power state change request encountered within the same simulation tick
warn: PowerState: More than one power state change request encountered within the same simulation tick
warn: PowerState: More than one power state change request encountered within the same simulation tick
warn: PowerState: More than one power state change request encountered within the same simulation tick
warn: PowerState: More than one power state change request encountered within the same simulation tick
warn: PowerState: More than one power state change request encountered within the same simulation tick
warn: PowerState: More than one power state change request encountered within the same simulation tick
warn: PowerState: More than one power state change request encountered within the same simulation tick
warn: PowerState: More than one power state change request encountered within the same simulation tick
warn: PowerState: More than one power state change request encountered within the same simulation tick
warn: PowerState: More than one power state change request encountered within the same simulation tick
warn: PowerState: More than one power state change request encountered within the same simulation tick
warn: PowerState: More than one power state change request encountered within the same simulation tick
warn: PowerState: More than one power state change request encountered within the same simulation tick
warn: PowerState: More than one power state change request encountered within the same simulation tick
warn: PowerState: More than one power state change request encountered within the same simulation tick
warn: PowerState: More than one power state change request encountered within the same simulation tick
warn: PowerState: More than one power state change request encountered within the same simulation tick
warn: PowerState: More than one power state change request encountered within the same simulation tick
warn: PowerState: More than one power state change request encountered within the same simulation tick
warn: PowerState: More than one power state change request encountered within the same simulation tick
warn: PowerState: More than one power state change request encountered within the same simulation tick
warn: PowerState: More than one power state change request encountered within the same simulation tick
warn: PowerState: More than one power state change request encountered within the same simulation tick
warn: PowerState: More than one power state change request encountered within the same simulation tick
warn: PowerState: More than one power state change request encountered within the same simulation tick
warn: PowerState: More than one power state change request encountered within the same simulation tick
warn: PowerState: More than one power state change request encountered within the same simulation tick
warn: PowerState: More than one power state change request encountered within the same simulation tick
warn: PowerState: More than one power state change request encountered within the same simulation tick
warn: PowerState: More than one power state change request encountered within the same simulation tick
warn: PowerState: More than one power state change request encountered within the same simulation tick
warn: PowerState: More than one power state change request encountered within the same simulation tick
warn: PowerState: More than one power state change request encountered within the same simulation tick
warn: PowerState: More than one power state change request encountered within the same simulation tick
warn: PowerState: More than one power state change request encountered within the same simulation tick
warn: PowerState: More than one power state change request encountered within the same simulation tick
warn: PowerState: More than one power state change request encountered within the same simulation tick
warn: PowerState: More than one power state change request encountered within the same simulation tick
warn: PowerState: More than one power state change request encountered within the same simulation tick
warn: PowerState: More than one power state change request encountered within the same simulation tick
warn: PowerState: More than one power state change request encountered within the same simulation tick
warn: PowerState: More than one power state change request encountered within the same simulation tick
warn: PowerState: More than one power state change request encountered within the same simulation tick
warn: PowerState: More than one power state change request encountered within the same simulation tick
warn: PowerState: More than one power state change request encountered within the same simulation tick
warn: PowerState: More than one power state change request encountered within the same simulation tick
warn: PowerState: More than one power state change request encountered within the same simulation tick
warn: PowerState: More than one power state change request encountered within the same simulation tick
warn: PowerState: More than one power state change request encountered within the same simulation tick
warn: PowerState: More than one power state change request encountered within the same simulation tick
warn: PowerState: More than one power state change request encountered within the same simulation tick
warn: PowerState: More than one power state change request encountered within the same simulation tick
warn: PowerState: More than one power state change request encountered within the same simulation tick
warn: PowerState: More than one power state change request encountered within the same simulation tick
warn: PowerState: More than one power state change request encountered within the same simulation tick
warn: PowerState: More than one power state change request encountered within the same simulation tick
warn: PowerState: More than one power state change request encountered within the same simulation tick
warn: PowerState: More than one power state change request encountered within the same simulation tick
warn: PowerState: More than one power state change request encountered within the same simulation tick
warn: PowerState: More than one power state change request encountered within the same simulation tick
warn: PowerState: More than one power state change request encountered within the same simulation tick
warn: PowerState: More than one power state change request encountered within the same simulation tick
warn: PowerState: More than one power state change request encountered within the same simulation tick
warn: PowerState: More than one power state change request encountered within the same simulation tick
warn: PowerState: More than one power state change request encountered within the same simulation tick
warn: PowerState: More than one power state change request encountered within the same simulation tick
warn: PowerState: More than one power state change request encountered within the same simulation tick
warn: PowerState: More than one power state change request encountered within the same simulation tick
warn: PowerState: More than one power state change request encountered within the same simulation tick
warn: PowerState: More than one power state change request encountered within the same simulation tick
warn: PowerState: More than one power state change request encountered within the same simulation tick
warn: PowerState: More than one power state change request encountered within the same simulation tick
warn: PowerState: More than one power state change request encountered within the same simulation tick
warn: PowerState: More than one power state change request encountered within the same simulation tick
warn: PowerState: More than one power state change request encountered within the same simulation tick
warn: PowerState: More than one power state change request encountered within the same simulation tick
warn: PowerState: More than one power state change request encountered within the same simulation tick
warn: PowerState: More than one power state change request encountered within the same simulation tick
warn: PowerState: More than one power state change request encountered within the same simulation tick
warn: PowerState: More than one power state change request encountered within the same simulation tick
warn: PowerState: More than one power state change request encountered within the same simulation tick
warn: PowerState: More than one power state change request encountered within the same simulation tick
warn: PowerState: More than one power state change request encountered within the same simulation tick
warn: PowerState: More than one power state change request encountered within the same simulation tick
warn: PowerState: More than one power state change request encountered within the same simulation tick
warn: PowerState: More than one power state change request encountered within the same simulation tick
warn: PowerState: More than one power state change request encountered within the same simulation tick
warn: PowerState: More than one power state change request encountered within the same simulation tick
warn: PowerState: More than one power state change request encountered within the same simulation tick
warn: PowerState: More than one power state change request encountered within the same simulation tick
warn: PowerState: More than one power state change request encountered within the same simulation tick
warn: PowerState: More than one power state change request encountered within the same simulation tick
warn: PowerState: More than one power state change request encountered within the same simulation tick
warn: PowerState: More than one power state change request encountered within the same simulation tick
warn: PowerState: More than one power state change request encountered within the same simulation tick
warn: PowerState: More than one power state change request encountered within the same simulation tick
warn: PowerState: More than one power state change request encountered within the same simulation tick
warn: PowerState: More than one power state change request encountered within the same simulation tick
warn: PowerState: More than one power state change request encountered within the same simulation tick
warn: PowerState: More than one power state change request encountered within the same simulation tick
warn: PowerState: More than one power state change request encountered within the same simulation tick
warn: PowerState: More than one power state change request encountered within the same simulation tick
warn: PowerState: More than one power state change request encountered within the same simulation tick
warn: PowerState: More than one power state change request encountered within the same simulation tick
warn: PowerState: More than one power state change request encountered within the same simulation tick
warn: PowerState: More than one power state change request encountered within the same simulation tick
warn: PowerState: More than one power state change request encountered within the same simulation tick
warn: PowerState: More than one power state change request encountered within the same simulation tick
warn: PowerState: More than one power state change request encountered within the same simulation tick
warn: PowerState: More than one power state change request encountered within the same simulation tick
warn: PowerState: More than one power state change request encountered within the same simulation tick
warn: PowerState: More than one power state change request encountered within the same simulation tick
warn: PowerState: More than one power state change request encountered within the same simulation tick
warn: PowerState: More than one power state change request encountered within the same simulation tick
warn: PowerState: More than one power state change request encountered within the same simulation tick
warn: PowerState: More than one power state change request encountered within the same simulation tick
warn: PowerState: More than one power state change request encountered within the same simulation tick
warn: PowerState: More than one power state change request encountered within the same simulation tick
warn: PowerState: More than one power state change request encountered within the same simulation tick
warn: PowerState: More than one power state change request encountered within the same simulation tick
warn: PowerState: More than one power state change request encountered within the same simulation tick
warn: PowerState: More than one power state change request encountered within the same simulation tick
warn: PowerState: More than one power state change request encountered within the same simulation tick
warn: PowerState: More than one power state change request encountered within the same simulation tick
warn: PowerState: More than one power state change request encountered within the same simulation tick
warn: PowerState: More than one power state change request encountered within the same simulation tick
warn: PowerState: More than one power state change request encountered within the same simulation tick
warn: PowerState: More than one power state change request encountered within the same simulation tick
warn: PowerState: More than one power state change request encountered within the same simulation tick
warn: PowerState: More than one power state change request encountered within the same simulation tick
warn: PowerState: More than one power state change request encountered within the same simulation tick
warn: PowerState: More than one power state change request encountered within the same simulation tick
warn: PowerState: More than one power state change request encountered within the same simulation tick
warn: PowerState: More than one power state change request encountered within the same simulation tick
warn: PowerState: More than one power state change request encountered within the same simulation tick
warn: PowerState: More than one power state change request encountered within the same simulation tick
warn: PowerState: More than one power state change request encountered within the same simulation tick
warn: PowerState: More than one power state change request encountered within the same simulation tick
warn: PowerState: More than one power state change request encountered within the same simulation tick
warn: PowerState: More than one power state change request encountered within the same simulation tick
warn: PowerState: More than one power state change request encountered within the same simulation tick
warn: PowerState: More than one power state change request encountered within the same simulation tick
warn: PowerState: More than one power state change request encountered within the same simulation tick
warn: PowerState: More than one power state change request encountered within the same simulation tick
warn: PowerState: More than one power state change request encountered within the same simulation tick
warn: PowerState: More than one power state change request encountered within the same simulation tick
warn: PowerState: More than one power state change request encountered within the same simulation tick
warn: PowerState: More than one power state change request encountered within the same simulation tick
warn: PowerState: More than one power state change request encountered within the same simulation tick
warn: PowerState: More than one power state change request encountered within the same simulation tick
warn: PowerState: More than one power state change request encountered within the same simulation tick
warn: PowerState: More than one power state change request encountered within the same simulation tick
warn: PowerState: More than one power state change request encountered within the same simulation tick
warn: PowerState: More than one power state change request encountered within the same simulation tick
warn: PowerState: More than one power state change request encountered within the same simulation tick
warn: PowerState: More than one power state change request encountered within the same simulation tick
warn: PowerState: More than one power state change request encountered within the same simulation tick
warn: PowerState: More than one power state change request encountered within the same simulation tick
warn: PowerState: More than one power state change request encountered within the same simulation tick
warn: PowerState: More than one power state change request encountered within the same simulation tick
warn: PowerState: More than one power state change request encountered within the same simulation tick
warn: PowerState: More than one power state change request encountered within the same simulation tick
warn: PowerState: More than one power state change request encountered within the same simulation tick
warn: PowerState: More than one power state change request encountered within the same simulation tick
warn: PowerState: More than one power state change request encountered within the same simulation tick
warn: PowerState: More than one power state change request encountered within the same simulation tick
warn: PowerState: More than one power state change request encountered within the same simulation tick
warn: PowerState: More than one power state change request encountered within the same simulation tick
warn: PowerState: More than one power state change request encountered within the same simulation tick
warn: PowerState: More than one power state change request encountered within the same simulation tick
warn: PowerState: More than one power state change request encountered within the same simulation tick
warn: PowerState: More than one power state change request encountered within the same simulation tick
warn: PowerState: More than one power state change request encountered within the same simulation tick
warn: PowerState: More than one power state change request encountered within the same simulation tick
warn: PowerState: More than one power state change request encountered within the same simulation tick
warn: PowerState: More than one power state change request encountered within the same simulation tick
warn: PowerState: More than one power state change request encountered within the same simulation tick
warn: PowerState: More than one power state change request encountered within the same simulation tick
warn: PowerState: More than one power state change request encountered within the same simulation tick
warn: PowerState: More than one power state change request encountered within the same simulation tick
warn: PowerState: More than one power state change request encountered within the same simulation tick
warn: PowerState: More than one power state change request encountered within the same simulation tick
warn: PowerState: More than one power state change request encountered within the same simulation tick
warn: PowerState: More than one power state change request encountered within the same simulation tick
warn: PowerState: More than one power state change request encountered within the same simulation tick
warn: PowerState: More than one power state change request encountered within the same simulation tick
warn: PowerState: More than one power state change request encountered within the same simulation tick
warn: PowerState: More than one power state change request encountered within the same simulation tick
warn: PowerState: More than one power state change request encountered within the same simulation tick
warn: PowerState: More than one power state change request encountered within the same simulation tick
warn: PowerState: More than one power state change request encountered within the same simulation tick
warn: PowerState: More than one power state change request encountered within the same simulation tick
warn: PowerState: More than one power state change request encountered within the same simulation tick
warn: PowerState: More than one power state change request encountered within the same simulation tick
warn: PowerState: More than one power state change request encountered within the same simulation tick
warn: PowerState: More than one power state change request encountered within the same simulation tick
warn: PowerState: More than one power state change request encountered within the same simulation tick
warn: PowerState: More than one power state change request encountered within the same simulation tick
warn: PowerState: More than one power state change request encountered within the same simulation tick
warn: PowerState: More than one power state change request encountered within the same simulation tick
warn: PowerState: More than one power state change request encountered within the same simulation tick
warn: PowerState: More than one power state change request encountered within the same simulation tick
warn: PowerState: More than one power state change request encountered within the same simulation tick
warn: PowerState: More than one power state change request encountered within the same simulation tick
warn: PowerState: More than one power state change request encountered within the same simulation tick
warn: PowerState: More than one power state change request encountered within the same simulation tick
warn: PowerState: More than one power state change request encountered within the same simulation tick
warn: PowerState: More than one power state change request encountered within the same simulation tick
warn: PowerState: More than one power state change request encountered within the same simulation tick
warn: PowerState: More than one power state change request encountered within the same simulation tick
warn: PowerState: More than one power state change request encountered within the same simulation tick
warn: PowerState: More than one power state change request encountered within the same simulation tick
warn: PowerState: More than one power state change request encountered within the same simulation tick
warn: PowerState: More than one power state change request encountered within the same simulation tick
warn: PowerState: More than one power state change request encountered within the same simulation tick
warn: PowerState: More than one power state change request encountered within the same simulation tick
warn: PowerState: More than one power state change request encountered within the same simulation tick
warn: PowerState: More than one power state change request encountered within the same simulation tick
warn: PowerState: More than one power state change request encountered within the same simulation tick
warn: PowerState: More than one power state change request encountered within the same simulation tick
warn: PowerState: More than one power state change request encountered within the same simulation tick
warn: PowerState: More than one power state change request encountered within the same simulation tick
warn: PowerState: More than one power state change request encountered within the same simulation tick
warn: PowerState: More than one power state change request encountered within the same simulation tick
warn: PowerState: More than one power state change request encountered within the same simulation tick
warn: PowerState: More than one power state change request encountered within the same simulation tick
warn: PowerState: More than one power state change request encountered within the same simulation tick
warn: PowerState: More than one power state change request encountered within the same simulation tick
warn: PowerState: More than one power state change request encountered within the same simulation tick
warn: PowerState: More than one power state change request encountered within the same simulation tick
warn: PowerState: More than one power state change request encountered within the same simulation tick
warn: PowerState: More than one power state change request encountered within the same simulation tick
warn: PowerState: More than one power state change request encountered within the same simulation tick
warn: PowerState: More than one power state change request encountered within the same simulation tick
warn: PowerState: More than one power state change request encountered within the same simulation tick
warn: PowerState: More than one power state change request encountered within the same simulation tick
warn: PowerState: More than one power state change request encountered within the same simulation tick
warn: PowerState: More than one power state change request encountered within the same simulation tick
warn: PowerState: More than one power state change request encountered within the same simulation tick
warn: PowerState: More than one power state change request encountered within the same simulation tick
warn: PowerState: More than one power state change request encountered within the same simulation tick
warn: PowerState: More than one power state change request encountered within the same simulation tick
warn: PowerState: More than one power state change request encountered within the same simulation tick
warn: PowerState: More than one power state change request encountered within the same simulation tick
warn: PowerState: More than one power state change request encountered within the same simulation tick
warn: PowerState: More than one power state change request encountered within the same simulation tick
warn: PowerState: More than one power state change request encountered within the same simulation tick
warn: PowerState: More than one power state change request encountered within the same simulation tick
warn: PowerState: More than one power state change request encountered within the same simulation tick
warn: PowerState: More than one power state change request encountered within the same simulation tick
warn: PowerState: More than one power state change request encountered within the same simulation tick
warn: PowerState: More than one power state change request encountered within the same simulation tick
warn: PowerState: More than one power state change request encountered within the same simulation tick
warn: PowerState: More than one power state change request encountered within the same simulation tick
warn: PowerState: More than one power state change request encountered within the same simulation tick
warn: PowerState: More than one power state change request encountered within the same simulation tick
warn: PowerState: More than one power state change request encountered within the same simulation tick
warn: PowerState: More than one power state change request encountered within the same simulation tick
warn: PowerState: More than one power state change request encountered within the same simulation tick
warn: PowerState: More than one power state change request encountered within the same simulation tick
warn: PowerState: More than one power state change request encountered within the same simulation tick
warn: PowerState: More than one power state change request encountered within the same simulation tick
warn: PowerState: More than one power state change request encountered within the same simulation tick
warn: PowerState: More than one power state change request encountered within the same simulation tick
warn: PowerState: More than one power state change request encountered within the same simulation tick
warn: PowerState: More than one power state change request encountered within the same simulation tick
warn: PowerState: More than one power state change request encountered within the same simulation tick
warn: PowerState: More than one power state change request encountered within the same simulation tick
warn: PowerState: More than one power state change request encountered within the same simulation tick
warn: PowerState: More than one power state change request encountered within the same simulation tick
warn: PowerState: More than one power state change request encountered within the same simulation tick
warn: PowerState: More than one power state change request encountered within the same simulation tick
warn: PowerState: More than one power state change request encountered within the same simulation tick
warn: PowerState: More than one power state change request encountered within the same simulation tick
warn: PowerState: More than one power state change request encountered within the same simulation tick
warn: PowerState: More than one power state change request encountered within the same simulation tick
warn: PowerState: More than one power state change request encountered within the same simulation tick
warn: PowerState: More than one power state change request encountered within the same simulation tick
warn: PowerState: More than one power state change request encountered within the same simulation tick
warn: PowerState: More than one power state change request encountered within the same simulation tick
warn: PowerState: More than one power state change request encountered within the same simulation tick
warn: PowerState: More than one power state change request encountered within the same simulation tick
warn: PowerState: More than one power state change request encountered within the same simulation tick
warn: PowerState: More than one power state change request encountered within the same simulation tick
warn: PowerState: More than one power state change request encountered within the same simulation tick
warn: PowerState: More than one power state change request encountered within the same simulation tick
warn: PowerState: More than one power state change request encountered within the same simulation tick
warn: PowerState: More than one power state change request encountered within the same simulation tick
warn: PowerState: More than one power state change request encountered within the same simulation tick
warn: PowerState: More than one power state change request encountered within the same simulation tick
warn: PowerState: More than one power state change request encountered within the same simulation tick
warn: PowerState: More than one power state change request encountered within the same simulation tick
warn: PowerState: More than one power state change request encountered within the same simulation tick
warn: PowerState: More than one power state change request encountered within the same simulation tick
warn: PowerState: More than one power state change request encountered within the same simulation tick
warn: PowerState: More than one power state change request encountered within the same simulation tick
warn: PowerState: More than one power state change request encountered within the same simulation tick
warn: PowerState: More than one power state change request encountered within the same simulation tick
warn: PowerState: More than one power state change request encountered within the same simulation tick
warn: PowerState: More than one power state change request encountered within the same simulation tick
warn: PowerState: More than one power state change request encountered within the same simulation tick
warn: PowerState: More than one power state change request encountered within the same simulation tick
warn: PowerState: More than one power state change request encountered within the same simulation tick
warn: PowerState: More than one power state change request encountered within the same simulation tick
warn: PowerState: More than one power state change request encountered within the same simulation tick
warn: PowerState: More than one power state change request encountered within the same simulation tick
warn: PowerState: More than one power state change request encountered within the same simulation tick
warn: PowerState: More than one power state change request encountered within the same simulation tick
warn: PowerState: More than one power state change request encountered within the same simulation tick
warn: PowerState: More than one power state change request encountered within the same simulation tick
warn: PowerState: More than one power state change request encountered within the same simulation tick
warn: PowerState: More than one power state change request encountered within the same simulation tick
warn: PowerState: More than one power state change request encountered within the same simulation tick
warn: PowerState: More than one power state change request encountered within the same simulation tick
warn: PowerState: More than one power state change request encountered within the same simulation tick
warn: PowerState: More than one power state change request encountered within the same simulation tick
warn: PowerState: More than one power state change request encountered within the same simulation tick
warn: PowerState: More than one power state change request encountered within the same simulation tick
warn: PowerState: More than one power state change request encountered within the same simulation tick
warn: PowerState: More than one power state change request encountered within the same simulation tick
warn: PowerState: More than one power state change request encountered within the same simulation tick
warn: PowerState: More than one power state change request encountered within the same simulation tick
warn: PowerState: More than one power state change request encountered within the same simulation tick
warn: PowerState: More than one power state change request encountered within the same simulation tick
warn: PowerState: More than one power state change request encountered within the same simulation tick
warn: PowerState: More than one power state change request encountered within the same simulation tick
warn: PowerState: More than one power state change request encountered within the same simulation tick
warn: PowerState: More than one power state change request encountered within the same simulation tick
warn: PowerState: More than one power state change request encountered within the same simulation tick
warn: PowerState: More than one power state change request encountered within the same simulation tick
warn: PowerState: More than one power state change request encountered within the same simulation tick
warn: PowerState: More than one power state change request encountered within the same simulation tick
warn: PowerState: More than one power state change request encountered within the same simulation tick
warn: PowerState: More than one power state change request encountered within the same simulation tick
warn: PowerState: More than one power state change request encountered within the same simulation tick
warn: PowerState: More than one power state change request encountered within the same simulation tick
warn: PowerState: More than one power state change request encountered within the same simulation tick
warn: PowerState: More than one power state change request encountered within the same simulation tick
warn: PowerState: More than one power state change request encountered within the same simulation tick
warn: PowerState: More than one power state change request encountered within the same simulation tick
warn: PowerState: More than one power state change request encountered within the same simulation tick
warn: PowerState: More than one power state change request encountered within the same simulation tick
warn: PowerState: More than one power state change request encountered within the same simulation tick
warn: PowerState: More than one power state change request encountered within the same simulation tick
warn: PowerState: More than one power state change request encountered within the same simulation tick
warn: PowerState: More than one power state change request encountered within the same simulation tick
warn: PowerState: More than one power state change request encountered within the same simulation tick
warn: PowerState: More than one power state change request encountered within the same simulation tick
warn: PowerState: More than one power state change request encountered within the same simulation tick
warn: PowerState: More than one power state change request encountered within the same simulation tick
warn: PowerState: More than one power state change request encountered within the same simulation tick
warn: PowerState: More than one power state change request encountered within the same simulation tick
warn: PowerState: More than one power state change request encountered within the same simulation tick
warn: PowerState: More than one power state change request encountered within the same simulation tick
warn: PowerState: More than one power state change request encountered within the same simulation tick
warn: PowerState: More than one power state change request encountered within the same simulation tick
warn: PowerState: More than one power state change request encountered within the same simulation tick
warn: PowerState: More than one power state change request encountered within the same simulation tick
warn: PowerState: More than one power state change request encountered within the same simulation tick
warn: PowerState: More than one power state change request encountered within the same simulation tick
warn: PowerState: More than one power state change request encountered within the same simulation tick
warn: PowerState: More than one power state change request encountered within the same simulation tick
warn: PowerState: More than one power state change request encountered within the same simulation tick
warn: PowerState: More than one power state change request encountered within the same simulation tick
warn: PowerState: More than one power state change request encountered within the same simulation tick
warn: PowerState: More than one power state change request encountered within the same simulation tick
warn: PowerState: More than one power state change request encountered within the same simulation tick
warn: PowerState: More than one power state change request encountered within the same simulation tick
warn: PowerState: More than one power state change request encountered within the same simulation tick
warn: PowerState: More than one power state change request encountered within the same simulation tick
warn: PowerState: More than one power state change request encountered within the same simulation tick
warn: PowerState: More than one power state change request encountered within the same simulation tick
warn: PowerState: More than one power state change request encountered within the same simulation tick
warn: PowerState: More than one power state change request encountered within the same simulation tick
warn: PowerState: More than one power state change request encountered within the same simulation tick
warn: PowerState: More than one power state change request encountered within the same simulation tick
warn: PowerState: More than one power state change request encountered within the same simulation tick
warn: PowerState: More than one power state change request encountered within the same simulation tick
warn: PowerState: More than one power state change request encountered within the same simulation tick
warn: PowerState: More than one power state change request encountered within the same simulation tick
warn: PowerState: More than one power state change request encountered within the same simulation tick
warn: PowerState: More than one power state change request encountered within the same simulation tick
warn: PowerState: More than one power state change request encountered within the same simulation tick
warn: PowerState: More than one power state change request encountered within the same simulation tick
warn: PowerState: More than one power state change request encountered within the same simulation tick
warn: PowerState: More than one power state change request encountered within the same simulation tick
warn: PowerState: More than one power state change request encountered within the same simulation tick
warn: PowerState: More than one power state change request encountered within the same simulation tick
warn: PowerState: More than one power state change request encountered within the same simulation tick
warn: PowerState: More than one power state change request encountered within the same simulation tick
warn: PowerState: More than one power state change request encountered within the same simulation tick
warn: PowerState: More than one power state change request encountered within the same simulation tick
warn: PowerState: More than one power state change request encountered within the same simulation tick
warn: PowerState: More than one power state change request encountered within the same simulation tick
warn: PowerState: More than one power state change request encountered within the same simulation tick
warn: PowerState: More than one power state change request encountered within the same simulation tick
warn: PowerState: More than one power state change request encountered within the same simulation tick
warn: PowerState: More than one power state change request encountered within the same simulation tick
warn: PowerState: More than one power state change request encountered within the same simulation tick
warn: PowerState: More than one power state change request encountered within the same simulation tick
warn: PowerState: More than one power state change request encountered within the same simulation tick
warn: PowerState: More than one power state change request encountered within the same simulation tick
warn: PowerState: More than one power state change request encountered within the same simulation tick
warn: PowerState: More than one power state change request encountered within the same simulation tick
warn: PowerState: More than one power state change request encountered within the same simulation tick
warn: PowerState: More than one power state change request encountered within the same simulation tick
warn: PowerState: More than one power state change request encountered within the same simulation tick
warn: PowerState: More than one power state change request encountered within the same simulation tick
warn: PowerState: More than one power state change request encountered within the same simulation tick
warn: PowerState: More than one power state change request encountered within the same simulation tick
warn: PowerState: More than one power state change request encountered within the same simulation tick
warn: PowerState: More than one power state change request encountered within the same simulation tick
warn: PowerState: More than one power state change request encountered within the same simulation tick
warn: PowerState: More than one power state change request encountered within the same simulation tick
warn: PowerState: More than one power state change request encountered within the same simulation tick
warn: PowerState: More than one power state change request encountered within the same simulation tick
warn: PowerState: More than one power state change request encountered within the same simulation tick
warn: PowerState: More than one power state change request encountered within the same simulation tick
warn: PowerState: More than one power state change request encountered within the same simulation tick
warn: PowerState: More than one power state change request encountered within the same simulation tick
warn: PowerState: More than one power state change request encountered within the same simulation tick
warn: PowerState: More than one power state change request encountered within the same simulation tick
warn: PowerState: More than one power state change request encountered within the same simulation tick
warn: PowerState: More than one power state change request encountered within the same simulation tick
warn: PowerState: More than one power state change request encountered within the same simulation tick
warn: PowerState: More than one power state change request encountered within the same simulation tick
warn: PowerState: More than one power state change request encountered within the same simulation tick
warn: PowerState: More than one power state change request encountered within the same simulation tick
warn: PowerState: More than one power state change request encountered within the same simulation tick
warn: PowerState: More than one power state change request encountered within the same simulation tick
warn: PowerState: More than one power state change request encountered within the same simulation tick
warn: PowerState: More than one power state change request encountered within the same simulation tick
warn: PowerState: More than one power state change request encountered within the same simulation tick
warn: PowerState: More than one power state change request encountered within the same simulation tick
warn: PowerState: More than one power state change request encountered within the same simulation tick
warn: PowerState: More than one power state change request encountered within the same simulation tick
warn: PowerState: More than one power state change request encountered within the same simulation tick
warn: PowerState: More than one power state change request encountered within the same simulation tick
warn: PowerState: More than one power state change request encountered within the same simulation tick
warn: PowerState: More than one power state change request encountered within the same simulation tick
warn: PowerState: More than one power state change request encountered within the same simulation tick
warn: PowerState: More than one power state change request encountered within the same simulation tick
warn: PowerState: More than one power state change request encountered within the same simulation tick
warn: PowerState: More than one power state change request encountered within the same simulation tick
warn: PowerState: More than one power state change request encountered within the same simulation tick
warn: PowerState: More than one power state change request encountered within the same simulation tick
warn: PowerState: More than one power state change request encountered within the same simulation tick
warn: PowerState: More than one power state change request encountered within the same simulation tick
warn: PowerState: More than one power state change request encountered within the same simulation tick
warn: PowerState: More than one power state change request encountered within the same simulation tick
warn: PowerState: More than one power state change request encountered within the same simulation tick
warn: PowerState: More than one power state change request encountered within the same simulation tick
warn: PowerState: More than one power state change request encountered within the same simulation tick
warn: PowerState: More than one power state change request encountered within the same simulation tick
warn: PowerState: More than one power state change request encountered within the same simulation tick
warn: PowerState: More than one power state change request encountered within the same simulation tick
warn: PowerState: More than one power state change request encountered within the same simulation tick
warn: PowerState: More than one power state change request encountered within the same simulation tick
warn: PowerState: More than one power state change request encountered within the same simulation tick
warn: PowerState: More than one power state change request encountered within the same simulation tick
warn: PowerState: More than one power state change request encountered within the same simulation tick
warn: PowerState: More than one power state change request encountered within the same simulation tick
warn: PowerState: More than one power state change request encountered within the same simulation tick
warn: PowerState: More than one power state change request encountered within the same simulation tick
warn: PowerState: More than one power state change request encountered within the same simulation tick
warn: PowerState: More than one power state change request encountered within the same simulation tick
warn: PowerState: More than one power state change request encountered within the same simulation tick
warn: PowerState: More than one power state change request encountered within the same simulation tick
warn: PowerState: More than one power state change request encountered within the same simulation tick
warn: PowerState: More than one power state change request encountered within the same simulation tick
warn: PowerState: More than one power state change request encountered within the same simulation tick
warn: PowerState: More than one power state change request encountered within the same simulation tick
warn: PowerState: More than one power state change request encountered within the same simulation tick
warn: PowerState: More than one power state change request encountered within the same simulation tick
warn: PowerState: More than one power state change request encountered within the same simulation tick
warn: PowerState: More than one power state change request encountered within the same simulation tick
warn: PowerState: More than one power state change request encountered within the same simulation tick
warn: PowerState: More than one power state change request encountered within the same simulation tick
warn: PowerState: More than one power state change request encountered within the same simulation tick
warn: PowerState: More than one power state change request encountered within the same simulation tick
warn: PowerState: More than one power state change request encountered within the same simulation tick
warn: PowerState: More than one power state change request encountered within the same simulation tick
warn: PowerState: More than one power state change request encountered within the same simulation tick
warn: PowerState: More than one power state change request encountered within the same simulation tick
warn: PowerState: More than one power state change request encountered within the same simulation tick
warn: PowerState: More than one power state change request encountered within the same simulation tick
warn: PowerState: More than one power state change request encountered within the same simulation tick
warn: PowerState: More than one power state change request encountered within the same simulation tick
warn: PowerState: More than one power state change request encountered within the same simulation tick
warn: PowerState: More than one power state change request encountered within the same simulation tick
warn: PowerState: More than one power state change request encountered within the same simulation tick
warn: PowerState: More than one power state change request encountered within the same simulation tick
warn: PowerState: More than one power state change request encountered within the same simulation tick
warn: PowerState: More than one power state change request encountered within the same simulation tick
warn: PowerState: More than one power state change request encountered within the same simulation tick
warn: PowerState: More than one power state change request encountered within the same simulation tick
warn: PowerState: More than one power state change request encountered within the same simulation tick
warn: PowerState: More than one power state change request encountered within the same simulation tick
warn: PowerState: More than one power state change request encountered within the same simulation tick
warn: PowerState: More than one power state change request encountered within the same simulation tick
warn: PowerState: More than one power state change request encountered within the same simulation tick
warn: PowerState: More than one power state change request encountered within the same simulation tick
warn: PowerState: More than one power state change request encountered within the same simulation tick
warn: PowerState: More than one power state change request encountered within the same simulation tick
warn: PowerState: More than one power state change request encountered within the same simulation tick
warn: PowerState: More than one power state change request encountered within the same simulation tick
warn: PowerState: More than one power state change request encountered within the same simulation tick
warn: PowerState: More than one power state change request encountered within the same simulation tick
warn: PowerState: More than one power state change request encountered within the same simulation tick
warn: PowerState: More than one power state change request encountered within the same simulation tick
warn: PowerState: More than one power state change request encountered within the same simulation tick
warn: PowerState: More than one power state change request encountered within the same simulation tick
warn: PowerState: More than one power state change request encountered within the same simulation tick
warn: PowerState: More than one power state change request encountered within the same simulation tick
warn: PowerState: More than one power state change request encountered within the same simulation tick
warn: PowerState: More than one power state change request encountered within the same simulation tick
warn: PowerState: More than one power state change request encountered within the same simulation tick
warn: PowerState: More than one power state change request encountered within the same simulation tick
warn: PowerState: More than one power state change request encountered within the same simulation tick
warn: PowerState: More than one power state change request encountered within the same simulation tick
warn: PowerState: More than one power state change request encountered within the same simulation tick
warn: PowerState: More than one power state change request encountered within the same simulation tick
warn: PowerState: More than one power state change request encountered within the same simulation tick
warn: PowerState: More than one power state change request encountered within the same simulation tick
warn: PowerState: More than one power state change request encountered within the same simulation tick
warn: PowerState: More than one power state change request encountered within the same simulation tick
warn: PowerState: More than one power state change request encountered within the same simulation tick
warn: PowerState: More than one power state change request encountered within the same simulation tick
warn: PowerState: More than one power state change request encountered within the same simulation tick
warn: PowerState: More than one power state change request encountered within the same simulation tick
warn: PowerState: More than one power state change request encountered within the same simulation tick
warn: PowerState: More than one power state change request encountered within the same simulation tick
warn: PowerState: More than one power state change request encountered within the same simulation tick
warn: PowerState: More than one power state change request encountered within the same simulation tick
warn: PowerState: More than one power state change request encountered within the same simulation tick
warn: PowerState: More than one power state change request encountered within the same simulation tick
warn: PowerState: More than one power state change request encountered within the same simulation tick
warn: PowerState: More than one power state change request encountered within the same simulation tick
warn: PowerState: More than one power state change request encountered within the same simulation tick
warn: PowerState: More than one power state change request encountered within the same simulation tick
warn: PowerState: More than one power state change request encountered within the same simulation tick
warn: PowerState: More than one power state change request encountered within the same simulation tick
warn: PowerState: More than one power state change request encountered within the same simulation tick
warn: PowerState: More than one power state change request encountered within the same simulation tick
warn: PowerState: More than one power state change request encountered within the same simulation tick
! src/apps/bench/ripc/src/../../rustbenchs/src/bremote_ipc.rs:200  PERF "remote pingpong with (1 * 512) msgs": 2305 cycles (+/- 1 cycles with 1000 runs)

Testing "pingpong_remote128" in src/apps/bench/ripc/src/../../rustbenchs/src/bremote_ipc.rs:
childactivity.rs: /bin/ripc
warn: PowerState: More than one power state change request encountered within the same simulation tick
warn: PowerState: More than one power state change request encountered within the same simulation tick
warn: PowerState: More than one power state change request encountered within the same simulation tick
warn: PowerState: More than one power state change request encountered within the same simulation tick
warn: PowerState: More than one power state change request encountered within the same simulation tick
warn: PowerState: More than one power state change request encountered within the same simulation tick
warn: PowerState: More than one power state change request encountered within the same simulation tick
warn: PowerState: More than one power state change request encountered within the same simulation tick
warn: PowerState: More than one power state change request encountered within the same simulation tick
warn: PowerState: More than one power state change request encountered within the same simulation tick
warn: PowerState: More than one power state change request encountered within the same simulation tick
warn: PowerState: More than one power state change request encountered within the same simulation tick
warn: PowerState: More than one power state change request encountered within the same simulation tick
warn: PowerState: More than one power state change request encountered within the same simulation tick
warn: PowerState: More than one power state change request encountered within the same simulation tick
warn: PowerState: More than one power state change request encountered within the same simulation tick
warn: PowerState: More than one power state change request encountered within the same simulation tick
warn: PowerState: More than one power state change request encountered within the same simulation tick
warn: PowerState: More than one power state change request encountered within the same simulation tick
warn: PowerState: More than one power state change request encountered within the same simulation tick
warn: PowerState: More than one power state change request encountered within the same simulation tick
warn: PowerState: More than one power state change request encountered within the same simulation tick
warn: PowerState: More than one power state change request encountered within the same simulation tick
warn: PowerState: More than one power state change request encountered within the same simulation tick
warn: PowerState: More than one power state change request encountered within the same simulation tick
warn: PowerState: More than one power state change request encountered within the same simulation tick
warn: PowerState: More than one power state change request encountered within the same simulation tick
warn: PowerState: More than one power state change request encountered within the same simulation tick
warn: PowerState: More than one power state change request encountered within the same simulation tick
warn: PowerState: More than one power state change request encountered within the same simulation tick
warn: PowerState: More than one power state change request encountered within the same simulation tick
warn: PowerState: More than one power state change request encountered within the same simulation tick
warn: PowerState: More than one power state change request encountered within the same simulation tick
warn: PowerState: More than one power state change request encountered within the same simulation tick
warn: PowerState: More than one power state change request encountered within the same simulation tick
warn: PowerState: More than one power state change request encountered within the same simulation tick
warn: PowerState: More than one power state change request encountered within the same simulation tick
warn: PowerState: More than one power state change request encountered within the same simulation tick
warn: PowerState: More than one power state change request encountered within the same simulation tick
warn: PowerState: More than one power state change request encountered within the same simulation tick
warn: PowerState: More than one power state change request encountered within the same simulation tick
warn: PowerState: More than one power state change request encountered within the same simulation tick
warn: PowerState: More than one power state change request encountered within the same simulation tick
warn: PowerState: More than one power state change request encountered within the same simulation tick
warn: PowerState: More than one power state change request encountered within the same simulation tick
warn: PowerState: More than one power state change request encountered within the same simulation tick
warn: PowerState: More than one power state change request encountered within the same simulation tick
warn: PowerState: More than one power state change request encountered within the same simulation tick
warn: PowerState: More than one power state change request encountered within the same simulation tick
warn: PowerState: More than one power state change request encountered within the same simulation tick
warn: PowerState: More than one power state change request encountered within the same simulation tick
warn: PowerState: More than one power state change request encountered within the same simulation tick
warn: PowerState: More than one power state change request encountered within the same simulation tick
warn: PowerState: More than one power state change request encountered within the same simulation tick
warn: PowerState: More than one power state change request encountered within the same simulation tick
warn: PowerState: More than one power state change request encountered within the same simulation tick
warn: PowerState: More than one power state change request encountered within the same simulation tick
warn: PowerState: More than one power state change request encountered within the same simulation tick
warn: PowerState: More than one power state change request encountered within the same simulation tick
warn: PowerState: More than one power state change request encountered within the same simulation tick
warn: PowerState: More than one power state change request encountered within the same simulation tick
warn: PowerState: More than one power state change request encountered within the same simulation tick
warn: PowerState: More than one power state change request encountered within the same simulation tick
warn: PowerState: More than one power state change request encountered within the same simulation tick
warn: PowerState: More than one power state change request encountered within the same simulation tick
warn: PowerState: More than one power state change request encountered within the same simulation tick
warn: PowerState: More than one power state change request encountered within the same simulation tick
warn: PowerState: More than one power state change request encountered within the same simulation tick
warn: PowerState: More than one power state change request encountered within the same simulation tick
warn: PowerState: More than one power state change request encountered within the same simulation tick
warn: PowerState: More than one power state change request encountered within the same simulation tick
warn: PowerState: More than one power state change request encountered within the same simulation tick
warn: PowerState: More than one power state change request encountered within the same simulation tick
warn: PowerState: More than one power state change request encountered within the same simulation tick
warn: PowerState: More than one power state change request encountered within the same simulation tick
warn: PowerState: More than one power state change request encountered within the same simulation tick
warn: PowerState: More than one power state change request encountered within the same simulation tick
warn: PowerState: More than one power state change request encountered within the same simulation tick
warn: PowerState: More than one power state change request encountered within the same simulation tick
warn: PowerState: More than one power state change request encountered within the same simulation tick
warn: PowerState: More than one power state change request encountered within the same simulation tick
warn: PowerState: More than one power state change request encountered within the same simulation tick
warn: PowerState: More than one power state change request encountered within the same simulation tick
warn: PowerState: More than one power state change request encountered within the same simulation tick
warn: PowerState: More than one power state change request encountered within the same simulation tick
warn: PowerState: More than one power state change request encountered within the same simulation tick
warn: PowerState: More than one power state change request encountered within the same simulation tick
warn: PowerState: More than one power state change request encountered within the same simulation tick
warn: PowerState: More than one power state change request encountered within the same simulation tick
warn: PowerState: More than one power state change request encountered within the same simulation tick
warn: PowerState: More than one power state change request encountered within the same simulation tick
warn: PowerState: More than one power state change request encountered within the same simulation tick
warn: PowerState: More than one power state change request encountered within the same simulation tick
warn: PowerState: More than one power state change request encountered within the same simulation tick
warn: PowerState: More than one power state change request encountered within the same simulation tick
warn: PowerState: More than one power state change request encountered within the same simulation tick
warn: PowerState: More than one power state change request encountered within the same simulation tick
warn: PowerState: More than one power state change request encountered within the same simulation tick
warn: PowerState: More than one power state change request encountered within the same simulation tick
warn: PowerState: More than one power state change request encountered within the same simulation tick
warn: PowerState: More than one power state change request encountered within the same simulation tick
warn: PowerState: More than one power state change request encountered within the same simulation tick
warn: PowerState: More than one power state change request encountered within the same simulation tick
warn: PowerState: More than one power state change request encountered within the same simulation tick
warn: PowerState: More than one power state change request encountered within the same simulation tick
warn: PowerState: More than one power state change request encountered within the same simulation tick
warn: PowerState: More than one power state change request encountered within the same simulation tick
warn: PowerState: More than one power state change request encountered within the same simulation tick
warn: PowerState: More than one power state change request encountered within the same simulation tick
warn: PowerState: More than one power state change request encountered within the same simulation tick
warn: PowerState: More than one power state change request encountered within the same simulation tick
warn: PowerState: More than one power state change request encountered within the same simulation tick
warn: PowerState: More than one power state change request encountered within the same simulation tick
warn: PowerState: More than one power state change request encountered within the same simulation tick
warn: PowerState: More than one power state change request encountered within the same simulation tick
warn: PowerState: More than one power state change request encountered within the same simulation tick
warn: PowerState: More than one power state change request encountered within the same simulation tick
warn: PowerState: More than one power state change request encountered within the same simulation tick
warn: PowerState: More than one power state change request encountered within the same simulation tick
warn: PowerState: More than one power state change request encountered within the same simulation tick
warn: PowerState: More than one power state change request encountered within the same simulation tick
warn: PowerState: More than one power state change request encountered within the same simulation tick
warn: PowerState: More than one power state change request encountered within the same simulation tick
warn: PowerState: More than one power state change request encountered within the same simulation tick
warn: PowerState: More than one power state change request encountered within the same simulation tick
warn: PowerState: More than one power state change request encountered within the same simulation tick
warn: PowerState: More than one power state change request encountered within the same simulation tick
warn: PowerState: More than one power state change request encountered within the same simulation tick
warn: PowerState: More than one power state change request encountered within the same simulation tick
warn: PowerState: More than one power state change request encountered within the same simulation tick
warn: PowerState: More than one power state change request encountered within the same simulation tick
warn: PowerState: More than one power state change request encountered within the same simulation tick
warn: PowerState: More than one power state change request encountered within the same simulation tick
warn: PowerState: More than one power state change request encountered within the same simulation tick
warn: PowerState: More than one power state change request encountered within the same simulation tick
warn: PowerState: More than one power state change request encountered within the same simulation tick
warn: PowerState: More than one power state change request encountered within the same simulation tick
warn: PowerState: More than one power state change request encountered within the same simulation tick
warn: PowerState: More than one power state change request encountered within the same simulation tick
warn: PowerState: More than one power state change request encountered within the same simulation tick
warn: PowerState: More than one power state change request encountered within the same simulation tick
warn: PowerState: More than one power state change request encountered within the same simulation tick
warn: PowerState: More than one power state change request encountered within the same simulation tick
warn: PowerState: More than one power state change request encountered within the same simulation tick
warn: PowerState: More than one power state change request encountered within the same simulation tick
warn: PowerState: More than one power state change request encountered within the same simulation tick
warn: PowerState: More than one power state change request encountered within the same simulation tick
warn: PowerState: More than one power state change request encountered within the same simulation tick
warn: PowerState: More than one power state change request encountered within the same simulation tick
warn: PowerState: More than one power state change request encountered within the same simulation tick
warn: PowerState: More than one power state change request encountered within the same simulation tick
warn: PowerState: More than one power state change request encountered within the same simulation tick
warn: PowerState: More than one power state change request encountered within the same simulation tick
warn: PowerState: More than one power state change request encountered within the same simulation tick
warn: PowerState: More than one power state change request encountered within the same simulation tick
warn: PowerState: More than one power state change request encountered within the same simulation tick
warn: PowerState: More than one power state change request encountered within the same simulation tick
warn: PowerState: More than one power state change request encountered within the same simulation tick
warn: PowerState: More than one power state change request encountered within the same simulation tick
warn: PowerState: More than one power state change request encountered within the same simulation tick
warn: PowerState: More than one power state change request encountered within the same simulation tick
warn: PowerState: More than one power state change request encountered within the same simulation tick
warn: PowerState: More than one power state change request encountered within the same simulation tick
warn: PowerState: More than one power state change request encountered within the same simulation tick
warn: PowerState: More than one power state change request encountered within the same simulation tick
warn: PowerState: More than one power state change request encountered within the same simulation tick
warn: PowerState: More than one power state change request encountered within the same simulation tick
warn: PowerState: More than one power state change request encountered within the same simulation tick
warn: PowerState: More than one power state change request encountered within the same simulation tick
warn: PowerState: More than one power state change request encountered within the same simulation tick
warn: PowerState: More than one power state change request encountered within the same simulation tick
warn: PowerState: More than one power state change request encountered within the same simulation tick
warn: PowerState: More than one power state change request encountered within the same simulation tick
warn: PowerState: More than one power state change request encountered within the same simulation tick
warn: PowerState: More than one power state change request encountered within the same simulation tick
warn: PowerState: More than one power state change request encountered within the same simulation tick
warn: PowerState: More than one power state change request encountered within the same simulation tick
warn: PowerState: More than one power state change request encountered within the same simulation tick
warn: PowerState: More than one power state change request encountered within the same simulation tick
warn: PowerState: More than one power state change request encountered within the same simulation tick
warn: PowerState: More than one power state change request encountered within the same simulation tick
warn: PowerState: More than one power state change request encountered within the same simulation tick
warn: PowerState: More than one power state change request encountered within the same simulation tick
warn: PowerState: More than one power state change request encountered within the same simulation tick
warn: PowerState: More than one power state change request encountered within the same simulation tick
warn: PowerState: More than one power state change request encountered within the same simulation tick
warn: PowerState: More than one power state change request encountered within the same simulation tick
warn: PowerState: More than one power state change request encountered within the same simulation tick
warn: PowerState: More than one power state change request encountered within the same simulation tick
warn: PowerState: More than one power state change request encountered within the same simulation tick
warn: PowerState: More than one power state change request encountered within the same simulation tick
warn: PowerState: More than one power state change request encountered within the same simulation tick
warn: PowerState: More than one power state change request encountered within the same simulation tick
warn: PowerState: More than one power state change request encountered within the same simulation tick
warn: PowerState: More than one power state change request encountered within the same simulation tick
warn: PowerState: More than one power state change request encountered within the same simulation tick
warn: PowerState: More than one power state change request encountered within the same simulation tick
warn: PowerState: More than one power state change request encountered within the same simulation tick
warn: PowerState: More than one power state change request encountered within the same simulation tick
warn: PowerState: More than one power state change request encountered within the same simulation tick
warn: PowerState: More than one power state change request encountered within the same simulation tick
warn: PowerState: More than one power state change request encountered within the same simulation tick
warn: PowerState: More than one power state change request encountered within the same simulation tick
warn: PowerState: More than one power state change request encountered within the same simulation tick
warn: PowerState: More than one power state change request encountered within the same simulation tick
warn: PowerState: More than one power state change request encountered within the same simulation tick
warn: PowerState: More than one power state change request encountered within the same simulation tick
warn: PowerState: More than one power state change request encountered within the same simulation tick
warn: PowerState: More than one power state change request encountered within the same simulation tick
warn: PowerState: More than one power state change request encountered within the same simulation tick
warn: PowerState: More than one power state change request encountered within the same simulation tick
warn: PowerState: More than one power state change request encountered within the same simulation tick
warn: PowerState: More than one power state change request encountered within the same simulation tick
warn: PowerState: More than one power state change request encountered within the same simulation tick
warn: PowerState: More than one power state change request encountered within the same simulation tick
warn: PowerState: More than one power state change request encountered within the same simulation tick
warn: PowerState: More than one power state change request encountered within the same simulation tick
warn: PowerState: More than one power state change request encountered within the same simulation tick
warn: PowerState: More than one power state change request encountered within the same simulation tick
warn: PowerState: More than one power state change request encountered within the same simulation tick
warn: PowerState: More than one power state change request encountered within the same simulation tick
warn: PowerState: More than one power state change request encountered within the same simulation tick
warn: PowerState: More than one power state change request encountered within the same simulation tick
warn: PowerState: More than one power state change request encountered within the same simulation tick
warn: PowerState: More than one power state change request encountered within the same simulation tick
warn: PowerState: More than one power state change request encountered within the same simulation tick
warn: PowerState: More than one power state change request encountered within the same simulation tick
warn: PowerState: More than one power state change request encountered within the same simulation tick
warn: PowerState: More than one power state change request encountered within the same simulation tick
warn: PowerState: More than one power state change request encountered within the same simulation tick
warn: PowerState: More than one power state change request encountered within the same simulation tick
warn: PowerState: More than one power state change request encountered within the same simulation tick
warn: PowerState: More than one power state change request encountered within the same simulation tick
warn: PowerState: More than one power state change request encountered within the same simulation tick
warn: PowerState: More than one power state change request encountered within the same simulation tick
warn: PowerState: More than one power state change request encountered within the same simulation tick
warn: PowerState: More than one power state change request encountered within the same simulation tick
warn: PowerState: More than one power state change request encountered within the same simulation tick
warn: PowerState: More than one power state change request encountered within the same simulation tick
warn: PowerState: More than one power state change request encountered within the same simulation tick
warn: PowerState: More than one power state change request encountered within the same simulation tick
warn: PowerState: More than one power state change request encountered within the same simulation tick
warn: PowerState: More than one power state change request encountered within the same simulation tick
warn: PowerState: More than one power state change request encountered within the same simulation tick
warn: PowerState: More than one power state change request encountered within the same simulation tick
warn: PowerState: More than one power state change request encountered within the same simulation tick
warn: PowerState: More than one power state change request encountered within the same simulation tick
warn: PowerState: More than one power state change request encountered within the same simulation tick
warn: PowerState: More than one power state change request encountered within the same simulation tick
warn: PowerState: More than one power state change request encountered within the same simulation tick
warn: PowerState: More than one power state change request encountered within the same simulation tick
warn: PowerState: More than one power state change request encountered within the same simulation tick
warn: PowerState: More than one power state change request encountered within the same simulation tick
warn: PowerState: More than one power state change request encountered within the same simulation tick
warn: PowerState: More than one power state change request encountered within the same simulation tick
warn: PowerState: More than one power state change request encountered within the same simulation tick
warn: PowerState: More than one power state change request encountered within the same simulation tick
warn: PowerState: More than one power state change request encountered within the same simulation tick
warn: PowerState: More than one power state change request encountered within the same simulation tick
warn: PowerState: More than one power state change request encountered within the same simulation tick
warn: PowerState: More than one power state change request encountered within the same simulation tick
warn: PowerState: More than one power state change request encountered within the same simulation tick
warn: PowerState: More than one power state change request encountered within the same simulation tick
warn: PowerState: More than one power state change request encountered within the same simulation tick
warn: PowerState: More than one power state change request encountered within the same simulation tick
warn: PowerState: More than one power state change request encountered within the same simulation tick
warn: PowerState: More than one power state change request encountered within the same simulation tick
warn: PowerState: More than one power state change request encountered within the same simulation tick
warn: PowerState: More than one power state change request encountered within the same simulation tick
warn: PowerState: More than one power state change request encountered within the same simulation tick
warn: PowerState: More than one power state change request encountered within the same simulation tick
warn: PowerState: More than one power state change request encountered within the same simulation tick
warn: PowerState: More than one power state change request encountered within the same simulation tick
warn: PowerState: More than one power state change request encountered within the same simulation tick
warn: PowerState: More than one power state change request encountered within the same simulation tick
warn: PowerState: More than one power state change request encountered within the same simulation tick
warn: PowerState: More than one power state change request encountered within the same simulation tick
warn: PowerState: More than one power state change request encountered within the same simulation tick
warn: PowerState: More than one power state change request encountered within the same simulation tick
warn: PowerState: More than one power state change request encountered within the same simulation tick
warn: PowerState: More than one power state change request encountered within the same simulation tick
warn: PowerState: More than one power state change request encountered within the same simulation tick
warn: PowerState: More than one power state change request encountered within the same simulation tick
warn: PowerState: More than one power state change request encountered within the same simulation tick
warn: PowerState: More than one power state change request encountered within the same simulation tick
warn: PowerState: More than one power state change request encountered within the same simulation tick
warn: PowerState: More than one power state change request encountered within the same simulation tick
warn: PowerState: More than one power state change request encountered within the same simulation tick
warn: PowerState: More than one power state change request encountered within the same simulation tick
warn: PowerState: More than one power state change request encountered within the same simulation tick
warn: PowerState: More than one power state change request encountered within the same simulation tick
warn: PowerState: More than one power state change request encountered within the same simulation tick
warn: PowerState: More than one power state change request encountered within the same simulation tick
warn: PowerState: More than one power state change request encountered within the same simulation tick
warn: PowerState: More than one power state change request encountered within the same simulation tick
warn: PowerState: More than one power state change request encountered within the same simulation tick
warn: PowerState: More than one power state change request encountered within the same simulation tick
warn: PowerState: More than one power state change request encountered within the same simulation tick
warn: PowerState: More than one power state change request encountered within the same simulation tick
warn: PowerState: More than one power state change request encountered within the same simulation tick
warn: PowerState: More than one power state change request encountered within the same simulation tick
warn: PowerState: More than one power state change request encountered within the same simulation tick
warn: PowerState: More than one power state change request encountered within the same simulation tick
warn: PowerState: More than one power state change request encountered within the same simulation tick
warn: PowerState: More than one power state change request encountered within the same simulation tick
warn: PowerState: More than one power state change request encountered within the same simulation tick
warn: PowerState: More than one power state change request encountered within the same simulation tick
warn: PowerState: More than one power state change request encountered within the same simulation tick
warn: PowerState: More than one power state change request encountered within the same simulation tick
warn: PowerState: More than one power state change request encountered within the same simulation tick
warn: PowerState: More than one power state change request encountered within the same simulation tick
warn: PowerState: More than one power state change request encountered within the same simulation tick
warn: PowerState: More than one power state change request encountered within the same simulation tick
warn: PowerState: More than one power state change request encountered within the same simulation tick
warn: PowerState: More than one power state change request encountered within the same simulation tick
warn: PowerState: More than one power state change request encountered within the same simulation tick
warn: PowerState: More than one power state change request encountered within the same simulation tick
warn: PowerState: More than one power state change request encountered within the same simulation tick
warn: PowerState: More than one power state change request encountered within the same simulation tick
warn: PowerState: More than one power state change request encountered within the same simulation tick
warn: PowerState: More than one power state change request encountered within the same simulation tick
warn: PowerState: More than one power state change request encountered within the same simulation tick
warn: PowerState: More than one power state change request encountered within the same simulation tick
warn: PowerState: More than one power state change request encountered within the same simulation tick
warn: PowerState: More than one power state change request encountered within the same simulation tick
warn: PowerState: More than one power state change request encountered within the same simulation tick
warn: PowerState: More than one power state change request encountered within the same simulation tick
warn: PowerState: More than one power state change request encountered within the same simulation tick
warn: PowerState: More than one power state change request encountered within the same simulation tick
warn: PowerState: More than one power state change request encountered within the same simulation tick
warn: PowerState: More than one power state change request encountered within the same simulation tick
warn: PowerState: More than one power state change request encountered within the same simulation tick
warn: PowerState: More than one power state change request encountered within the same simulation tick
warn: PowerState: More than one power state change request encountered within the same simulation tick
warn: PowerState: More than one power state change request encountered within the same simulation tick
warn: PowerState: More than one power state change request encountered within the same simulation tick
warn: PowerState: More than one power state change request encountered within the same simulation tick
warn: PowerState: More than one power state change request encountered within the same simulation tick
warn: PowerState: More than one power state change request encountered within the same simulation tick
warn: PowerState: More than one power state change request encountered within the same simulation tick
warn: PowerState: More than one power state change request encountered within the same simulation tick
warn: PowerState: More than one power state change request encountered within the same simulation tick
warn: PowerState: More than one power state change request encountered within the same simulation tick
warn: PowerState: More than one power state change request encountered within the same simulation tick
warn: PowerState: More than one power state change request encountered within the same simulation tick
warn: PowerState: More than one power state change request encountered within the same simulation tick
warn: PowerState: More than one power state change request encountered within the same simulation tick
warn: PowerState: More than one power state change request encountered within the same simulation tick
warn: PowerState: More than one power state change request encountered within the same simulation tick
warn: PowerState: More than one power state change request encountered within the same simulation tick
warn: PowerState: More than one power state change request encountered within the same simulation tick
warn: PowerState: More than one power state change request encountered within the same simulation tick
warn: PowerState: More than one power state change request encountered within the same simulation tick
warn: PowerState: More than one power state change request encountered within the same simulation tick
warn: PowerState: More than one power state change request encountered within the same simulation tick
warn: PowerState: More than one power state change request encountered within the same simulation tick
warn: PowerState: More than one power state change request encountered within the same simulation tick
warn: PowerState: More than one power state change request encountered within the same simulation tick
warn: PowerState: More than one power state change request encountered within the same simulation tick
warn: PowerState: More than one power state change request encountered within the same simulation tick
warn: PowerState: More than one power state change request encountered within the same simulation tick
warn: PowerState: More than one power state change request encountered within the same simulation tick
warn: PowerState: More than one power state change request encountered within the same simulation tick
warn: PowerState: More than one power state change request encountered within the same simulation tick
warn: PowerState: More than one power state change request encountered within the same simulation tick
warn: PowerState: More than one power state change request encountered within the same simulation tick
warn: PowerState: More than one power state change request encountered within the same simulation tick
warn: PowerState: More than one power state change request encountered within the same simulation tick
warn: PowerState: More than one power state change request encountered within the same simulation tick
warn: PowerState: More than one power state change request encountered within the same simulation tick
warn: PowerState: More than one power state change request encountered within the same simulation tick
warn: PowerState: More than one power state change request encountered within the same simulation tick
warn: PowerState: More than one power state change request encountered within the same simulation tick
warn: PowerState: More than one power state change request encountered within the same simulation tick
warn: PowerState: More than one power state change request encountered within the same simulation tick
warn: PowerState: More than one power state change request encountered within the same simulation tick
warn: PowerState: More than one power state change request encountered within the same simulation tick
warn: PowerState: More than one power state change request encountered within the same simulation tick
warn: PowerState: More than one power state change request encountered within the same simulation tick
warn: PowerState: More than one power state change request encountered within the same simulation tick
warn: PowerState: More than one power state change request encountered within the same simulation tick
warn: PowerState: More than one power state change request encountered within the same simulation tick
warn: PowerState: More than one power state change request encountered within the same simulation tick
warn: PowerState: More than one power state change request encountered within the same simulation tick
warn: PowerState: More than one power state change request encountered within the same simulation tick
warn: PowerState: More than one power state change request encountered within the same simulation tick
warn: PowerState: More than one power state change request encountered within the same simulation tick
warn: PowerState: More than one power state change request encountered within the same simulation tick
warn: PowerState: More than one power state change request encountered within the same simulation tick
warn: PowerState: More than one power state change request encountered within the same simulation tick
warn: PowerState: More than one power state change request encountered within the same simulation tick
warn: PowerState: More than one power state change request encountered within the same simulation tick
warn: PowerState: More than one power state change request encountered within the same simulation tick
warn: PowerState: More than one power state change request encountered within the same simulation tick
warn: PowerState: More than one power state change request encountered within the same simulation tick
warn: PowerState: More than one power state change request encountered within the same simulation tick
warn: PowerState: More than one power state change request encountered within the same simulation tick
warn: PowerState: More than one power state change request encountered within the same simulation tick
warn: PowerState: More than one power state change request encountered within the same simulation tick
warn: PowerState: More than one power state change request encountered within the same simulation tick
warn: PowerState: More than one power state change request encountered within the same simulation tick
warn: PowerState: More than one power state change request encountered within the same simulation tick
warn: PowerState: More than one power state change request encountered within the same simulation tick
warn: PowerState: More than one power state change request encountered within the same simulation tick
warn: PowerState: More than one power state change request encountered within the same simulation tick
warn: PowerState: More than one power state change request encountered within the same simulation tick
warn: PowerState: More than one power state change request encountered within the same simulation tick
warn: PowerState: More than one power state change request encountered within the same simulation tick
warn: PowerState: More than one power state change request encountered within the same simulation tick
warn: PowerState: More than one power state change request encountered within the same simulation tick
warn: PowerState: More than one power state change request encountered within the same simulation tick
warn: PowerState: More than one power state change request encountered within the same simulation tick
warn: PowerState: More than one power state change request encountered within the same simulation tick
warn: PowerState: More than one power state change request encountered within the same simulation tick
warn: PowerState: More than one power state change request encountered within the same simulation tick
warn: PowerState: More than one power state change request encountered within the same simulation tick
warn: PowerState: More than one power state change request encountered within the same simulation tick
warn: PowerState: More than one power state change request encountered within the same simulation tick
warn: PowerState: More than one power state change request encountered within the same simulation tick
warn: PowerState: More than one power state change request encountered within the same simulation tick
warn: PowerState: More than one power state change request encountered within the same simulation tick
warn: PowerState: More than one power state change request encountered within the same simulation tick
warn: PowerState: More than one power state change request encountered within the same simulation tick
warn: PowerState: More than one power state change request encountered within the same simulation tick
warn: PowerState: More than one power state change request encountered within the same simulation tick
warn: PowerState: More than one power state change request encountered within the same simulation tick
warn: PowerState: More than one power state change request encountered within the same simulation tick
warn: PowerState: More than one power state change request encountered within the same simulation tick
warn: PowerState: More than one power state change request encountered within the same simulation tick
warn: PowerState: More than one power state change request encountered within the same simulation tick
warn: PowerState: More than one power state change request encountered within the same simulation tick
warn: PowerState: More than one power state change request encountered within the same simulation tick
warn: PowerState: More than one power state change request encountered within the same simulation tick
warn: PowerState: More than one power state change request encountered within the same simulation tick
warn: PowerState: More than one power state change request encountered within the same simulation tick
warn: PowerState: More than one power state change request encountered within the same simulation tick
warn: PowerState: More than one power state change request encountered within the same simulation tick
warn: PowerState: More than one power state change request encountered within the same simulation tick
warn: PowerState: More than one power state change request encountered within the same simulation tick
warn: PowerState: More than one power state change request encountered within the same simulation tick
warn: PowerState: More than one power state change request encountered within the same simulation tick
warn: PowerState: More than one power state change request encountered within the same simulation tick
warn: PowerState: More than one power state change request encountered within the same simulation tick
warn: PowerState: More than one power state change request encountered within the same simulation tick
warn: PowerState: More than one power state change request encountered within the same simulation tick
warn: PowerState: More than one power state change request encountered within the same simulation tick
warn: PowerState: More than one power state change request encountered within the same simulation tick
warn: PowerState: More than one power state change request encountered within the same simulation tick
warn: PowerState: More than one power state change request encountered within the same simulation tick
warn: PowerState: More than one power state change request encountered within the same simulation tick
warn: PowerState: More than one power state change request encountered within the same simulation tick
warn: PowerState: More than one power state change request encountered within the same simulation tick
warn: PowerState: More than one power state change request encountered within the same simulation tick
warn: PowerState: More than one power state change request encountered within the same simulation tick
warn: PowerState: More than one power state change request encountered within the same simulation tick
warn: PowerState: More than one power state change request encountered within the same simulation tick
warn: PowerState: More than one power state change request encountered within the same simulation tick
warn: PowerState: More than one power state change request encountered within the same simulation tick
warn: PowerState: More than one power state change request encountered within the same simulation tick
warn: PowerState: More than one power state change request encountered within the same simulation tick
warn: PowerState: More than one power state change request encountered within the same simulation tick
warn: PowerState: More than one power state change request encountered within the same simulation tick
warn: PowerState: More than one power state change request encountered within the same simulation tick
warn: PowerState: More than one power state change request encountered within the same simulation tick
warn: PowerState: More than one power state change request encountered within the same simulation tick
warn: PowerState: More than one power state change request encountered within the same simulation tick
warn: PowerState: More than one power state change request encountered within the same simulation tick
warn: PowerState: More than one power state change request encountered within the same simulation tick
warn: PowerState: More than one power state change request encountered within the same simulation tick
warn: PowerState: More than one power state change request encountered within the same simulation tick
warn: PowerState: More than one power state change request encountered within the same simulation tick
warn: PowerState: More than one power state change request encountered within the same simulation tick
warn: PowerState: More than one power state change request encountered within the same simulation tick
warn: PowerState: More than one power state change request encountered within the same simulation tick
warn: PowerState: More than one power state change request encountered within the same simulation tick
warn: PowerState: More than one power state change request encountered within the same simulation tick
warn: PowerState: More than one power state change request encountered within the same simulation tick
warn: PowerState: More than one power state change request encountered within the same simulation tick
warn: PowerState: More than one power state change request encountered within the same simulation tick
warn: PowerState: More than one power state change request encountered within the same simulation tick
warn: PowerState: More than one power state change request encountered within the same simulation tick
warn: PowerState: More than one power state change request encountered within the same simulation tick
warn: PowerState: More than one power state change request encountered within the same simulation tick
warn: PowerState: More than one power state change request encountered within the same simulation tick
warn: PowerState: More than one power state change request encountered within the same simulation tick
warn: PowerState: More than one power state change request encountered within the same simulation tick
warn: PowerState: More than one power state change request encountered within the same simulation tick
warn: PowerState: More than one power state change request encountered within the same simulation tick
warn: PowerState: More than one power state change request encountered within the same simulation tick
warn: PowerState: More than one power state change request encountered within the same simulation tick
warn: PowerState: More than one power state change request encountered within the same simulation tick
warn: PowerState: More than one power state change request encountered within the same simulation tick
warn: PowerState: More than one power state change request encountered within the same simulation tick
warn: PowerState: More than one power state change request encountered within the same simulation tick
warn: PowerState: More than one power state change request encountered within the same simulation tick
warn: PowerState: More than one power state change request encountered within the same simulation tick
warn: PowerState: More than one power state change request encountered within the same simulation tick
warn: PowerState: More than one power state change request encountered within the same simulation tick
warn: PowerState: More than one power state change request encountered within the same simulation tick
warn: PowerState: More than one power state change request encountered within the same simulation tick
warn: PowerState: More than one power state change request encountered within the same simulation tick
warn: PowerState: More than one power state change request encountered within the same simulation tick
warn: PowerState: More than one power state change request encountered within the same simulation tick
warn: PowerState: More than one power state change request encountered within the same simulation tick
warn: PowerState: More than one power state change request encountered within the same simulation tick
warn: PowerState: More than one power state change request encountered within the same simulation tick
warn: PowerState: More than one power state change request encountered within the same simulation tick
warn: PowerState: More than one power state change request encountered within the same simulation tick
warn: PowerState: More than one power state change request encountered within the same simulation tick
warn: PowerState: More than one power state change request encountered within the same simulation tick
warn: PowerState: More than one power state change request encountered within the same simulation tick
warn: PowerState: More than one power state change request encountered within the same simulation tick
warn: PowerState: More than one power state change request encountered within the same simulation tick
warn: PowerState: More than one power state change request encountered within the same simulation tick
warn: PowerState: More than one power state change request encountered within the same simulation tick
warn: PowerState: More than one power state change request encountered within the same simulation tick
warn: PowerState: More than one power state change request encountered within the same simulation tick
warn: PowerState: More than one power state change request encountered within the same simulation tick
warn: PowerState: More than one power state change request encountered within the same simulation tick
warn: PowerState: More than one power state change request encountered within the same simulation tick
warn: PowerState: More than one power state change request encountered within the same simulation tick
warn: PowerState: More than one power state change request encountered within the same simulation tick
warn: PowerState: More than one power state change request encountered within the same simulation tick
warn: PowerState: More than one power state change request encountered within the same simulation tick
warn: PowerState: More than one power state change request encountered within the same simulation tick
warn: PowerState: More than one power state change request encountered within the same simulation tick
warn: PowerState: More than one power state change request encountered within the same simulation tick
warn: PowerState: More than one power state change request encountered within the same simulation tick
warn: PowerState: More than one power state change request encountered within the same simulation tick
warn: PowerState: More than one power state change request encountered within the same simulation tick
warn: PowerState: More than one power state change request encountered within the same simulation tick
warn: PowerState: More than one power state change request encountered within the same simulation tick
warn: PowerState: More than one power state change request encountered within the same simulation tick
warn: PowerState: More than one power state change request encountered within the same simulation tick
warn: PowerState: More than one power state change request encountered within the same simulation tick
warn: PowerState: More than one power state change request encountered within the same simulation tick
warn: PowerState: More than one power state change request encountered within the same simulation tick
warn: PowerState: More than one power state change request encountered within the same simulation tick
warn: PowerState: More than one power state change request encountered within the same simulation tick
warn: PowerState: More than one power state change request encountered within the same simulation tick
warn: PowerState: More than one power state change request encountered within the same simulation tick
warn: PowerState: More than one power state change request encountered within the same simulation tick
warn: PowerState: More than one power state change request encountered within the same simulation tick
warn: PowerState: More than one power state change request encountered within the same simulation tick
warn: PowerState: More than one power state change request encountered within the same simulation tick
warn: PowerState: More than one power state change request encountered within the same simulation tick
warn: PowerState: More than one power state change request encountered within the same simulation tick
warn: PowerState: More than one power state change request encountered within the same simulation tick
warn: PowerState: More than one power state change request encountered within the same simulation tick
warn: PowerState: More than one power state change request encountered within the same simulation tick
warn: PowerState: More than one power state change request encountered within the same simulation tick
warn: PowerState: More than one power state change request encountered within the same simulation tick
warn: PowerState: More than one power state change request encountered within the same simulation tick
warn: PowerState: More than one power state change request encountered within the same simulation tick
warn: PowerState: More than one power state change request encountered within the same simulation tick
warn: PowerState: More than one power state change request encountered within the same simulation tick
warn: PowerState: More than one power state change request encountered within the same simulation tick
warn: PowerState: More than one power state change request encountered within the same simulation tick
warn: PowerState: More than one power state change request encountered within the same simulation tick
warn: PowerState: More than one power state change request encountered within the same simulation tick
warn: PowerState: More than one power state change request encountered within the same simulation tick
warn: PowerState: More than one power state change request encountered within the same simulation tick
warn: PowerState: More than one power state change request encountered within the same simulation tick
warn: PowerState: More than one power state change request encountered within the same simulation tick
warn: PowerState: More than one power state change request encountered within the same simulation tick
warn: PowerState: More than one power state change request encountered within the same simulation tick
warn: PowerState: More than one power state change request encountered within the same simulation tick
warn: PowerState: More than one power state change request encountered within the same simulation tick
warn: PowerState: More than one power state change request encountered within the same simulation tick
warn: PowerState: More than one power state change request encountered within the same simulation tick
warn: PowerState: More than one power state change request encountered within the same simulation tick
warn: PowerState: More than one power state change request encountered within the same simulation tick
warn: PowerState: More than one power state change request encountered within the same simulation tick
warn: PowerState: More than one power state change request encountered within the same simulation tick
warn: PowerState: More than one power state change request encountered within the same simulation tick
warn: PowerState: More than one power state change request encountered within the same simulation tick
warn: PowerState: More than one power state change request encountered within the same simulation tick
warn: PowerState: More than one power state change request encountered within the same simulation tick
warn: PowerState: More than one power state change request encountered within the same simulation tick
warn: PowerState: More than one power state change request encountered within the same simulation tick
warn: PowerState: More than one power state change request encountered within the same simulation tick
warn: PowerState: More than one power state change request encountered within the same simulation tick
warn: PowerState: More than one power state change request encountered within the same simulation tick
warn: PowerState: More than one power state change request encountered within the same simulation tick
warn: PowerState: More than one power state change request encountered within the same simulation tick
warn: PowerState: More than one power state change request encountered within the same simulation tick
warn: PowerState: More than one power state change request encountered within the same simulation tick
warn: PowerState: More than one power state change request encountered within the same simulation tick
warn: PowerState: More than one power state change request encountered within the same simulation tick
warn: PowerState: More than one power state change request encountered within the same simulation tick
warn: PowerState: More than one power state change request encountered within the same simulation tick
warn: PowerState: More than one power state change request encountered within the same simulation tick
warn: PowerState: More than one power state change request encountered within the same simulation tick
warn: PowerState: More than one power state change request encountered within the same simulation tick
warn: PowerState: More than one power state change request encountered within the same simulation tick
warn: PowerState: More than one power state change request encountered within the same simulation tick
warn: PowerState: More than one power state change request encountered within the same simulation tick
warn: PowerState: More than one power state change request encountered within the same simulation tick
warn: PowerState: More than one power state change request encountered within the same simulation tick
warn: PowerState: More than one power state change request encountered within the same simulation tick
warn: PowerState: More than one power state change request encountered within the same simulation tick
warn: PowerState: More than one power state change request encountered within the same simulation tick
warn: PowerState: More than one power state change request encountered within the same simulation tick
warn: PowerState: More than one power state change request encountered within the same simulation tick
warn: PowerState: More than one power state change request encountered within the same simulation tick
warn: PowerState: More than one power state change request encountered within the same simulation tick
warn: PowerState: More than one power state change request encountered within the same simulation tick
warn: PowerState: More than one power state change request encountered within the same simulation tick
warn: PowerState: More than one power state change request encountered within the same simulation tick
warn: PowerState: More than one power state change request encountered within the same simulation tick
warn: PowerState: More than one power state change request encountered within the same simulation tick
warn: PowerState: More than one power state change request encountered within the same simulation tick
warn: PowerState: More than one power state change request encountered within the same simulation tick
warn: PowerState: More than one power state change request encountered within the same simulation tick
warn: PowerState: More than one power state change request encountered within the same simulation tick
warn: PowerState: More than one power state change request encountered within the same simulation tick
warn: PowerState: More than one power state change request encountered within the same simulation tick
warn: PowerState: More than one power state change request encountered within the same simulation tick
warn: PowerState: More than one power state change request encountered within the same simulation tick
warn: PowerState: More than one power state change request encountered within the same simulation tick
warn: PowerState: More than one power state change request encountered within the same simulation tick
warn: PowerState: More than one power state change request encountered within the same simulation tick
warn: PowerState: More than one power state change request encountered within the same simulation tick
warn: PowerState: More than one power state change request encountered within the same simulation tick
warn: PowerState: More than one power state change request encountered within the same simulation tick
warn: PowerState: More than one power state change request encountered within the same simulation tick
warn: PowerState: More than one power state change request encountered within the same simulation tick
warn: PowerState: More than one power state change request encountered within the same simulation tick
warn: PowerState: More than one power state change request encountered within the same simulation tick
warn: PowerState: More than one power state change request encountered within the same simulation tick
warn: PowerState: More than one power state change request encountered within the same simulation tick
warn: PowerState: More than one power state change request encountered within the same simulation tick
warn: PowerState: More than one power state change request encountered within the same simulation tick
warn: PowerState: More than one power state change request encountered within the same simulation tick
warn: PowerState: More than one power state change request encountered within the same simulation tick
warn: PowerState: More than one power state change request encountered within the same simulation tick
warn: PowerState: More than one power state change request encountered within the same simulation tick
warn: PowerState: More than one power state change request encountered within the same simulation tick
warn: PowerState: More than one power state change request encountered within the same simulation tick
warn: PowerState: More than one power state change request encountered within the same simulation tick
warn: PowerState: More than one power state change request encountered within the same simulation tick
warn: PowerState: More than one power state change request encountered within the same simulation tick
warn: PowerState: More than one power state change request encountered within the same simulation tick
warn: PowerState: More than one power state change request encountered within the same simulation tick
warn: PowerState: More than one power state change request encountered within the same simulation tick
warn: PowerState: More than one power state change request encountered within the same simulation tick
warn: PowerState: More than one power state change request encountered within the same simulation tick
warn: PowerState: More than one power state change request encountered within the same simulation tick
warn: PowerState: More than one power state change request encountered within the same simulation tick
warn: PowerState: More than one power state change request encountered within the same simulation tick
warn: PowerState: More than one power state change request encountered within the same simulation tick
warn: PowerState: More than one power state change request encountered within the same simulation tick
warn: PowerState: More than one power state change request encountered within the same simulation tick
warn: PowerState: More than one power state change request encountered within the same simulation tick
warn: PowerState: More than one power state change request encountered within the same simulation tick
warn: PowerState: More than one power state change request encountered within the same simulation tick
warn: PowerState: More than one power state change request encountered within the same simulation tick
warn: PowerState: More than one power state change request encountered within the same simulation tick
warn: PowerState: More than one power state change request encountered within the same simulation tick
warn: PowerState: More than one power state change request encountered within the same simulation tick
warn: PowerState: More than one power state change request encountered within the same simulation tick
warn: PowerState: More than one power state change request encountered within the same simulation tick
warn: PowerState: More than one power state change request encountered within the same simulation tick
warn: PowerState: More than one power state change request encountered within the same simulation tick
warn: PowerState: More than one power state change request encountered within the same simulation tick
warn: PowerState: More than one power state change request encountered within the same simulation tick
warn: PowerState: More than one power state change request encountered within the same simulation tick
warn: PowerState: More than one power state change request encountered within the same simulation tick
warn: PowerState: More than one power state change request encountered within the same simulation tick
warn: PowerState: More than one power state change request encountered within the same simulation tick
warn: PowerState: More than one power state change request encountered within the same simulation tick
warn: PowerState: More than one power state change request encountered within the same simulation tick
warn: PowerState: More than one power state change request encountered within the same simulation tick
warn: PowerState: More than one power state change request encountered within the same simulation tick
warn: PowerState: More than one power state change request encountered within the same simulation tick
warn: PowerState: More than one power state change request encountered within the same simulation tick
warn: PowerState: More than one power state change request encountered within the same simulation tick
warn: PowerState: More than one power state change request encountered within the same simulation tick
warn: PowerState: More than one power state change request encountered within the same simulation tick
warn: PowerState: More than one power state change request encountered within the same simulation tick
warn: PowerState: More than one power state change request encountered within the same simulation tick
warn: PowerState: More than one power state change request encountered within the same simulation tick
warn: PowerState: More than one power state change request encountered within the same simulation tick
warn: PowerState: More than one power state change request encountered within the same simulation tick
warn: PowerState: More than one power state change request encountered within the same simulation tick
warn: PowerState: More than one power state change request encountered within the same simulation tick
warn: PowerState: More than one power state change request encountered within the same simulation tick
warn: PowerState: More than one power state change request encountered within the same simulation tick
warn: PowerState: More than one power state change request encountered within the same simulation tick
warn: PowerState: More than one power state change request encountered within the same simulation tick
warn: PowerState: More than one power state change request encountered within the same simulation tick
warn: PowerState: More than one power state change request encountered within the same simulation tick
warn: PowerState: More than one power state change request encountered within the same simulation tick
warn: PowerState: More than one power state change request encountered within the same simulation tick
warn: PowerState: More than one power state change request encountered within the same simulation tick
warn: PowerState: More than one power state change request encountered within the same simulation tick
warn: PowerState: More than one power state change request encountered within the same simulation tick
warn: PowerState: More than one power state change request encountered within the same simulation tick
warn: PowerState: More than one power state change request encountered within the same simulation tick
warn: PowerState: More than one power state change request encountered within the same simulation tick
warn: PowerState: More than one power state change request encountered within the same simulation tick
warn: PowerState: More than one power state change request encountered within the same simulation tick
warn: PowerState: More than one power state change request encountered within the same simulation tick
warn: PowerState: More than one power state change request encountered within the same simulation tick
warn: PowerState: More than one power state change request encountered within the same simulation tick
warn: PowerState: More than one power state change request encountered within the same simulation tick
warn: PowerState: More than one power state change request encountered within the same simulation tick
warn: PowerState: More than one power state change request encountered within the same simulation tick
warn: PowerState: More than one power state change request encountered within the same simulation tick
warn: PowerState: More than one power state change request encountered within the same simulation tick
warn: PowerState: More than one power state change request encountered within the same simulation tick
warn: PowerState: More than one power state change request encountered within the same simulation tick
warn: PowerState: More than one power state change request encountered within the same simulation tick
warn: PowerState: More than one power state change request encountered within the same simulation tick
warn: PowerState: More than one power state change request encountered within the same simulation tick
warn: PowerState: More than one power state change request encountered within the same simulation tick
warn: PowerState: More than one power state change request encountered within the same simulation tick
warn: PowerState: More than one power state change request encountered within the same simulation tick
warn: PowerState: More than one power state change request encountered within the same simulation tick
warn: PowerState: More than one power state change request encountered within the same simulation tick
warn: PowerState: More than one power state change request encountered within the same simulation tick
warn: PowerState: More than one power state change request encountered within the same simulation tick
warn: PowerState: More than one power state change request encountered within the same simulation tick
warn: PowerState: More than one power state change request encountered within the same simulation tick
warn: PowerState: More than one power state change request encountered within the same simulation tick
warn: PowerState: More than one power state change request encountered within the same simulation tick
warn: PowerState: More than one power state change request encountered within the same simulation tick
warn: PowerState: More than one power state change request encountered within the same simulation tick
warn: PowerState: More than one power state change request encountered within the same simulation tick
warn: PowerState: More than one power state change request encountered within the same simulation tick
warn: PowerState: More than one power state change request encountered within the same simulation tick
warn: PowerState: More than one power state change request encountered within the same simulation tick
warn: PowerState: More than one power state change request encountered within the same simulation tick
warn: PowerState: More than one power state change request encountered within the same simulation tick
warn: PowerState: More than one power state change request encountered within the same simulation tick
warn: PowerState: More than one power state change request encountered within the same simulation tick
warn: PowerState: More than one power state change request encountered within the same simulation tick
warn: PowerState: More than one power state change request encountered within the same simulation tick
warn: PowerState: More than one power state change request encountered within the same simulation tick
warn: PowerState: More than one power state change request encountered within the same simulation tick
warn: PowerState: More than one power state change request encountered within the same simulation tick
warn: PowerState: More than one power state change request encountered within the same simulation tick
warn: PowerState: More than one power state change request encountered within the same simulation tick
warn: PowerState: More than one power state change request encountered within the same simulation tick
warn: PowerState: More than one power state change request encountered within the same simulation tick
warn: PowerState: More than one power state change request encountered within the same simulation tick
warn: PowerState: More than one power state change request encountered within the same simulation tick
warn: PowerState: More than one power state change request encountered within the same simulation tick
warn: PowerState: More than one power state change request encountered within the same simulation tick
warn: PowerState: More than one power state change request encountered within the same simulation tick
warn: PowerState: More than one power state change request encountered within the same simulation tick
warn: PowerState: More than one power state change request encountered within the same simulation tick
warn: PowerState: More than one power state change request encountered within the same simulation tick
warn: PowerState: More than one power state change request encountered within the same simulation tick
warn: PowerState: More than one power state change request encountered within the same simulation tick
warn: PowerState: More than one power state change request encountered within the same simulation tick
warn: PowerState: More than one power state change request encountered within the same simulation tick
warn: PowerState: More than one power state change request encountered within the same simulation tick
warn: PowerState: More than one power state change request encountered within the same simulation tick
warn: PowerState: More than one power state change request encountered within the same simulation tick
warn: PowerState: More than one power state change request encountered within the same simulation tick
warn: PowerState: More than one power state change request encountered within the same simulation tick
warn: PowerState: More than one power state change request encountered within the same simulation tick
warn: PowerState: More than one power state change request encountered within the same simulation tick
warn: PowerState: More than one power state change request encountered within the same simulation tick
warn: PowerState: More than one power state change request encountered within the same simulation tick
warn: PowerState: More than one power state change request encountered within the same simulation tick
warn: PowerState: More than one power state change request encountered within the same simulation tick
warn: PowerState: More than one power state change request encountered within the same simulation tick
warn: PowerState: More than one power state change request encountered within the same simulation tick
warn: PowerState: More than one power state change request encountered within the same simulation tick
warn: PowerState: More than one power state change request encountered within the same simulation tick
warn: PowerState: More than one power state change request encountered within the same simulation tick
warn: PowerState: More than one power state change request encountered within the same simulation tick
warn: PowerState: More than one power state change request encountered within the same simulation tick
warn: PowerState: More than one power state change request encountered within the same simulation tick
warn: PowerState: More than one power state change request encountered within the same simulation tick
warn: PowerState: More than one power state change request encountered within the same simulation tick
warn: PowerState: More than one power state change request encountered within the same simulation tick
warn: PowerState: More than one power state change request encountered within the same simulation tick
warn: PowerState: More than one power state change request encountered within the same simulation tick
warn: PowerState: More than one power state change request encountered within the same simulation tick
warn: PowerState: More than one power state change request encountered within the same simulation tick
warn: PowerState: More than one power state change request encountered within the same simulation tick
warn: PowerState: More than one power state change request encountered within the same simulation tick
warn: PowerState: More than one power state change request encountered within the same simulation tick
warn: PowerState: More than one power state change request encountered within the same simulation tick
warn: PowerState: More than one power state change request encountered within the same simulation tick
warn: PowerState: More than one power state change request encountered within the same simulation tick
warn: PowerState: More than one power state change request encountered within the same simulation tick
warn: PowerState: More than one power state change request encountered within the same simulation tick
warn: PowerState: More than one power state change request encountered within the same simulation tick
warn: PowerState: More than one power state change request encountered within the same simulation tick
warn: PowerState: More than one power state change request encountered within the same simulation tick
warn: PowerState: More than one power state change request encountered within the same simulation tick
warn: PowerState: More than one power state change request encountered within the same simulation tick
warn: PowerState: More than one power state change request encountered within the same simulation tick
warn: PowerState: More than one power state change request encountered within the same simulation tick
warn: PowerState: More than one power state change request encountered within the same simulation tick
warn: PowerState: More than one power state change request encountered within the same simulation tick
warn: PowerState: More than one power state change request encountered within the same simulation tick
warn: PowerState: More than one power state change request encountered within the same simulation tick
warn: PowerState: More than one power state change request encountered within the same simulation tick
warn: PowerState: More than one power state change request encountered within the same simulation tick
warn: PowerState: More than one power state change request encountered within the same simulation tick
warn: PowerState: More than one power state change request encountered within the same simulation tick
warn: PowerState: More than one power state change request encountered within the same simulation tick
warn: PowerState: More than one power state change request encountered within the same simulation tick
warn: PowerState: More than one power state change request encountered within the same simulation tick
warn: PowerState: More than one power state change request encountered within the same simulation tick
warn: PowerState: More than one power state change request encountered within the same simulation tick
warn: PowerState: More than one power state change request encountered within the same simulation tick
warn: PowerState: More than one power state change request encountered within the same simulation tick
warn: PowerState: More than one power state change request encountered within the same simulation tick
warn: PowerState: More than one power state change request encountered within the same simulation tick
warn: PowerState: More than one power state change request encountered within the same simulation tick
warn: PowerState: More than one power state change request encountered within the same simulation tick
warn: PowerState: More than one power state change request encountered within the same simulation tick
warn: PowerState: More than one power state change request encountered within the same simulation tick
warn: PowerState: More than one power state change request encountered within the same simulation tick
warn: PowerState: More than one power state change request encountered within the same simulation tick
warn: PowerState: More than one power state change request encountered within the same simulation tick
warn: PowerState: More than one power state change request encountered within the same simulation tick
warn: PowerState: More than one power state change request encountered within the same simulation tick
warn: PowerState: More than one power state change request encountered within the same simulation tick
warn: PowerState: More than one power state change request encountered within the same simulation tick
warn: PowerState: More than one power state change request encountered within the same simulation tick
warn: PowerState: More than one power state change request encountered within the same simulation tick
warn: PowerState: More than one power state change request encountered within the same simulation tick
warn: PowerState: More than one power state change request encountered within the same simulation tick
warn: PowerState: More than one power state change request encountered within the same simulation tick
warn: PowerState: More than one power state change request encountered within the same simulation tick
warn: PowerState: More than one power state change request encountered within the same simulation tick
warn: PowerState: More than one power state change request encountered within the same simulation tick
warn: PowerState: More than one power state change request encountered within the same simulation tick
warn: PowerState: More than one power state change request encountered within the same simulation tick
warn: PowerState: More than one power state change request encountered within the same simulation tick
warn: PowerState: More than one power state change request encountered within the same simulation tick
warn: PowerState: More than one power state change request encountered within the same simulation tick
warn: PowerState: More than one power state change request encountered within the same simulation tick
warn: PowerState: More than one power state change request encountered within the same simulation tick
warn: PowerState: More than one power state change request encountered within the same simulation tick
warn: PowerState: More than one power state change request encountered within the same simulation tick
warn: PowerState: More than one power state change request encountered within the same simulation tick
warn: PowerState: More than one power state change request encountered within the same simulation tick
warn: PowerState: More than one power state change request encountered within the same simulation tick
warn: PowerState: More than one power state change request encountered within the same simulation tick
warn: PowerState: More than one power state change request encountered within the same simulation tick
warn: PowerState: More than one power state change request encountered within the same simulation tick
warn: PowerState: More than one power state change request encountered within the same simulation tick
warn: PowerState: More than one power state change request encountered within the same simulation tick
warn: PowerState: More than one power state change request encountered within the same simulation tick
warn: PowerState: More than one power state change request encountered within the same simulation tick
warn: PowerState: More than one power state change request encountered within the same simulation tick
warn: PowerState: More than one power state change request encountered within the same simulation tick
warn: PowerState: More than one power state change request encountered within the same simulation tick
warn: PowerState: More than one power state change request encountered within the same simulation tick
warn: PowerState: More than one power state change request encountered within the same simulation tick
warn: PowerState: More than one power state change request encountered within the same simulation tick
warn: PowerState: More than one power state change request encountered within the same simulation tick
warn: PowerState: More than one power state change request encountered within the same simulation tick
warn: PowerState: More than one power state change request encountered within the same simulation tick
warn: PowerState: More than one power state change request encountered within the same simulation tick
warn: PowerState: More than one power state change request encountered within the same simulation tick
warn: PowerState: More than one power state change request encountered within the same simulation tick
warn: PowerState: More than one power state change request encountered within the same simulation tick
warn: PowerState: More than one power state change request encountered within the same simulation tick
warn: PowerState: More than one power state change request encountered within the same simulation tick
warn: PowerState: More than one power state change request encountered within the same simulation tick
warn: PowerState: More than one power state change request encountered within the same simulation tick
warn: PowerState: More than one power state change request encountered within the same simulation tick
warn: PowerState: More than one power state change request encountered within the same simulation tick
warn: PowerState: More than one power state change request encountered within the same simulation tick
warn: PowerState: More than one power state change request encountered within the same simulation tick
warn: PowerState: More than one power state change request encountered within the same simulation tick
warn: PowerState: More than one power state change request encountered within the same simulation tick
warn: PowerState: More than one power state change request encountered within the same simulation tick
warn: PowerState: More than one power state change request encountered within the same simulation tick
warn: PowerState: More than one power state change request encountered within the same simulation tick
warn: PowerState: More than one power state change request encountered within the same simulation tick
warn: PowerState: More than one power state change request encountered within the same simulation tick
warn: PowerState: More than one power state change request encountered within the same simulation tick
warn: PowerState: More than one power state change request encountered within the same simulation tick
warn: PowerState: More than one power state change request encountered within the same simulation tick
warn: PowerState: More than one power state change request encountered within the same simulation tick
warn: PowerState: More than one power state change request encountered within the same simulation tick
warn: PowerState: More than one power state change request encountered within the same simulation tick
warn: PowerState: More than one power state change request encountered within the same simulation tick
warn: PowerState: More than one power state change request encountered within the same simulation tick
warn: PowerState: More than one power state change request encountered within the same simulation tick
warn: PowerState: More than one power state change request encountered within the same simulation tick
warn: PowerState: More than one power state change request encountered within the same simulation tick
warn: PowerState: More than one power state change request encountered within the same simulation tick
warn: PowerState: More than one power state change request encountered within the same simulation tick
warn: PowerState: More than one power state change request encountered within the same simulation tick
warn: PowerState: More than one power state change request encountered within the same simulation tick
warn: PowerState: More than one power state change request encountered within the same simulation tick
warn: PowerState: More than one power state change request encountered within the same simulation tick
warn: PowerState: More than one power state change request encountered within the same simulation tick
warn: PowerState: More than one power state change request encountered within the same simulation tick
warn: PowerState: More than one power state change request encountered within the same simulation tick
warn: PowerState: More than one power state change request encountered within the same simulation tick
warn: PowerState: More than one power state change request encountered within the same simulation tick
warn: PowerState: More than one power state change request encountered within the same simulation tick
warn: PowerState: More than one power state change request encountered within the same simulation tick
warn: PowerState: More than one power state change request encountered within the same simulation tick
warn: PowerState: More than one power state change request encountered within the same simulation tick
warn: PowerState: More than one power state change request encountered within the same simulation tick
warn: PowerState: More than one power state change request encountered within the same simulation tick
warn: PowerState: More than one power state change request encountered within the same simulation tick
warn: PowerState: More than one power state change request encountered within the same simulation tick
warn: PowerState: More than one power state change request encountered within the same simulation tick
warn: PowerState: More than one power state change request encountered within the same simulation tick
warn: PowerState: More than one power state change request encountered within the same simulation tick
warn: PowerState: More than one power state change request encountered within the same simulation tick
warn: PowerState: More than one power state change request encountered within the same simulation tick
warn: PowerState: More than one power state change request encountered within the same simulation tick
warn: PowerState: More than one power state change request encountered within the same simulation tick
warn: PowerState: More than one power state change request encountered within the same simulation tick
warn: PowerState: More than one power state change request encountered within the same simulation tick
warn: PowerState: More than one power state change request encountered within the same simulation tick
warn: PowerState: More than one power state change request encountered within the same simulation tick
warn: PowerState: More than one power state change request encountered within the same simulation tick
warn: PowerState: More than one power state change request encountered within the same simulation tick
warn: PowerState: More than one power state change request encountered within the same simulation tick
warn: PowerState: More than one power state change request encountered within the same simulation tick
warn: PowerState: More than one power state change request encountered within the same simulation tick
warn: PowerState: More than one power state change request encountered within the same simulation tick
warn: PowerState: More than one power state change request encountered within the same simulation tick
warn: PowerState: More than one power state change request encountered within the same simulation tick
warn: PowerState: More than one power state change request encountered within the same simulation tick
warn: PowerState: More than one power state change request encountered within the same simulation tick
warn: PowerState: More than one power state change request encountered within the same simulation tick
warn: PowerState: More than one power state change request encountered within the same simulation tick
warn: PowerState: More than one power state change request encountered within the same simulation tick
warn: PowerState: More than one power state change request encountered within the same simulation tick
warn: PowerState: More than one power state change request encountered within the same simulation tick
warn: PowerState: More than one power state change request encountered within the same simulation tick
warn: PowerState: More than one power state change request encountered within the same simulation tick
warn: PowerState: More than one power state change request encountered within the same simulation tick
warn: PowerState: More than one power state change request encountered within the same simulation tick
warn: PowerState: More than one power state change request encountered within the same simulation tick
warn: PowerState: More than one power state change request encountered within the same simulation tick
warn: PowerState: More than one power state change request encountered within the same simulation tick
warn: PowerState: More than one power state change request encountered within the same simulation tick
warn: PowerState: More than one power state change request encountered within the same simulation tick
warn: PowerState: More than one power state change request encountered within the same simulation tick
warn: PowerState: More than one power state change request encountered within the same simulation tick
warn: PowerState: More than one power state change request encountered within the same simulation tick
warn: PowerState: More than one power state change request encountered within the same simulation tick
warn: PowerState: More than one power state change request encountered within the same simulation tick
warn: PowerState: More than one power state change request encountered within the same simulation tick
warn: PowerState: More than one power state change request encountered within the same simulation tick
warn: PowerState: More than one power state change request encountered within the same simulation tick
warn: PowerState: More than one power state change request encountered within the same simulation tick
warn: PowerState: More than one power state change request encountered within the same simulation tick
warn: PowerState: More than one power state change request encountered within the same simulation tick
warn: PowerState: More than one power state change request encountered within the same simulation tick
warn: PowerState: More than one power state change request encountered within the same simulation tick
warn: PowerState: More than one power state change request encountered within the same simulation tick
warn: PowerState: More than one power state change request encountered within the same simulation tick
warn: PowerState: More than one power state change request encountered within the same simulation tick
warn: PowerState: More than one power state change request encountered within the same simulation tick
warn: PowerState: More than one power state change request encountered within the same simulation tick
warn: PowerState: More than one power state change request encountered within the same simulation tick
warn: PowerState: More than one power state change request encountered within the same simulation tick
warn: PowerState: More than one power state change request encountered within the same simulation tick
warn: PowerState: More than one power state change request encountered within the same simulation tick
warn: PowerState: More than one power state change request encountered within the same simulation tick
warn: PowerState: More than one power state change request encountered within the same simulation tick
warn: PowerState: More than one power state change request encountered within the same simulation tick
warn: PowerState: More than one power state change request encountered within the same simulation tick
warn: PowerState: More than one power state change request encountered within the same simulation tick
warn: PowerState: More than one power state change request encountered within the same simulation tick
warn: PowerState: More than one power state change request encountered within the same simulation tick
warn: PowerState: More than one power state change request encountered within the same simulation tick
warn: PowerState: More than one power state change request encountered within the same simulation tick
warn: PowerState: More than one power state change request encountered within the same simulation tick
warn: PowerState: More than one power state change request encountered within the same simulation tick
warn: PowerState: More than one power state change request encountered within the same simulation tick
warn: PowerState: More than one power state change request encountered within the same simulation tick
warn: PowerState: More than one power state change request encountered within the same simulation tick
warn: PowerState: More than one power state change request encountered within the same simulation tick
warn: PowerState: More than one power state change request encountered within the same simulation tick
warn: PowerState: More than one power state change request encountered within the same simulation tick
warn: PowerState: More than one power state change request encountered within the same simulation tick
warn: PowerState: More than one power state change request encountered within the same simulation tick
warn: PowerState: More than one power state change request encountered within the same simulation tick
warn: PowerState: More than one power state change request encountered within the same simulation tick
warn: PowerState: More than one power state change request encountered within the same simulation tick
warn: PowerState: More than one power state change request encountered within the same simulation tick
warn: PowerState: More than one power state change request encountered within the same simulation tick
warn: PowerState: More than one power state change request encountered within the same simulation tick
warn: PowerState: More than one power state change request encountered within the same simulation tick
warn: PowerState: More than one power state change request encountered within the same simulation tick
warn: PowerState: More than one power state change request encountered within the same simulation tick
warn: PowerState: More than one power state change request encountered within the same simulation tick
warn: PowerState: More than one power state change request encountered within the same simulation tick
warn: PowerState: More than one power state change request encountered within the same simulation tick
warn: PowerState: More than one power state change request encountered within the same simulation tick
warn: PowerState: More than one power state change request encountered within the same simulation tick
warn: PowerState: More than one power state change request encountered within the same simulation tick
warn: PowerState: More than one power state change request encountered within the same simulation tick
warn: PowerState: More than one power state change request encountered within the same simulation tick
warn: PowerState: More than one power state change request encountered within the same simulation tick
warn: PowerState: More than one power state change request encountered within the same simulation tick
warn: PowerState: More than one power state change request encountered within the same simulation tick
warn: PowerState: More than one power state change request encountered within the same simulation tick
warn: PowerState: More than one power state change request encountered within the same simulation tick
warn: PowerState: More than one power state change request encountered within the same simulation tick
warn: PowerState: More than one power state change request encountered within the same simulation tick
warn: PowerState: More than one power state change request encountered within the same simulation tick
warn: PowerState: More than one power state change request encountered within the same simulation tick
warn: PowerState: More than one power state change request encountered within the same simulation tick
warn: PowerState: More than one power state change request encountered within the same simulation tick
warn: PowerState: More than one power state change request encountered within the same simulation tick
warn: PowerState: More than one power state change request encountered within the same simulation tick
warn: PowerState: More than one power state change request encountered within the same simulation tick
warn: PowerState: More than one power state change request encountered within the same simulation tick
warn: PowerState: More than one power state change request encountered within the same simulation tick
warn: PowerState: More than one power state change request encountered within the same simulation tick
warn: PowerState: More than one power state change request encountered within the same simulation tick
warn: PowerState: More than one power state change request encountered within the same simulation tick
warn: PowerState: More than one power state change request encountered within the same simulation tick
warn: PowerState: More than one power state change request encountered within the same simulation tick
warn: PowerState: More than one power state change request encountered within the same simulation tick
warn: PowerState: More than one power state change request encountered within the same simulation tick
warn: PowerState: More than one power state change request encountered within the same simulation tick
warn: PowerState: More than one power state change request encountered within the same simulation tick
warn: PowerState: More than one power state change request encountered within the same simulation tick
warn: PowerState: More than one power state change request encountered within the same simulation tick
warn: PowerState: More than one power state change request encountered within the same simulation tick
warn: PowerState: More than one power state change request encountered within the same simulation tick
warn: PowerState: More than one power state change request encountered within the same simulation tick
warn: PowerState: More than one power state change request encountered within the same simulation tick
warn: PowerState: More than one power state change request encountered within the same simulation tick
warn: PowerState: More than one power state change request encountered within the same simulation tick
warn: PowerState: More than one power state change request encountered within the same simulation tick
warn: PowerState: More than one power state change request encountered within the same simulation tick
warn: PowerState: More than one power state change request encountered within the same simulation tick
warn: PowerState: More than one power state change request encountered within the same simulation tick
warn: PowerState: More than one power state change request encountered within the same simulation tick
warn: PowerState: More than one power state change request encountered within the same simulation tick
warn: PowerState: More than one power state change request encountered within the same simulation tick
warn: PowerState: More than one power state change request encountered within the same simulation tick
warn: PowerState: More than one power state change request encountered within the same simulation tick
! src/apps/bench/ripc/src/../../rustbenchs/src/bremote_ipc.rs:244  PERF "remote pingpong with (1 * 1024) msgs": 2390 cycles (+/- 1 cycles with 1000 runs)

Testing "pingpong_remote256" in src/apps/bench/ripc/src/../../rustbenchs/src/bremote_ipc.rs:
childactivity.rs: /bin/ripc
! src/apps/bench/ripc/src/../../rustbenchs/src/bremote_ipc.rs:289  PERF "remote pingpong with (1 * 2048) msgs": 2448 cycles (+/- 1 cycles with 1000 runs)

Testing "pingpong_remote512" in src/apps/bench/ripc/src/../../rustbenchs/src/bremote_ipc.rs:
childactivity.rs: /bin/ripc
warn: PowerState: More than one power state change request encountered within the same simulation tick
warn: PowerState: More than one power state change request encountered within the same simulation tick
warn: PowerState: More than one power state change request encountered within the same simulation tick
warn: PowerState: More than one power state change request encountered within the same simulation tick
warn: PowerState: More than one power state change request encountered within the same simulation tick
warn: PowerState: More than one power state change request encountered within the same simulation tick
warn: PowerState: More than one power state change request encountered within the same simulation tick
warn: PowerState: More than one power state change request encountered within the same simulation tick
warn: PowerState: More than one power state change request encountered within the same simulation tick
warn: PowerState: More than one power state change request encountered within the same simulation tick
warn: PowerState: More than one power state change request encountered within the same simulation tick
warn: PowerState: More than one power state change request encountered within the same simulation tick
warn: PowerState: More than one power state change request encountered within the same simulation tick
warn: PowerState: More than one power state change request encountered within the same simulation tick
warn: PowerState: More than one power state change request encountered within the same simulation tick
warn: PowerState: More than one power state change request encountered within the same simulation tick
warn: PowerState: More than one power state change request encountered within the same simulation tick
warn: PowerState: More than one power state change request encountered within the same simulation tick
warn: PowerState: More than one power state change request encountered within the same simulation tick
warn: PowerState: More than one power state change request encountered within the same simulation tick
warn: PowerState: More than one power state change request encountered within the same simulation tick
warn: PowerState: More than one power state change request encountered within the same simulation tick
warn: PowerState: More than one power state change request encountered within the same simulation tick
warn: PowerState: More than one power state change request encountered within the same simulation tick
warn: PowerState: More than one power state change request encountered within the same simulation tick
warn: PowerState: More than one power state change request encountered within the same simulation tick
warn: PowerState: More than one power state change request encountered within the same simulation tick
warn: PowerState: More than one power state change request encountered within the same simulation tick
warn: PowerState: More than one power state change request encountered within the same simulation tick
warn: PowerState: More than one power state change request encountered within the same simulation tick
warn: PowerState: More than one power state change request encountered within the same simulation tick
warn: PowerState: More than one power state change request encountered within the same simulation tick
warn: PowerState: More than one power state change request encountered within the same simulation tick
warn: PowerState: More than one power state change request encountered within the same simulation tick
warn: PowerState: More than one power state change request encountered within the same simulation tick
warn: PowerState: More than one power state change request encountered within the same simulation tick
warn: PowerState: More than one power state change request encountered within the same simulation tick
warn: PowerState: More than one power state change request encountered within the same simulation tick
warn: PowerState: More than one power state change request encountered within the same simulation tick
warn: PowerState: More than one power state change request encountered within the same simulation tick
warn: PowerState: More than one power state change request encountered within the same simulation tick
warn: PowerState: More than one power state change request encountered within the same simulation tick
warn: PowerState: More than one power state change request encountered within the same simulation tick
warn: PowerState: More than one power state change request encountered within the same simulation tick
warn: PowerState: More than one power state change request encountered within the same simulation tick
warn: PowerState: More than one power state change request encountered within the same simulation tick
warn: PowerState: More than one power state change request encountered within the same simulation tick
warn: PowerState: More than one power state change request encountered within the same simulation tick
warn: PowerState: More than one power state change request encountered within the same simulation tick
warn: PowerState: More than one power state change request encountered within the same simulation tick
warn: PowerState: More than one power state change request encountered within the same simulation tick
warn: PowerState: More than one power state change request encountered within the same simulation tick
warn: PowerState: More than one power state change request encountered within the same simulation tick
warn: PowerState: More than one power state change request encountered within the same simulation tick
warn: PowerState: More than one power state change request encountered within the same simulation tick
warn: PowerState: More than one power state change request encountered within the same simulation tick
warn: PowerState: More than one power state change request encountered within the same simulation tick
warn: PowerState: More than one power state change request encountered within the same simulation tick
warn: PowerState: More than one power state change request encountered within the same simulation tick
warn: PowerState: More than one power state change request encountered within the same simulation tick
warn: PowerState: More than one power state change request encountered within the same simulation tick
warn: PowerState: More than one power state change request encountered within the same simulation tick
warn: PowerState: More than one power state change request encountered within the same simulation tick
warn: PowerState: More than one power state change request encountered within the same simulation tick
warn: PowerState: More than one power state change request encountered within the same simulation tick
warn: PowerState: More than one power state change request encountered within the same simulation tick
warn: PowerState: More than one power state change request encountered within the same simulation tick
warn: PowerState: More than one power state change request encountered within the same simulation tick
warn: PowerState: More than one power state change request encountered within the same simulation tick
warn: PowerState: More than one power state change request encountered within the same simulation tick
warn: PowerState: More than one power state change request encountered within the same simulation tick
warn: PowerState: More than one power state change request encountered within the same simulation tick
warn: PowerState: More than one power state change request encountered within the same simulation tick
warn: PowerState: More than one power state change request encountered within the same simulation tick
warn: PowerState: More than one power state change request encountered within the same simulation tick
warn: PowerState: More than one power state change request encountered within the same simulation tick
warn: PowerState: More than one power state change request encountered within the same simulation tick
warn: PowerState: More than one power state change request encountered within the same simulation tick
warn: PowerState: More than one power state change request encountered within the same simulation tick
warn: PowerState: More than one power state change request encountered within the same simulation tick
warn: PowerState: More than one power state change request encountered within the same simulation tick
warn: PowerState: More than one power state change request encountered within the same simulation tick
warn: PowerState: More than one power state change request encountered within the same simulation tick
warn: PowerState: More than one power state change request encountered within the same simulation tick
warn: PowerState: More than one power state change request encountered within the same simulation tick
warn: PowerState: More than one power state change request encountered within the same simulation tick
warn: PowerState: More than one power state change request encountered within the same simulation tick
warn: PowerState: More than one power state change request encountered within the same simulation tick
warn: PowerState: More than one power state change request encountered within the same simulation tick
warn: PowerState: More than one power state change request encountered within the same simulation tick
warn: PowerState: More than one power state change request encountered within the same simulation tick
warn: PowerState: More than one power state change request encountered within the same simulation tick
warn: PowerState: More than one power state change request encountered within the same simulation tick
warn: PowerState: More than one power state change request encountered within the same simulation tick
warn: PowerState: More than one power state change request encountered within the same simulation tick
warn: PowerState: More than one power state change request encountered within the same simulation tick
warn: PowerState: More than one power state change request encountered within the same simulation tick
warn: PowerState: More than one power state change request encountered within the same simulation tick
warn: PowerState: More than one power state change request encountered within the same simulation tick
warn: PowerState: More than one power state change request encountered within the same simulation tick
warn: PowerState: More than one power state change request encountered within the same simulation tick
warn: PowerState: More than one power state change request encountered within the same simulation tick
warn: PowerState: More than one power state change request encountered within the same simulation tick
warn: PowerState: More than one power state change request encountered within the same simulation tick
warn: PowerState: More than one power state change request encountered within the same simulation tick
warn: PowerState: More than one power state change request encountered within the same simulation tick
warn: PowerState: More than one power state change request encountered within the same simulation tick
warn: PowerState: More than one power state change request encountered within the same simulation tick
warn: PowerState: More than one power state change request encountered within the same simulation tick
warn: PowerState: More than one power state change request encountered within the same simulation tick
warn: PowerState: More than one power state change request encountered within the same simulation tick
warn: PowerState: More than one power state change request encountered within the same simulation tick
warn: PowerState: More than one power state change request encountered within the same simulation tick
warn: PowerState: More than one power state change request encountered within the same simulation tick
warn: PowerState: More than one power state change request encountered within the same simulation tick
warn: PowerState: More than one power state change request encountered within the same simulation tick
warn: PowerState: More than one power state change request encountered within the same simulation tick
warn: PowerState: More than one power state change request encountered within the same simulation tick
warn: PowerState: More than one power state change request encountered within the same simulation tick
warn: PowerState: More than one power state change request encountered within the same simulation tick
warn: PowerState: More than one power state change request encountered within the same simulation tick
warn: PowerState: More than one power state change request encountered within the same simulation tick
warn: PowerState: More than one power state change request encountered within the same simulation tick
warn: PowerState: More than one power state change request encountered within the same simulation tick
warn: PowerState: More than one power state change request encountered within the same simulation tick
warn: PowerState: More than one power state change request encountered within the same simulation tick
warn: PowerState: More than one power state change request encountered within the same simulation tick
warn: PowerState: More than one power state change request encountered within the same simulation tick
warn: PowerState: More than one power state change request encountered within the same simulation tick
warn: PowerState: More than one power state change request encountered within the same simulation tick
warn: PowerState: More than one power state change request encountered within the same simulation tick
warn: PowerState: More than one power state change request encountered within the same simulation tick
warn: PowerState: More than one power state change request encountered within the same simulation tick
warn: PowerState: More than one power state change request encountered within the same simulation tick
warn: PowerState: More than one power state change request encountered within the same simulation tick
warn: PowerState: More than one power state change request encountered within the same simulation tick
warn: PowerState: More than one power state change request encountered within the same simulation tick
warn: PowerState: More than one power state change request encountered within the same simulation tick
warn: PowerState: More than one power state change request encountered within the same simulation tick
warn: PowerState: More than one power state change request encountered within the same simulation tick
warn: PowerState: More than one power state change request encountered within the same simulation tick
warn: PowerState: More than one power state change request encountered within the same simulation tick
warn: PowerState: More than one power state change request encountered within the same simulation tick
warn: PowerState: More than one power state change request encountered within the same simulation tick
warn: PowerState: More than one power state change request encountered within the same simulation tick
warn: PowerState: More than one power state change request encountered within the same simulation tick
warn: PowerState: More than one power state change request encountered within the same simulation tick
warn: PowerState: More than one power state change request encountered within the same simulation tick
warn: PowerState: More than one power state change request encountered within the same simulation tick
warn: PowerState: More than one power state change request encountered within the same simulation tick
warn: PowerState: More than one power state change request encountered within the same simulation tick
warn: PowerState: More than one power state change request encountered within the same simulation tick
warn: PowerState: More than one power state change request encountered within the same simulation tick
warn: PowerState: More than one power state change request encountered within the same simulation tick
warn: PowerState: More than one power state change request encountered within the same simulation tick
warn: PowerState: More than one power state change request encountered within the same simulation tick
warn: PowerState: More than one power state change request encountered within the same simulation tick
warn: PowerState: More than one power state change request encountered within the same simulation tick
warn: PowerState: More than one power state change request encountered within the same simulation tick
warn: PowerState: More than one power state change request encountered within the same simulation tick
warn: PowerState: More than one power state change request encountered within the same simulation tick
warn: PowerState: More than one power state change request encountered within the same simulation tick
warn: PowerState: More than one power state change request encountered within the same simulation tick
warn: PowerState: More than one power state change request encountered within the same simulation tick
warn: PowerState: More than one power state change request encountered within the same simulation tick
warn: PowerState: More than one power state change request encountered within the same simulation tick
warn: PowerState: More than one power state change request encountered within the same simulation tick
warn: PowerState: More than one power state change request encountered within the same simulation tick
warn: PowerState: More than one power state change request encountered within the same simulation tick
warn: PowerState: More than one power state change request encountered within the same simulation tick
warn: PowerState: More than one power state change request encountered within the same simulation tick
warn: PowerState: More than one power state change request encountered within the same simulation tick
warn: PowerState: More than one power state change request encountered within the same simulation tick
warn: PowerState: More than one power state change request encountered within the same simulation tick
warn: PowerState: More than one power state change request encountered within the same simulation tick
warn: PowerState: More than one power state change request encountered within the same simulation tick
warn: PowerState: More than one power state change request encountered within the same simulation tick
warn: PowerState: More than one power state change request encountered within the same simulation tick
warn: PowerState: More than one power state change request encountered within the same simulation tick
warn: PowerState: More than one power state change request encountered within the same simulation tick
warn: PowerState: More than one power state change request encountered within the same simulation tick
warn: PowerState: More than one power state change request encountered within the same simulation tick
warn: PowerState: More than one power state change request encountered within the same simulation tick
warn: PowerState: More than one power state change request encountered within the same simulation tick
warn: PowerState: More than one power state change request encountered within the same simulation tick
warn: PowerState: More than one power state change request encountered within the same simulation tick
warn: PowerState: More than one power state change request encountered within the same simulation tick
warn: PowerState: More than one power state change request encountered within the same simulation tick
warn: PowerState: More than one power state change request encountered within the same simulation tick
warn: PowerState: More than one power state change request encountered within the same simulation tick
warn: PowerState: More than one power state change request encountered within the same simulation tick
warn: PowerState: More than one power state change request encountered within the same simulation tick
warn: PowerState: More than one power state change request encountered within the same simulation tick
warn: PowerState: More than one power state change request encountered within the same simulation tick
warn: PowerState: More than one power state change request encountered within the same simulation tick
warn: PowerState: More than one power state change request encountered within the same simulation tick
warn: PowerState: More than one power state change request encountered within the same simulation tick
warn: PowerState: More than one power state change request encountered within the same simulation tick
warn: PowerState: More than one power state change request encountered within the same simulation tick
warn: PowerState: More than one power state change request encountered within the same simulation tick
warn: PowerState: More than one power state change request encountered within the same simulation tick
warn: PowerState: More than one power state change request encountered within the same simulation tick
warn: PowerState: More than one power state change request encountered within the same simulation tick
warn: PowerState: More than one power state change request encountered within the same simulation tick
warn: PowerState: More than one power state change request encountered within the same simulation tick
warn: PowerState: More than one power state change request encountered within the same simulation tick
warn: PowerState: More than one power state change request encountered within the same simulation tick
warn: PowerState: More than one power state change request encountered within the same simulation tick
warn: PowerState: More than one power state change request encountered within the same simulation tick
warn: PowerState: More than one power state change request encountered within the same simulation tick
warn: PowerState: More than one power state change request encountered within the same simulation tick
warn: PowerState: More than one power state change request encountered within the same simulation tick
warn: PowerState: More than one power state change request encountered within the same simulation tick
warn: PowerState: More than one power state change request encountered within the same simulation tick
warn: PowerState: More than one power state change request encountered within the same simulation tick
warn: PowerState: More than one power state change request encountered within the same simulation tick
warn: PowerState: More than one power state change request encountered within the same simulation tick
warn: PowerState: More than one power state change request encountered within the same simulation tick
warn: PowerState: More than one power state change request encountered within the same simulation tick
warn: PowerState: More than one power state change request encountered within the same simulation tick
warn: PowerState: More than one power state change request encountered within the same simulation tick
warn: PowerState: More than one power state change request encountered within the same simulation tick
warn: PowerState: More than one power state change request encountered within the same simulation tick
warn: PowerState: More than one power state change request encountered within the same simulation tick
warn: PowerState: More than one power state change request encountered within the same simulation tick
warn: PowerState: More than one power state change request encountered within the same simulation tick
warn: PowerState: More than one power state change request encountered within the same simulation tick
warn: PowerState: More than one power state change request encountered within the same simulation tick
warn: PowerState: More than one power state change request encountered within the same simulation tick
warn: PowerState: More than one power state change request encountered within the same simulation tick
warn: PowerState: More than one power state change request encountered within the same simulation tick
warn: PowerState: More than one power state change request encountered within the same simulation tick
warn: PowerState: More than one power state change request encountered within the same simulation tick
warn: PowerState: More than one power state change request encountered within the same simulation tick
warn: PowerState: More than one power state change request encountered within the same simulation tick
warn: PowerState: More than one power state change request encountered within the same simulation tick
warn: PowerState: More than one power state change request encountered within the same simulation tick
warn: PowerState: More than one power state change request encountered within the same simulation tick
warn: PowerState: More than one power state change request encountered within the same simulation tick
warn: PowerState: More than one power state change request encountered within the same simulation tick
warn: PowerState: More than one power state change request encountered within the same simulation tick
warn: PowerState: More than one power state change request encountered within the same simulation tick
warn: PowerState: More than one power state change request encountered within the same simulation tick
warn: PowerState: More than one power state change request encountered within the same simulation tick
warn: PowerState: More than one power state change request encountered within the same simulation tick
warn: PowerState: More than one power state change request encountered within the same simulation tick
warn: PowerState: More than one power state change request encountered within the same simulation tick
warn: PowerState: More than one power state change request encountered within the same simulation tick
warn: PowerState: More than one power state change request encountered within the same simulation tick
warn: PowerState: More than one power state change request encountered within the same simulation tick
warn: PowerState: More than one power state change request encountered within the same simulation tick
warn: PowerState: More than one power state change request encountered within the same simulation tick
warn: PowerState: More than one power state change request encountered within the same simulation tick
warn: PowerState: More than one power state change request encountered within the same simulation tick
warn: PowerState: More than one power state change request encountered within the same simulation tick
warn: PowerState: More than one power state change request encountered within the same simulation tick
warn: PowerState: More than one power state change request encountered within the same simulation tick
warn: PowerState: More than one power state change request encountered within the same simulation tick
warn: PowerState: More than one power state change request encountered within the same simulation tick
warn: PowerState: More than one power state change request encountered within the same simulation tick
warn: PowerState: More than one power state change request encountered within the same simulation tick
warn: PowerState: More than one power state change request encountered within the same simulation tick
warn: PowerState: More than one power state change request encountered within the same simulation tick
warn: PowerState: More than one power state change request encountered within the same simulation tick
warn: PowerState: More than one power state change request encountered within the same simulation tick
warn: PowerState: More than one power state change request encountered within the same simulation tick
warn: PowerState: More than one power state change request encountered within the same simulation tick
warn: PowerState: More than one power state change request encountered within the same simulation tick
warn: PowerState: More than one power state change request encountered within the same simulation tick
warn: PowerState: More than one power state change request encountered within the same simulation tick
warn: PowerState: More than one power state change request encountered within the same simulation tick
warn: PowerState: More than one power state change request encountered within the same simulation tick
warn: PowerState: More than one power state change request encountered within the same simulation tick
warn: PowerState: More than one power state change request encountered within the same simulation tick
warn: PowerState: More than one power state change request encountered within the same simulation tick
warn: PowerState: More than one power state change request encountered within the same simulation tick
warn: PowerState: More than one power state change request encountered within the same simulation tick
warn: PowerState: More than one power state change request encountered within the same simulation tick
warn: PowerState: More than one power state change request encountered within the same simulation tick
warn: PowerState: More than one power state change request encountered within the same simulation tick
warn: PowerState: More than one power state change request encountered within the same simulation tick
warn: PowerState: More than one power state change request encountered within the same simulation tick
warn: PowerState: More than one power state change request encountered within the same simulation tick
warn: PowerState: More than one power state change request encountered within the same simulation tick
warn: PowerState: More than one power state change request encountered within the same simulation tick
warn: PowerState: More than one power state change request encountered within the same simulation tick
warn: PowerState: More than one power state change request encountered within the same simulation tick
warn: PowerState: More than one power state change request encountered within the same simulation tick
warn: PowerState: More than one power state change request encountered within the same simulation tick
warn: PowerState: More than one power state change request encountered within the same simulation tick
warn: PowerState: More than one power state change request encountered within the same simulation tick
warn: PowerState: More than one power state change request encountered within the same simulation tick
warn: PowerState: More than one power state change request encountered within the same simulation tick
warn: PowerState: More than one power state change request encountered within the same simulation tick
warn: PowerState: More than one power state change request encountered within the same simulation tick
warn: PowerState: More than one power state change request encountered within the same simulation tick
warn: PowerState: More than one power state change request encountered within the same simulation tick
warn: PowerState: More than one power state change request encountered within the same simulation tick
warn: PowerState: More than one power state change request encountered within the same simulation tick
warn: PowerState: More than one power state change request encountered within the same simulation tick
warn: PowerState: More than one power state change request encountered within the same simulation tick
warn: PowerState: More than one power state change request encountered within the same simulation tick
warn: PowerState: More than one power state change request encountered within the same simulation tick
warn: PowerState: More than one power state change request encountered within the same simulation tick
warn: PowerState: More than one power state change request encountered within the same simulation tick
warn: PowerState: More than one power state change request encountered within the same simulation tick
warn: PowerState: More than one power state change request encountered within the same simulation tick
warn: PowerState: More than one power state change request encountered within the same simulation tick
warn: PowerState: More than one power state change request encountered within the same simulation tick
warn: PowerState: More than one power state change request encountered within the same simulation tick
warn: PowerState: More than one power state change request encountered within the same simulation tick
warn: PowerState: More than one power state change request encountered within the same simulation tick
warn: PowerState: More than one power state change request encountered within the same simulation tick
warn: PowerState: More than one power state change request encountered within the same simulation tick
warn: PowerState: More than one power state change request encountered within the same simulation tick
warn: PowerState: More than one power state change request encountered within the same simulation tick
warn: PowerState: More than one power state change request encountered within the same simulation tick
warn: PowerState: More than one power state change request encountered within the same simulation tick
warn: PowerState: More than one power state change request encountered within the same simulation tick
warn: PowerState: More than one power state change request encountered within the same simulation tick
warn: PowerState: More than one power state change request encountered within the same simulation tick
warn: PowerState: More than one power state change request encountered within the same simulation tick
warn: PowerState: More than one power state change request encountered within the same simulation tick
warn: PowerState: More than one power state change request encountered within the same simulation tick
warn: PowerState: More than one power state change request encountered within the same simulation tick
warn: PowerState: More than one power state change request encountered within the same simulation tick
warn: PowerState: More than one power state change request encountered within the same simulation tick
warn: PowerState: More than one power state change request encountered within the same simulation tick
warn: PowerState: More than one power state change request encountered within the same simulation tick
warn: PowerState: More than one power state change request encountered within the same simulation tick
warn: PowerState: More than one power state change request encountered within the same simulation tick
warn: PowerState: More than one power state change request encountered within the same simulation tick
warn: PowerState: More than one power state change request encountered within the same simulation tick
warn: PowerState: More than one power state change request encountered within the same simulation tick
warn: PowerState: More than one power state change request encountered within the same simulation tick
warn: PowerState: More than one power state change request encountered within the same simulation tick
warn: PowerState: More than one power state change request encountered within the same simulation tick
warn: PowerState: More than one power state change request encountered within the same simulation tick
warn: PowerState: More than one power state change request encountered within the same simulation tick
warn: PowerState: More than one power state change request encountered within the same simulation tick
warn: PowerState: More than one power state change request encountered within the same simulation tick
warn: PowerState: More than one power state change request encountered within the same simulation tick
warn: PowerState: More than one power state change request encountered within the same simulation tick
warn: PowerState: More than one power state change request encountered within the same simulation tick
warn: PowerState: More than one power state change request encountered within the same simulation tick
warn: PowerState: More than one power state change request encountered within the same simulation tick
warn: PowerState: More than one power state change request encountered within the same simulation tick
warn: PowerState: More than one power state change request encountered within the same simulation tick
warn: PowerState: More than one power state change request encountered within the same simulation tick
warn: PowerState: More than one power state change request encountered within the same simulation tick
warn: PowerState: More than one power state change request encountered within the same simulation tick
warn: PowerState: More than one power state change request encountered within the same simulation tick
warn: PowerState: More than one power state change request encountered within the same simulation tick
warn: PowerState: More than one power state change request encountered within the same simulation tick
warn: PowerState: More than one power state change request encountered within the same simulation tick
warn: PowerState: More than one power state change request encountered within the same simulation tick
warn: PowerState: More than one power state change request encountered within the same simulation tick
warn: PowerState: More than one power state change request encountered within the same simulation tick
warn: PowerState: More than one power state change request encountered within the same simulation tick
warn: PowerState: More than one power state change request encountered within the same simulation tick
warn: PowerState: More than one power state change request encountered within the same simulation tick
warn: PowerState: More than one power state change request encountered within the same simulation tick
warn: PowerState: More than one power state change request encountered within the same simulation tick
warn: PowerState: More than one power state change request encountered within the same simulation tick
warn: PowerState: More than one power state change request encountered within the same simulation tick
warn: PowerState: More than one power state change request encountered within the same simulation tick
warn: PowerState: More than one power state change request encountered within the same simulation tick
warn: PowerState: More than one power state change request encountered within the same simulation tick
warn: PowerState: More than one power state change request encountered within the same simulation tick
warn: PowerState: More than one power state change request encountered within the same simulation tick
warn: PowerState: More than one power state change request encountered within the same simulation tick
warn: PowerState: More than one power state change request encountered within the same simulation tick
warn: PowerState: More than one power state change request encountered within the same simulation tick
warn: PowerState: More than one power state change request encountered within the same simulation tick
warn: PowerState: More than one power state change request encountered within the same simulation tick
warn: PowerState: More than one power state change request encountered within the same simulation tick
warn: PowerState: More than one power state change request encountered within the same simulation tick
warn: PowerState: More than one power state change request encountered within the same simulation tick
warn: PowerState: More than one power state change request encountered within the same simulation tick
warn: PowerState: More than one power state change request encountered within the same simulation tick
warn: PowerState: More than one power state change request encountered within the same simulation tick
warn: PowerState: More than one power state change request encountered within the same simulation tick
warn: PowerState: More than one power state change request encountered within the same simulation tick
warn: PowerState: More than one power state change request encountered within the same simulation tick
warn: PowerState: More than one power state change request encountered within the same simulation tick
warn: PowerState: More than one power state change request encountered within the same simulation tick
warn: PowerState: More than one power state change request encountered within the same simulation tick
warn: PowerState: More than one power state change request encountered within the same simulation tick
warn: PowerState: More than one power state change request encountered within the same simulation tick
warn: PowerState: More than one power state change request encountered within the same simulation tick
warn: PowerState: More than one power state change request encountered within the same simulation tick
warn: PowerState: More than one power state change request encountered within the same simulation tick
warn: PowerState: More than one power state change request encountered within the same simulation tick
warn: PowerState: More than one power state change request encountered within the same simulation tick
warn: PowerState: More than one power state change request encountered within the same simulation tick
warn: PowerState: More than one power state change request encountered within the same simulation tick
warn: PowerState: More than one power state change request encountered within the same simulation tick
warn: PowerState: More than one power state change request encountered within the same simulation tick
warn: PowerState: More than one power state change request encountered within the same simulation tick
warn: PowerState: More than one power state change request encountered within the same simulation tick
warn: PowerState: More than one power state change request encountered within the same simulation tick
warn: PowerState: More than one power state change request encountered within the same simulation tick
warn: PowerState: More than one power state change request encountered within the same simulation tick
warn: PowerState: More than one power state change request encountered within the same simulation tick
warn: PowerState: More than one power state change request encountered within the same simulation tick
warn: PowerState: More than one power state change request encountered within the same simulation tick
warn: PowerState: More than one power state change request encountered within the same simulation tick
warn: PowerState: More than one power state change request encountered within the same simulation tick
warn: PowerState: More than one power state change request encountered within the same simulation tick
warn: PowerState: More than one power state change request encountered within the same simulation tick
warn: PowerState: More than one power state change request encountered within the same simulation tick
warn: PowerState: More than one power state change request encountered within the same simulation tick
warn: PowerState: More than one power state change request encountered within the same simulation tick
warn: PowerState: More than one power state change request encountered within the same simulation tick
warn: PowerState: More than one power state change request encountered within the same simulation tick
warn: PowerState: More than one power state change request encountered within the same simulation tick
warn: PowerState: More than one power state change request encountered within the same simulation tick
warn: PowerState: More than one power state change request encountered within the same simulation tick
warn: PowerState: More than one power state change request encountered within the same simulation tick
warn: PowerState: More than one power state change request encountered within the same simulation tick
warn: PowerState: More than one power state change request encountered within the same simulation tick
warn: PowerState: More than one power state change request encountered within the same simulation tick
warn: PowerState: More than one power state change request encountered within the same simulation tick
warn: PowerState: More than one power state change request encountered within the same simulation tick
warn: PowerState: More than one power state change request encountered within the same simulation tick
warn: PowerState: More than one power state change request encountered within the same simulation tick
warn: PowerState: More than one power state change request encountered within the same simulation tick
warn: PowerState: More than one power state change request encountered within the same simulation tick
warn: PowerState: More than one power state change request encountered within the same simulation tick
warn: PowerState: More than one power state change request encountered within the same simulation tick
warn: PowerState: More than one power state change request encountered within the same simulation tick
warn: PowerState: More than one power state change request encountered within the same simulation tick
warn: PowerState: More than one power state change request encountered within the same simulation tick
warn: PowerState: More than one power state change request encountered within the same simulation tick
warn: PowerState: More than one power state change request encountered within the same simulation tick
warn: PowerState: More than one power state change request encountered within the same simulation tick
warn: PowerState: More than one power state change request encountered within the same simulation tick
warn: PowerState: More than one power state change request encountered within the same simulation tick
warn: PowerState: More than one power state change request encountered within the same simulation tick
warn: PowerState: More than one power state change request encountered within the same simulation tick
warn: PowerState: More than one power state change request encountered within the same simulation tick
warn: PowerState: More than one power state change request encountered within the same simulation tick
warn: PowerState: More than one power state change request encountered within the same simulation tick
warn: PowerState: More than one power state change request encountered within the same simulation tick
warn: PowerState: More than one power state change request encountered within the same simulation tick
warn: PowerState: More than one power state change request encountered within the same simulation tick
warn: PowerState: More than one power state change request encountered within the same simulation tick
warn: PowerState: More than one power state change request encountered within the same simulation tick
warn: PowerState: More than one power state change request encountered within the same simulation tick
warn: PowerState: More than one power state change request encountered within the same simulation tick
warn: PowerState: More than one power state change request encountered within the same simulation tick
warn: PowerState: More than one power state change request encountered within the same simulation tick
warn: PowerState: More than one power state change request encountered within the same simulation tick
warn: PowerState: More than one power state change request encountered within the same simulation tick
warn: PowerState: More than one power state change request encountered within the same simulation tick
warn: PowerState: More than one power state change request encountered within the same simulation tick
warn: PowerState: More than one power state change request encountered within the same simulation tick
warn: PowerState: More than one power state change request encountered within the same simulation tick
warn: PowerState: More than one power state change request encountered within the same simulation tick
warn: PowerState: More than one power state change request encountered within the same simulation tick
warn: PowerState: More than one power state change request encountered within the same simulation tick
warn: PowerState: More than one power state change request encountered within the same simulation tick
warn: PowerState: More than one power state change request encountered within the same simulation tick
warn: PowerState: More than one power state change request encountered within the same simulation tick
warn: PowerState: More than one power state change request encountered within the same simulation tick
warn: PowerState: More than one power state change request encountered within the same simulation tick
warn: PowerState: More than one power state change request encountered within the same simulation tick
warn: PowerState: More than one power state change request encountered within the same simulation tick
warn: PowerState: More than one power state change request encountered within the same simulation tick
warn: PowerState: More than one power state change request encountered within the same simulation tick
warn: PowerState: More than one power state change request encountered within the same simulation tick
warn: PowerState: More than one power state change request encountered within the same simulation tick
warn: PowerState: More than one power state change request encountered within the same simulation tick
warn: PowerState: More than one power state change request encountered within the same simulation tick
warn: PowerState: More than one power state change request encountered within the same simulation tick
warn: PowerState: More than one power state change request encountered within the same simulation tick
warn: PowerState: More than one power state change request encountered within the same simulation tick
warn: PowerState: More than one power state change request encountered within the same simulation tick
warn: PowerState: More than one power state change request encountered within the same simulation tick
warn: PowerState: More than one power state change request encountered within the same simulation tick
warn: PowerState: More than one power state change request encountered within the same simulation tick
warn: PowerState: More than one power state change request encountered within the same simulation tick
warn: PowerState: More than one power state change request encountered within the same simulation tick
warn: PowerState: More than one power state change request encountered within the same simulation tick
warn: PowerState: More than one power state change request encountered within the same simulation tick
warn: PowerState: More than one power state change request encountered within the same simulation tick
warn: PowerState: More than one power state change request encountered within the same simulation tick
warn: PowerState: More than one power state change request encountered within the same simulation tick
warn: PowerState: More than one power state change request encountered within the same simulation tick
warn: PowerState: More than one power state change request encountered within the same simulation tick
warn: PowerState: More than one power state change request encountered within the same simulation tick
warn: PowerState: More than one power state change request encountered within the same simulation tick
warn: PowerState: More than one power state change request encountered within the same simulation tick
warn: PowerState: More than one power state change request encountered within the same simulation tick
warn: PowerState: More than one power state change request encountered within the same simulation tick
warn: PowerState: More than one power state change request encountered within the same simulation tick
warn: PowerState: More than one power state change request encountered within the same simulation tick
warn: PowerState: More than one power state change request encountered within the same simulation tick
warn: PowerState: More than one power state change request encountered within the same simulation tick
warn: PowerState: More than one power state change request encountered within the same simulation tick
warn: PowerState: More than one power state change request encountered within the same simulation tick
warn: PowerState: More than one power state change request encountered within the same simulation tick
warn: PowerState: More than one power state change request encountered within the same simulation tick
warn: PowerState: More than one power state change request encountered within the same simulation tick
warn: PowerState: More than one power state change request encountered within the same simulation tick
warn: PowerState: More than one power state change request encountered within the same simulation tick
warn: PowerState: More than one power state change request encountered within the same simulation tick
warn: PowerState: More than one power state change request encountered within the same simulation tick
warn: PowerState: More than one power state change request encountered within the same simulation tick
warn: PowerState: More than one power state change request encountered within the same simulation tick
warn: PowerState: More than one power state change request encountered within the same simulation tick
warn: PowerState: More than one power state change request encountered within the same simulation tick
warn: PowerState: More than one power state change request encountered within the same simulation tick
warn: PowerState: More than one power state change request encountered within the same simulation tick
warn: PowerState: More than one power state change request encountered within the same simulation tick
warn: PowerState: More than one power state change request encountered within the same simulation tick
warn: PowerState: More than one power state change request encountered within the same simulation tick
warn: PowerState: More than one power state change request encountered within the same simulation tick
warn: PowerState: More than one power state change request encountered within the same simulation tick
warn: PowerState: More than one power state change request encountered within the same simulation tick
warn: PowerState: More than one power state change request encountered within the same simulation tick
warn: PowerState: More than one power state change request encountered within the same simulation tick
warn: PowerState: More than one power state change request encountered within the same simulation tick
warn: PowerState: More than one power state change request encountered within the same simulation tick
warn: PowerState: More than one power state change request encountered within the same simulation tick
warn: PowerState: More than one power state change request encountered within the same simulation tick
warn: PowerState: More than one power state change request encountered within the same simulation tick
warn: PowerState: More than one power state change request encountered within the same simulation tick
warn: PowerState: More than one power state change request encountered within the same simulation tick
warn: PowerState: More than one power state change request encountered within the same simulation tick
warn: PowerState: More than one power state change request encountered within the same simulation tick
warn: PowerState: More than one power state change request encountered within the same simulation tick
warn: PowerState: More than one power state change request encountered within the same simulation tick
warn: PowerState: More than one power state change request encountered within the same simulation tick
warn: PowerState: More than one power state change request encountered within the same simulation tick
warn: PowerState: More than one power state change request encountered within the same simulation tick
warn: PowerState: More than one power state change request encountered within the same simulation tick
warn: PowerState: More than one power state change request encountered within the same simulation tick
warn: PowerState: More than one power state change request encountered within the same simulation tick
warn: PowerState: More than one power state change request encountered within the same simulation tick
warn: PowerState: More than one power state change request encountered within the same simulation tick
warn: PowerState: More than one power state change request encountered within the same simulation tick
warn: PowerState: More than one power state change request encountered within the same simulation tick
warn: PowerState: More than one power state change request encountered within the same simulation tick
warn: PowerState: More than one power state change request encountered within the same simulation tick
warn: PowerState: More than one power state change request encountered within the same simulation tick
warn: PowerState: More than one power state change request encountered within the same simulation tick
warn: PowerState: More than one power state change request encountered within the same simulation tick
warn: PowerState: More than one power state change request encountered within the same simulation tick
warn: PowerState: More than one power state change request encountered within the same simulation tick
warn: PowerState: More than one power state change request encountered within the same simulation tick
warn: PowerState: More than one power state change request encountered within the same simulation tick
warn: PowerState: More than one power state change request encountered within the same simulation tick
warn: PowerState: More than one power state change request encountered within the same simulation tick
warn: PowerState: More than one power state change request encountered within the same simulation tick
warn: PowerState: More than one power state change request encountered within the same simulation tick
warn: PowerState: More than one power state change request encountered within the same simulation tick
warn: PowerState: More than one power state change request encountered within the same simulation tick
warn: PowerState: More than one power state change request encountered within the same simulation tick
warn: PowerState: More than one power state change request encountered within the same simulation tick
warn: PowerState: More than one power state change request encountered within the same simulation tick
warn: PowerState: More than one power state change request encountered within the same simulation tick
warn: PowerState: More than one power state change request encountered within the same simulation tick
warn: PowerState: More than one power state change request encountered within the same simulation tick
warn: PowerState: More than one power state change request encountered within the same simulation tick
warn: PowerState: More than one power state change request encountered within the same simulation tick
warn: PowerState: More than one power state change request encountered within the same simulation tick
warn: PowerState: More than one power state change request encountered within the same simulation tick
warn: PowerState: More than one power state change request encountered within the same simulation tick
warn: PowerState: More than one power state change request encountered within the same simulation tick
warn: PowerState: More than one power state change request encountered within the same simulation tick
warn: PowerState: More than one power state change request encountered within the same simulation tick
warn: PowerState: More than one power state change request encountered within the same simulation tick
warn: PowerState: More than one power state change request encountered within the same simulation tick
warn: PowerState: More than one power state change request encountered within the same simulation tick
warn: PowerState: More than one power state change request encountered within the same simulation tick
warn: PowerState: More than one power state change request encountered within the same simulation tick
warn: PowerState: More than one power state change request encountered within the same simulation tick
warn: PowerState: More than one power state change request encountered within the same simulation tick
warn: PowerState: More than one power state change request encountered within the same simulation tick
warn: PowerState: More than one power state change request encountered within the same simulation tick
warn: PowerState: More than one power state change request encountered within the same simulation tick
warn: PowerState: More than one power state change request encountered within the same simulation tick
warn: PowerState: More than one power state change request encountered within the same simulation tick
warn: PowerState: More than one power state change request encountered within the same simulation tick
warn: PowerState: More than one power state change request encountered within the same simulation tick
warn: PowerState: More than one power state change request encountered within the same simulation tick
warn: PowerState: More than one power state change request encountered within the same simulation tick
warn: PowerState: More than one power state change request encountered within the same simulation tick
warn: PowerState: More than one power state change request encountered within the same simulation tick
warn: PowerState: More than one power state change request encountered within the same simulation tick
warn: PowerState: More than one power state change request encountered within the same simulation tick
warn: PowerState: More than one power state change request encountered within the same simulation tick
warn: PowerState: More than one power state change request encountered within the same simulation tick
warn: PowerState: More than one power state change request encountered within the same simulation tick
warn: PowerState: More than one power state change request encountered within the same simulation tick
warn: PowerState: More than one power state change request encountered within the same simulation tick
warn: PowerState: More than one power state change request encountered within the same simulation tick
warn: PowerState: More than one power state change request encountered within the same simulation tick
warn: PowerState: More than one power state change request encountered within the same simulation tick
warn: PowerState: More than one power state change request encountered within the same simulation tick
warn: PowerState: More than one power state change request encountered within the same simulation tick
warn: PowerState: More than one power state change request encountered within the same simulation tick
warn: PowerState: More than one power state change request encountered within the same simulation tick
warn: PowerState: More than one power state change request encountered within the same simulation tick
warn: PowerState: More than one power state change request encountered within the same simulation tick
warn: PowerState: More than one power state change request encountered within the same simulation tick
warn: PowerState: More than one power state change request encountered within the same simulation tick
warn: PowerState: More than one power state change request encountered within the same simulation tick
warn: PowerState: More than one power state change request encountered within the same simulation tick
warn: PowerState: More than one power state change request encountered within the same simulation tick
warn: PowerState: More than one power state change request encountered within the same simulation tick
warn: PowerState: More than one power state change request encountered within the same simulation tick
warn: PowerState: More than one power state change request encountered within the same simulation tick
warn: PowerState: More than one power state change request encountered within the same simulation tick
warn: PowerState: More than one power state change request encountered within the same simulation tick
warn: PowerState: More than one power state change request encountered within the same simulation tick
warn: PowerState: More than one power state change request encountered within the same simulation tick
warn: PowerState: More than one power state change request encountered within the same simulation tick
warn: PowerState: More than one power state change request encountered within the same simulation tick
warn: PowerState: More than one power state change request encountered within the same simulation tick
warn: PowerState: More than one power state change request encountered within the same simulation tick
warn: PowerState: More than one power state change request encountered within the same simulation tick
warn: PowerState: More than one power state change request encountered within the same simulation tick
warn: PowerState: More than one power state change request encountered within the same simulation tick
warn: PowerState: More than one power state change request encountered within the same simulation tick
warn: PowerState: More than one power state change request encountered within the same simulation tick
warn: PowerState: More than one power state change request encountered within the same simulation tick
warn: PowerState: More than one power state change request encountered within the same simulation tick
warn: PowerState: More than one power state change request encountered within the same simulation tick
warn: PowerState: More than one power state change request encountered within the same simulation tick
warn: PowerState: More than one power state change request encountered within the same simulation tick
warn: PowerState: More than one power state change request encountered within the same simulation tick
warn: PowerState: More than one power state change request encountered within the same simulation tick
warn: PowerState: More than one power state change request encountered within the same simulation tick
warn: PowerState: More than one power state change request encountered within the same simulation tick
warn: PowerState: More than one power state change request encountered within the same simulation tick
warn: PowerState: More than one power state change request encountered within the same simulation tick
warn: PowerState: More than one power state change request encountered within the same simulation tick
warn: PowerState: More than one power state change request encountered within the same simulation tick
warn: PowerState: More than one power state change request encountered within the same simulation tick
warn: PowerState: More than one power state change request encountered within the same simulation tick
warn: PowerState: More than one power state change request encountered within the same simulation tick
warn: PowerState: More than one power state change request encountered within the same simulation tick
warn: PowerState: More than one power state change request encountered within the same simulation tick
warn: PowerState: More than one power state change request encountered within the same simulation tick
warn: PowerState: More than one power state change request encountered within the same simulation tick
warn: PowerState: More than one power state change request encountered within the same simulation tick
warn: PowerState: More than one power state change request encountered within the same simulation tick
warn: PowerState: More than one power state change request encountered within the same simulation tick
warn: PowerState: More than one power state change request encountered within the same simulation tick
warn: PowerState: More than one power state change request encountered within the same simulation tick
warn: PowerState: More than one power state change request encountered within the same simulation tick
warn: PowerState: More than one power state change request encountered within the same simulation tick
warn: PowerState: More than one power state change request encountered within the same simulation tick
warn: PowerState: More than one power state change request encountered within the same simulation tick
warn: PowerState: More than one power state change request encountered within the same simulation tick
warn: PowerState: More than one power state change request encountered within the same simulation tick
warn: PowerState: More than one power state change request encountered within the same simulation tick
warn: PowerState: More than one power state change request encountered within the same simulation tick
warn: PowerState: More than one power state change request encountered within the same simulation tick
warn: PowerState: More than one power state change request encountered within the same simulation tick
warn: PowerState: More than one power state change request encountered within the same simulation tick
warn: PowerState: More than one power state change request encountered within the same simulation tick
warn: PowerState: More than one power state change request encountered within the same simulation tick
warn: PowerState: More than one power state change request encountered within the same simulation tick
warn: PowerState: More than one power state change request encountered within the same simulation tick
warn: PowerState: More than one power state change request encountered within the same simulation tick
warn: PowerState: More than one power state change request encountered within the same simulation tick
warn: PowerState: More than one power state change request encountered within the same simulation tick
warn: PowerState: More than one power state change request encountered within the same simulation tick
warn: PowerState: More than one power state change request encountered within the same simulation tick
warn: PowerState: More than one power state change request encountered within the same simulation tick
warn: PowerState: More than one power state change request encountered within the same simulation tick
warn: PowerState: More than one power state change request encountered within the same simulation tick
warn: PowerState: More than one power state change request encountered within the same simulation tick
warn: PowerState: More than one power state change request encountered within the same simulation tick
warn: PowerState: More than one power state change request encountered within the same simulation tick
warn: PowerState: More than one power state change request encountered within the same simulation tick
warn: PowerState: More than one power state change request encountered within the same simulation tick
warn: PowerState: More than one power state change request encountered within the same simulation tick
warn: PowerState: More than one power state change request encountered within the same simulation tick
warn: PowerState: More than one power state change request encountered within the same simulation tick
warn: PowerState: More than one power state change request encountered within the same simulation tick
warn: PowerState: More than one power state change request encountered within the same simulation tick
warn: PowerState: More than one power state change request encountered within the same simulation tick
warn: PowerState: More than one power state change request encountered within the same simulation tick
warn: PowerState: More than one power state change request encountered within the same simulation tick
warn: PowerState: More than one power state change request encountered within the same simulation tick
warn: PowerState: More than one power state change request encountered within the same simulation tick
warn: PowerState: More than one power state change request encountered within the same simulation tick
warn: PowerState: More than one power state change request encountered within the same simulation tick
warn: PowerState: More than one power state change request encountered within the same simulation tick
warn: PowerState: More than one power state change request encountered within the same simulation tick
warn: PowerState: More than one power state change request encountered within the same simulation tick
warn: PowerState: More than one power state change request encountered within the same simulation tick
warn: PowerState: More than one power state change request encountered within the same simulation tick
warn: PowerState: More than one power state change request encountered within the same simulation tick
warn: PowerState: More than one power state change request encountered within the same simulation tick
warn: PowerState: More than one power state change request encountered within the same simulation tick
warn: PowerState: More than one power state change request encountered within the same simulation tick
warn: PowerState: More than one power state change request encountered within the same simulation tick
warn: PowerState: More than one power state change request encountered within the same simulation tick
warn: PowerState: More than one power state change request encountered within the same simulation tick
warn: PowerState: More than one power state change request encountered within the same simulation tick
warn: PowerState: More than one power state change request encountered within the same simulation tick
warn: PowerState: More than one power state change request encountered within the same simulation tick
warn: PowerState: More than one power state change request encountered within the same simulation tick
warn: PowerState: More than one power state change request encountered within the same simulation tick
warn: PowerState: More than one power state change request encountered within the same simulation tick
warn: PowerState: More than one power state change request encountered within the same simulation tick
warn: PowerState: More than one power state change request encountered within the same simulation tick
warn: PowerState: More than one power state change request encountered within the same simulation tick
warn: PowerState: More than one power state change request encountered within the same simulation tick
warn: PowerState: More than one power state change request encountered within the same simulation tick
warn: PowerState: More than one power state change request encountered within the same simulation tick
warn: PowerState: More than one power state change request encountered within the same simulation tick
warn: PowerState: More than one power state change request encountered within the same simulation tick
warn: PowerState: More than one power state change request encountered within the same simulation tick
warn: PowerState: More than one power state change request encountered within the same simulation tick
warn: PowerState: More than one power state change request encountered within the same simulation tick
warn: PowerState: More than one power state change request encountered within the same simulation tick
warn: PowerState: More than one power state change request encountered within the same simulation tick
warn: PowerState: More than one power state change request encountered within the same simulation tick
warn: PowerState: More than one power state change request encountered within the same simulation tick
warn: PowerState: More than one power state change request encountered within the same simulation tick
warn: PowerState: More than one power state change request encountered within the same simulation tick
warn: PowerState: More than one power state change request encountered within the same simulation tick
warn: PowerState: More than one power state change request encountered within the same simulation tick
warn: PowerState: More than one power state change request encountered within the same simulation tick
warn: PowerState: More than one power state change request encountered within the same simulation tick
warn: PowerState: More than one power state change request encountered within the same simulation tick
warn: PowerState: More than one power state change request encountered within the same simulation tick
warn: PowerState: More than one power state change request encountered within the same simulation tick
warn: PowerState: More than one power state change request encountered within the same simulation tick
warn: PowerState: More than one power state change request encountered within the same simulation tick
warn: PowerState: More than one power state change request encountered within the same simulation tick
warn: PowerState: More than one power state change request encountered within the same simulation tick
warn: PowerState: More than one power state change request encountered within the same simulation tick
warn: PowerState: More than one power state change request encountered within the same simulation tick
warn: PowerState: More than one power state change request encountered within the same simulation tick
warn: PowerState: More than one power state change request encountered within the same simulation tick
warn: PowerState: More than one power state change request encountered within the same simulation tick
warn: PowerState: More than one power state change request encountered within the same simulation tick
warn: PowerState: More than one power state change request encountered within the same simulation tick
warn: PowerState: More than one power state change request encountered within the same simulation tick
warn: PowerState: More than one power state change request encountered within the same simulation tick
warn: PowerState: More than one power state change request encountered within the same simulation tick
warn: PowerState: More than one power state change request encountered within the same simulation tick
warn: PowerState: More than one power state change request encountered within the same simulation tick
warn: PowerState: More than one power state change request encountered within the same simulation tick
warn: PowerState: More than one power state change request encountered within the same simulation tick
warn: PowerState: More than one power state change request encountered within the same simulation tick
warn: PowerState: More than one power state change request encountered within the same simulation tick
warn: PowerState: More than one power state change request encountered within the same simulation tick
warn: PowerState: More than one power state change request encountered within the same simulation tick
warn: PowerState: More than one power state change request encountered within the same simulation tick
warn: PowerState: More than one power state change request encountered within the same simulation tick
warn: PowerState: More than one power state change request encountered within the same simulation tick
warn: PowerState: More than one power state change request encountered within the same simulation tick
warn: PowerState: More than one power state change request encountered within the same simulation tick
warn: PowerState: More than one power state change request encountered within the same simulation tick
warn: PowerState: More than one power state change request encountered within the same simulation tick
warn: PowerState: More than one power state change request encountered within the same simulation tick
warn: PowerState: More than one power state change request encountered within the same simulation tick
warn: PowerState: More than one power state change request encountered within the same simulation tick
warn: PowerState: More than one power state change request encountered within the same simulation tick
warn: PowerState: More than one power state change request encountered within the same simulation tick
warn: PowerState: More than one power state change request encountered within the same simulation tick
warn: PowerState: More than one power state change request encountered within the same simulation tick
warn: PowerState: More than one power state change request encountered within the same simulation tick
warn: PowerState: More than one power state change request encountered within the same simulation tick
warn: PowerState: More than one power state change request encountered within the same simulation tick
warn: PowerState: More than one power state change request encountered within the same simulation tick
warn: PowerState: More than one power state change request encountered within the same simulation tick
warn: PowerState: More than one power state change request encountered within the same simulation tick
warn: PowerState: More than one power state change request encountered within the same simulation tick
warn: PowerState: More than one power state change request encountered within the same simulation tick
warn: PowerState: More than one power state change request encountered within the same simulation tick
warn: PowerState: More than one power state change request encountered within the same simulation tick
warn: PowerState: More than one power state change request encountered within the same simulation tick
warn: PowerState: More than one power state change request encountered within the same simulation tick
warn: PowerState: More than one power state change request encountered within the same simulation tick
warn: PowerState: More than one power state change request encountered within the same simulation tick
warn: PowerState: More than one power state change request encountered within the same simulation tick
warn: PowerState: More than one power state change request encountered within the same simulation tick
warn: PowerState: More than one power state change request encountered within the same simulation tick
warn: PowerState: More than one power state change request encountered within the same simulation tick
warn: PowerState: More than one power state change request encountered within the same simulation tick
warn: PowerState: More than one power state change request encountered within the same simulation tick
warn: PowerState: More than one power state change request encountered within the same simulation tick
warn: PowerState: More than one power state change request encountered within the same simulation tick
warn: PowerState: More than one power state change request encountered within the same simulation tick
warn: PowerState: More than one power state change request encountered within the same simulation tick
warn: PowerState: More than one power state change request encountered within the same simulation tick
warn: PowerState: More than one power state change request encountered within the same simulation tick
warn: PowerState: More than one power state change request encountered within the same simulation tick
warn: PowerState: More than one power state change request encountered within the same simulation tick
warn: PowerState: More than one power state change request encountered within the same simulation tick
warn: PowerState: More than one power state change request encountered within the same simulation tick
warn: PowerState: More than one power state change request encountered within the same simulation tick
warn: PowerState: More than one power state change request encountered within the same simulation tick
warn: PowerState: More than one power state change request encountered within the same simulation tick
warn: PowerState: More than one power state change request encountered within the same simulation tick
warn: PowerState: More than one power state change request encountered within the same simulation tick
warn: PowerState: More than one power state change request encountered within the same simulation tick
warn: PowerState: More than one power state change request encountered within the same simulation tick
warn: PowerState: More than one power state change request encountered within the same simulation tick
warn: PowerState: More than one power state change request encountered within the same simulation tick
warn: PowerState: More than one power state change request encountered within the same simulation tick
warn: PowerState: More than one power state change request encountered within the same simulation tick
warn: PowerState: More than one power state change request encountered within the same simulation tick
warn: PowerState: More than one power state change request encountered within the same simulation tick
warn: PowerState: More than one power state change request encountered within the same simulation tick
warn: PowerState: More than one power state change request encountered within the same simulation tick
warn: PowerState: More than one power state change request encountered within the same simulation tick
warn: PowerState: More than one power state change request encountered within the same simulation tick
warn: PowerState: More than one power state change request encountered within the same simulation tick
warn: PowerState: More than one power state change request encountered within the same simulation tick
warn: PowerState: More than one power state change request encountered within the same simulation tick
warn: PowerState: More than one power state change request encountered within the same simulation tick
warn: PowerState: More than one power state change request encountered within the same simulation tick
warn: PowerState: More than one power state change request encountered within the same simulation tick
warn: PowerState: More than one power state change request encountered within the same simulation tick
warn: PowerState: More than one power state change request encountered within the same simulation tick
warn: PowerState: More than one power state change request encountered within the same simulation tick
warn: PowerState: More than one power state change request encountered within the same simulation tick
warn: PowerState: More than one power state change request encountered within the same simulation tick
warn: PowerState: More than one power state change request encountered within the same simulation tick
warn: PowerState: More than one power state change request encountered within the same simulation tick
warn: PowerState: More than one power state change request encountered within the same simulation tick
warn: PowerState: More than one power state change request encountered within the same simulation tick
warn: PowerState: More than one power state change request encountered within the same simulation tick
warn: PowerState: More than one power state change request encountered within the same simulation tick
warn: PowerState: More than one power state change request encountered within the same simulation tick
warn: PowerState: More than one power state change request encountered within the same simulation tick
warn: PowerState: More than one power state change request encountered within the same simulation tick
warn: PowerState: More than one power state change request encountered within the same simulation tick
warn: PowerState: More than one power state change request encountered within the same simulation tick
warn: PowerState: More than one power state change request encountered within the same simulation tick
warn: PowerState: More than one power state change request encountered within the same simulation tick
warn: PowerState: More than one power state change request encountered within the same simulation tick
warn: PowerState: More than one power state change request encountered within the same simulation tick
warn: PowerState: More than one power state change request encountered within the same simulation tick
warn: PowerState: More than one power state change request encountered within the same simulation tick
warn: PowerState: More than one power state change request encountered within the same simulation tick
warn: PowerState: More than one power state change request encountered within the same simulation tick
warn: PowerState: More than one power state change request encountered within the same simulation tick
warn: PowerState: More than one power state change request encountered within the same simulation tick
warn: PowerState: More than one power state change request encountered within the same simulation tick
warn: PowerState: More than one power state change request encountered within the same simulation tick
warn: PowerState: More than one power state change request encountered within the same simulation tick
warn: PowerState: More than one power state change request encountered within the same simulation tick
warn: PowerState: More than one power state change request encountered within the same simulation tick
warn: PowerState: More than one power state change request encountered within the same simulation tick
warn: PowerState: More than one power state change request encountered within the same simulation tick
warn: PowerState: More than one power state change request encountered within the same simulation tick
warn: PowerState: More than one power state change request encountered within the same simulation tick
warn: PowerState: More than one power state change request encountered within the same simulation tick
warn: PowerState: More than one power state change request encountered within the same simulation tick
warn: PowerState: More than one power state change request encountered within the same simulation tick
warn: PowerState: More than one power state change request encountered within the same simulation tick
warn: PowerState: More than one power state change request encountered within the same simulation tick
warn: PowerState: More than one power state change request encountered within the same simulation tick
warn: PowerState: More than one power state change request encountered within the same simulation tick
warn: PowerState: More than one power state change request encountered within the same simulation tick
warn: PowerState: More than one power state change request encountered within the same simulation tick
warn: PowerState: More than one power state change request encountered within the same simulation tick
warn: PowerState: More than one power state change request encountered within the same simulation tick
warn: PowerState: More than one power state change request encountered within the same simulation tick
warn: PowerState: More than one power state change request encountered within the same simulation tick
warn: PowerState: More than one power state change request encountered within the same simulation tick
warn: PowerState: More than one power state change request encountered within the same simulation tick
warn: PowerState: More than one power state change request encountered within the same simulation tick
warn: PowerState: More than one power state change request encountered within the same simulation tick
warn: PowerState: More than one power state change request encountered within the same simulation tick
warn: PowerState: More than one power state change request encountered within the same simulation tick
warn: PowerState: More than one power state change request encountered within the same simulation tick
warn: PowerState: More than one power state change request encountered within the same simulation tick
warn: PowerState: More than one power state change request encountered within the same simulation tick
warn: PowerState: More than one power state change request encountered within the same simulation tick
warn: PowerState: More than one power state change request encountered within the same simulation tick
warn: PowerState: More than one power state change request encountered within the same simulation tick
warn: PowerState: More than one power state change request encountered within the same simulation tick
warn: PowerState: More than one power state change request encountered within the same simulation tick
warn: PowerState: More than one power state change request encountered within the same simulation tick
warn: PowerState: More than one power state change request encountered within the same simulation tick
warn: PowerState: More than one power state change request encountered within the same simulation tick
warn: PowerState: More than one power state change request encountered within the same simulation tick
warn: PowerState: More than one power state change request encountered within the same simulation tick
warn: PowerState: More than one power state change request encountered within the same simulation tick
warn: PowerState: More than one power state change request encountered within the same simulation tick
warn: PowerState: More than one power state change request encountered within the same simulation tick
warn: PowerState: More than one power state change request encountered within the same simulation tick
warn: PowerState: More than one power state change request encountered within the same simulation tick
warn: PowerState: More than one power state change request encountered within the same simulation tick
warn: PowerState: More than one power state change request encountered within the same simulation tick
warn: PowerState: More than one power state change request encountered within the same simulation tick
warn: PowerState: More than one power state change request encountered within the same simulation tick
warn: PowerState: More than one power state change request encountered within the same simulation tick
warn: PowerState: More than one power state change request encountered within the same simulation tick
warn: PowerState: More than one power state change request encountered within the same simulation tick
warn: PowerState: More than one power state change request encountered within the same simulation tick
warn: PowerState: More than one power state change request encountered within the same simulation tick
warn: PowerState: More than one power state change request encountered within the same simulation tick
warn: PowerState: More than one power state change request encountered within the same simulation tick
warn: PowerState: More than one power state change request encountered within the same simulation tick
warn: PowerState: More than one power state change request encountered within the same simulation tick
warn: PowerState: More than one power state change request encountered within the same simulation tick
warn: PowerState: More than one power state change request encountered within the same simulation tick
warn: PowerState: More than one power state change request encountered within the same simulation tick
warn: PowerState: More than one power state change request encountered within the same simulation tick
warn: PowerState: More than one power state change request encountered within the same simulation tick
warn: PowerState: More than one power state change request encountered within the same simulation tick
warn: PowerState: More than one power state change request encountered within the same simulation tick
warn: PowerState: More than one power state change request encountered within the same simulation tick
warn: PowerState: More than one power state change request encountered within the same simulation tick
warn: PowerState: More than one power state change request encountered within the same simulation tick
warn: PowerState: More than one power state change request encountered within the same simulation tick
warn: PowerState: More than one power state change request encountered within the same simulation tick
warn: PowerState: More than one power state change request encountered within the same simulation tick
warn: PowerState: More than one power state change request encountered within the same simulation tick
warn: PowerState: More than one power state change request encountered within the same simulation tick
warn: PowerState: More than one power state change request encountered within the same simulation tick
warn: PowerState: More than one power state change request encountered within the same simulation tick
warn: PowerState: More than one power state change request encountered within the same simulation tick
warn: PowerState: More than one power state change request encountered within the same simulation tick
warn: PowerState: More than one power state change request encountered within the same simulation tick
warn: PowerState: More than one power state change request encountered within the same simulation tick
warn: PowerState: More than one power state change request encountered within the same simulation tick
warn: PowerState: More than one power state change request encountered within the same simulation tick
warn: PowerState: More than one power state change request encountered within the same simulation tick
warn: PowerState: More than one power state change request encountered within the same simulation tick
warn: PowerState: More than one power state change request encountered within the same simulation tick
warn: PowerState: More than one power state change request encountered within the same simulation tick
warn: PowerState: More than one power state change request encountered within the same simulation tick
warn: PowerState: More than one power state change request encountered within the same simulation tick
warn: PowerState: More than one power state change request encountered within the same simulation tick
warn: PowerState: More than one power state change request encountered within the same simulation tick
warn: PowerState: More than one power state change request encountered within the same simulation tick
warn: PowerState: More than one power state change request encountered within the same simulation tick
warn: PowerState: More than one power state change request encountered within the same simulation tick
warn: PowerState: More than one power state change request encountered within the same simulation tick
warn: PowerState: More than one power state change request encountered within the same simulation tick
warn: PowerState: More than one power state change request encountered within the same simulation tick
warn: PowerState: More than one power state change request encountered within the same simulation tick
warn: PowerState: More than one power state change request encountered within the same simulation tick
warn: PowerState: More than one power state change request encountered within the same simulation tick
warn: PowerState: More than one power state change request encountered within the same simulation tick
warn: PowerState: More than one power state change request encountered within the same simulation tick
warn: PowerState: More than one power state change request encountered within the same simulation tick
warn: PowerState: More than one power state change request encountered within the same simulation tick
warn: PowerState: More than one power state change request encountered within the same simulation tick
warn: PowerState: More than one power state change request encountered within the same simulation tick
warn: PowerState: More than one power state change request encountered within the same simulation tick
warn: PowerState: More than one power state change request encountered within the same simulation tick
warn: PowerState: More than one power state change request encountered within the same simulation tick
warn: PowerState: More than one power state change request encountered within the same simulation tick
warn: PowerState: More than one power state change request encountered within the same simulation tick
warn: PowerState: More than one power state change request encountered within the same simulation tick
warn: PowerState: More than one power state change request encountered within the same simulation tick
warn: PowerState: More than one power state change request encountered within the same simulation tick
warn: PowerState: More than one power state change request encountered within the same simulation tick
warn: PowerState: More than one power state change request encountered within the same simulation tick
warn: PowerState: More than one power state change request encountered within the same simulation tick
warn: PowerState: More than one power state change request encountered within the same simulation tick
warn: PowerState: More than one power state change request encountered within the same simulation tick
warn: PowerState: More than one power state change request encountered within the same simulation tick
warn: PowerState: More than one power state change request encountered within the same simulation tick
warn: PowerState: More than one power state change request encountered within the same simulation tick
warn: PowerState: More than one power state change request encountered within the same simulation tick
warn: PowerState: More than one power state change request encountered within the same simulation tick
warn: PowerState: More than one power state change request encountered within the same simulation tick
warn: PowerState: More than one power state change request encountered within the same simulation tick
warn: PowerState: More than one power state change request encountered within the same simulation tick
warn: PowerState: More than one power state change request encountered within the same simulation tick
warn: PowerState: More than one power state change request encountered within the same simulation tick
warn: PowerState: More than one power state change request encountered within the same simulation tick
warn: PowerState: More than one power state change request encountered within the same simulation tick
warn: PowerState: More than one power state change request encountered within the same simulation tick
warn: PowerState: More than one power state change request encountered within the same simulation tick
warn: PowerState: More than one power state change request encountered within the same simulation tick
warn: PowerState: More than one power state change request encountered within the same simulation tick
warn: PowerState: More than one power state change request encountered within the same simulation tick
warn: PowerState: More than one power state change request encountered within the same simulation tick
warn: PowerState: More than one power state change request encountered within the same simulation tick
warn: PowerState: More than one power state change request encountered within the same simulation tick
warn: PowerState: More than one power state change request encountered within the same simulation tick
warn: PowerState: More than one power state change request encountered within the same simulation tick
warn: PowerState: More than one power state change request encountered within the same simulation tick
warn: PowerState: More than one power state change request encountered within the same simulation tick
warn: PowerState: More than one power state change request encountered within the same simulation tick
warn: PowerState: More than one power state change request encountered within the same simulation tick
warn: PowerState: More than one power state change request encountered within the same simulation tick
warn: PowerState: More than one power state change request encountered within the same simulation tick
warn: PowerState: More than one power state change request encountered within the same simulation tick
warn: PowerState: More than one power state change request encountered within the same simulation tick
warn: PowerState: More than one power state change request encountered within the same simulation tick
warn: PowerState: More than one power state change request encountered within the same simulation tick
warn: PowerState: More than one power state change request encountered within the same simulation tick
warn: PowerState: More than one power state change request encountered within the same simulation tick
warn: PowerState: More than one power state change request encountered within the same simulation tick
warn: PowerState: More than one power state change request encountered within the same simulation tick
warn: PowerState: More than one power state change request encountered within the same simulation tick
warn: PowerState: More than one power state change request encountered within the same simulation tick
warn: PowerState: More than one power state change request encountered within the same simulation tick
warn: PowerState: More than one power state change request encountered within the same simulation tick
warn: PowerState: More than one power state change request encountered within the same simulation tick
warn: PowerState: More than one power state change request encountered within the same simulation tick
warn: PowerState: More than one power state change request encountered within the same simulation tick
warn: PowerState: More than one power state change request encountered within the same simulation tick
warn: PowerState: More than one power state change request encountered within the same simulation tick
warn: PowerState: More than one power state change request encountered within the same simulation tick
warn: PowerState: More than one power state change request encountered within the same simulation tick
warn: PowerState: More than one power state change request encountered within the same simulation tick
warn: PowerState: More than one power state change request encountered within the same simulation tick
warn: PowerState: More than one power state change request encountered within the same simulation tick
warn: PowerState: More than one power state change request encountered within the same simulation tick
warn: PowerState: More than one power state change request encountered within the same simulation tick
warn: PowerState: More than one power state change request encountered within the same simulation tick
warn: PowerState: More than one power state change request encountered within the same simulation tick
warn: PowerState: More than one power state change request encountered within the same simulation tick
warn: PowerState: More than one power state change request encountered within the same simulation tick
warn: PowerState: More than one power state change request encountered within the same simulation tick
warn: PowerState: More than one power state change request encountered within the same simulation tick
warn: PowerState: More than one power state change request encountered within the same simulation tick
warn: PowerState: More than one power state change request encountered within the same simulation tick
warn: PowerState: More than one power state change request encountered within the same simulation tick
warn: PowerState: More than one power state change request encountered within the same simulation tick
warn: PowerState: More than one power state change request encountered within the same simulation tick
warn: PowerState: More than one power state change request encountered within the same simulation tick
warn: PowerState: More than one power state change request encountered within the same simulation tick
warn: PowerState: More than one power state change request encountered within the same simulation tick
warn: PowerState: More than one power state change request encountered within the same simulation tick
warn: PowerState: More than one power state change request encountered within the same simulation tick
warn: PowerState: More than one power state change request encountered within the same simulation tick
warn: PowerState: More than one power state change request encountered within the same simulation tick
warn: PowerState: More than one power state change request encountered within the same simulation tick
warn: PowerState: More than one power state change request encountered within the same simulation tick
warn: PowerState: More than one power state change request encountered within the same simulation tick
warn: PowerState: More than one power state change request encountered within the same simulation tick
warn: PowerState: More than one power state change request encountered within the same simulation tick
warn: PowerState: More than one power state change request encountered within the same simulation tick
warn: PowerState: More than one power state change request encountered within the same simulation tick
warn: PowerState: More than one power state change request encountered within the same simulation tick
warn: PowerState: More than one power state change request encountered within the same simulation tick
warn: PowerState: More than one power state change request encountered within the same simulation tick
! src/apps/bench/ripc/src/../../rustbenchs/src/bremote_ipc.rs:335  PERF "remote pingpong with (1 * 4096) msgs": 2551 cycles (+/- 2 cycles with 1000 runs)

Testing "pingpong_remote1024" in src/apps/bench/ripc/src/../../rustbenchs/src/bremote_ipc.rs:
childactivity.rs: /bin/ripc
warn: PowerState: More than one power state change request encountered within the same simulation tick
warn: PowerState: More than one power state change request encountered within the same simulation tick
warn: PowerState: More than one power state change request encountered within the same simulation tick
warn: PowerState: More than one power state change request encountered within the same simulation tick
warn: PowerState: More than one power state change request encountered within the same simulation tick
warn: PowerState: More than one power state change request encountered within the same simulation tick
warn: PowerState: More than one power state change request encountered within the same simulation tick
warn: PowerState: More than one power state change request encountered within the same simulation tick
warn: PowerState: More than one power state change request encountered within the same simulation tick
warn: PowerState: More than one power state change request encountered within the same simulation tick
warn: PowerState: More than one power state change request encountered within the same simulation tick
warn: PowerState: More than one power state change request encountered within the same simulation tick
warn: PowerState: More than one power state change request encountered within the same simulation tick
warn: PowerState: More than one power state change request encountered within the same simulation tick
warn: PowerState: More than one power state change request encountered within the same simulation tick
warn: PowerState: More than one power state change request encountered within the same simulation tick
warn: PowerState: More than one power state change request encountered within the same simulation tick
warn: PowerState: More than one power state change request encountered within the same simulation tick
warn: PowerState: More than one power state change request encountered within the same simulation tick
warn: PowerState: More than one power state change request encountered within the same simulation tick
warn: PowerState: More than one power state change request encountered within the same simulation tick
warn: PowerState: More than one power state change request encountered within the same simulation tick
warn: PowerState: More than one power state change request encountered within the same simulation tick
warn: PowerState: More than one power state change request encountered within the same simulation tick
warn: PowerState: More than one power state change request encountered within the same simulation tick
warn: PowerState: More than one power state change request encountered within the same simulation tick
warn: PowerState: More than one power state change request encountered within the same simulation tick
warn: PowerState: More than one power state change request encountered within the same simulation tick
warn: PowerState: More than one power state change request encountered within the same simulation tick
warn: PowerState: More than one power state change request encountered within the same simulation tick
warn: PowerState: More than one power state change request encountered within the same simulation tick
warn: PowerState: More than one power state change request encountered within the same simulation tick
warn: PowerState: More than one power state change request encountered within the same simulation tick
warn: PowerState: More than one power state change request encountered within the same simulation tick
warn: PowerState: More than one power state change request encountered within the same simulation tick
warn: PowerState: More than one power state change request encountered within the same simulation tick
warn: PowerState: More than one power state change request encountered within the same simulation tick
warn: PowerState: More than one power state change request encountered within the same simulation tick
warn: PowerState: More than one power state change request encountered within the same simulation tick
warn: PowerState: More than one power state change request encountered within the same simulation tick
warn: PowerState: More than one power state change request encountered within the same simulation tick
warn: PowerState: More than one power state change request encountered within the same simulation tick
warn: PowerState: More than one power state change request encountered within the same simulation tick
warn: PowerState: More than one power state change request encountered within the same simulation tick
warn: PowerState: More than one power state change request encountered within the same simulation tick
warn: PowerState: More than one power state change request encountered within the same simulation tick
warn: PowerState: More than one power state change request encountered within the same simulation tick
warn: PowerState: More than one power state change request encountered within the same simulation tick
warn: PowerState: More than one power state change request encountered within the same simulation tick
warn: PowerState: More than one power state change request encountered within the same simulation tick
warn: PowerState: More than one power state change request encountered within the same simulation tick
warn: PowerState: More than one power state change request encountered within the same simulation tick
warn: PowerState: More than one power state change request encountered within the same simulation tick
warn: PowerState: More than one power state change request encountered within the same simulation tick
warn: PowerState: More than one power state change request encountered within the same simulation tick
warn: PowerState: More than one power state change request encountered within the same simulation tick
warn: PowerState: More than one power state change request encountered within the same simulation tick
warn: PowerState: More than one power state change request encountered within the same simulation tick
warn: PowerState: More than one power state change request encountered within the same simulation tick
warn: PowerState: More than one power state change request encountered within the same simulation tick
warn: PowerState: More than one power state change request encountered within the same simulation tick
warn: PowerState: More than one power state change request encountered within the same simulation tick
warn: PowerState: More than one power state change request encountered within the same simulation tick
warn: PowerState: More than one power state change request encountered within the same simulation tick
warn: PowerState: More than one power state change request encountered within the same simulation tick
warn: PowerState: More than one power state change request encountered within the same simulation tick
warn: PowerState: More than one power state change request encountered within the same simulation tick
warn: PowerState: More than one power state change request encountered within the same simulation tick
warn: PowerState: More than one power state change request encountered within the same simulation tick
warn: PowerState: More than one power state change request encountered within the same simulation tick
warn: PowerState: More than one power state change request encountered within the same simulation tick
warn: PowerState: More than one power state change request encountered within the same simulation tick
warn: PowerState: More than one power state change request encountered within the same simulation tick
warn: PowerState: More than one power state change request encountered within the same simulation tick
warn: PowerState: More than one power state change request encountered within the same simulation tick
warn: PowerState: More than one power state change request encountered within the same simulation tick
warn: PowerState: More than one power state change request encountered within the same simulation tick
warn: PowerState: More than one power state change request encountered within the same simulation tick
warn: PowerState: More than one power state change request encountered within the same simulation tick
warn: PowerState: More than one power state change request encountered within the same simulation tick
warn: PowerState: More than one power state change request encountered within the same simulation tick
warn: PowerState: More than one power state change request encountered within the same simulation tick
warn: PowerState: More than one power state change request encountered within the same simulation tick
warn: PowerState: More than one power state change request encountered within the same simulation tick
warn: PowerState: More than one power state change request encountered within the same simulation tick
warn: PowerState: More than one power state change request encountered within the same simulation tick
warn: PowerState: More than one power state change request encountered within the same simulation tick
warn: PowerState: More than one power state change request encountered within the same simulation tick
warn: PowerState: More than one power state change request encountered within the same simulation tick
warn: PowerState: More than one power state change request encountered within the same simulation tick
warn: PowerState: More than one power state change request encountered within the same simulation tick
warn: PowerState: More than one power state change request encountered within the same simulation tick
warn: PowerState: More than one power state change request encountered within the same simulation tick
warn: PowerState: More than one power state change request encountered within the same simulation tick
warn: PowerState: More than one power state change request encountered within the same simulation tick
warn: PowerState: More than one power state change request encountered within the same simulation tick
warn: PowerState: More than one power state change request encountered within the same simulation tick
warn: PowerState: More than one power state change request encountered within the same simulation tick
warn: PowerState: More than one power state change request encountered within the same simulation tick
warn: PowerState: More than one power state change request encountered within the same simulation tick
warn: PowerState: More than one power state change request encountered within the same simulation tick
warn: PowerState: More than one power state change request encountered within the same simulation tick
warn: PowerState: More than one power state change request encountered within the same simulation tick
warn: PowerState: More than one power state change request encountered within the same simulation tick
warn: PowerState: More than one power state change request encountered within the same simulation tick
warn: PowerState: More than one power state change request encountered within the same simulation tick
warn: PowerState: More than one power state change request encountered within the same simulation tick
warn: PowerState: More than one power state change request encountered within the same simulation tick
warn: PowerState: More than one power state change request encountered within the same simulation tick
warn: PowerState: More than one power state change request encountered within the same simulation tick
warn: PowerState: More than one power state change request encountered within the same simulation tick
warn: PowerState: More than one power state change request encountered within the same simulation tick
warn: PowerState: More than one power state change request encountered within the same simulation tick
warn: PowerState: More than one power state change request encountered within the same simulation tick
warn: PowerState: More than one power state change request encountered within the same simulation tick
warn: PowerState: More than one power state change request encountered within the same simulation tick
warn: PowerState: More than one power state change request encountered within the same simulation tick
warn: PowerState: More than one power state change request encountered within the same simulation tick
warn: PowerState: More than one power state change request encountered within the same simulation tick
warn: PowerState: More than one power state change request encountered within the same simulation tick
warn: PowerState: More than one power state change request encountered within the same simulation tick
warn: PowerState: More than one power state change request encountered within the same simulation tick
warn: PowerState: More than one power state change request encountered within the same simulation tick
warn: PowerState: More than one power state change request encountered within the same simulation tick
warn: PowerState: More than one power state change request encountered within the same simulation tick
warn: PowerState: More than one power state change request encountered within the same simulation tick
warn: PowerState: More than one power state change request encountered within the same simulation tick
warn: PowerState: More than one power state change request encountered within the same simulation tick
warn: PowerState: More than one power state change request encountered within the same simulation tick
warn: PowerState: More than one power state change request encountered within the same simulation tick
warn: PowerState: More than one power state change request encountered within the same simulation tick
warn: PowerState: More than one power state change request encountered within the same simulation tick
warn: PowerState: More than one power state change request encountered within the same simulation tick
warn: PowerState: More than one power state change request encountered within the same simulation tick
warn: PowerState: More than one power state change request encountered within the same simulation tick
warn: PowerState: More than one power state change request encountered within the same simulation tick
warn: PowerState: More than one power state change request encountered within the same simulation tick
warn: PowerState: More than one power state change request encountered within the same simulation tick
warn: PowerState: More than one power state change request encountered within the same simulation tick
warn: PowerState: More than one power state change request encountered within the same simulation tick
warn: PowerState: More than one power state change request encountered within the same simulation tick
warn: PowerState: More than one power state change request encountered within the same simulation tick
warn: PowerState: More than one power state change request encountered within the same simulation tick
warn: PowerState: More than one power state change request encountered within the same simulation tick
warn: PowerState: More than one power state change request encountered within the same simulation tick
warn: PowerState: More than one power state change request encountered within the same simulation tick
warn: PowerState: More than one power state change request encountered within the same simulation tick
warn: PowerState: More than one power state change request encountered within the same simulation tick
warn: PowerState: More than one power state change request encountered within the same simulation tick
warn: PowerState: More than one power state change request encountered within the same simulation tick
warn: PowerState: More than one power state change request encountered within the same simulation tick
warn: PowerState: More than one power state change request encountered within the same simulation tick
warn: PowerState: More than one power state change request encountered within the same simulation tick
warn: PowerState: More than one power state change request encountered within the same simulation tick
warn: PowerState: More than one power state change request encountered within the same simulation tick
warn: PowerState: More than one power state change request encountered within the same simulation tick
warn: PowerState: More than one power state change request encountered within the same simulation tick
warn: PowerState: More than one power state change request encountered within the same simulation tick
warn: PowerState: More than one power state change request encountered within the same simulation tick
warn: PowerState: More than one power state change request encountered within the same simulation tick
warn: PowerState: More than one power state change request encountered within the same simulation tick
warn: PowerState: More than one power state change request encountered within the same simulation tick
warn: PowerState: More than one power state change request encountered within the same simulation tick
warn: PowerState: More than one power state change request encountered within the same simulation tick
warn: PowerState: More than one power state change request encountered within the same simulation tick
warn: PowerState: More than one power state change request encountered within the same simulation tick
warn: PowerState: More than one power state change request encountered within the same simulation tick
warn: PowerState: More than one power state change request encountered within the same simulation tick
warn: PowerState: More than one power state change request encountered within the same simulation tick
warn: PowerState: More than one power state change request encountered within the same simulation tick
warn: PowerState: More than one power state change request encountered within the same simulation tick
warn: PowerState: More than one power state change request encountered within the same simulation tick
warn: PowerState: More than one power state change request encountered within the same simulation tick
warn: PowerState: More than one power state change request encountered within the same simulation tick
warn: PowerState: More than one power state change request encountered within the same simulation tick
warn: PowerState: More than one power state change request encountered within the same simulation tick
warn: PowerState: More than one power state change request encountered within the same simulation tick
warn: PowerState: More than one power state change request encountered within the same simulation tick
warn: PowerState: More than one power state change request encountered within the same simulation tick
warn: PowerState: More than one power state change request encountered within the same simulation tick
warn: PowerState: More than one power state change request encountered within the same simulation tick
warn: PowerState: More than one power state change request encountered within the same simulation tick
warn: PowerState: More than one power state change request encountered within the same simulation tick
warn: PowerState: More than one power state change request encountered within the same simulation tick
warn: PowerState: More than one power state change request encountered within the same simulation tick
warn: PowerState: More than one power state change request encountered within the same simulation tick
warn: PowerState: More than one power state change request encountered within the same simulation tick
warn: PowerState: More than one power state change request encountered within the same simulation tick
warn: PowerState: More than one power state change request encountered within the same simulation tick
warn: PowerState: More than one power state change request encountered within the same simulation tick
warn: PowerState: More than one power state change request encountered within the same simulation tick
warn: PowerState: More than one power state change request encountered within the same simulation tick
warn: PowerState: More than one power state change request encountered within the same simulation tick
warn: PowerState: More than one power state change request encountered within the same simulation tick
warn: PowerState: More than one power state change request encountered within the same simulation tick
warn: PowerState: More than one power state change request encountered within the same simulation tick
warn: PowerState: More than one power state change request encountered within the same simulation tick
warn: PowerState: More than one power state change request encountered within the same simulation tick
warn: PowerState: More than one power state change request encountered within the same simulation tick
warn: PowerState: More than one power state change request encountered within the same simulation tick
warn: PowerState: More than one power state change request encountered within the same simulation tick
warn: PowerState: More than one power state change request encountered within the same simulation tick
warn: PowerState: More than one power state change request encountered within the same simulation tick
warn: PowerState: More than one power state change request encountered within the same simulation tick
warn: PowerState: More than one power state change request encountered within the same simulation tick
warn: PowerState: More than one power state change request encountered within the same simulation tick
warn: PowerState: More than one power state change request encountered within the same simulation tick
warn: PowerState: More than one power state change request encountered within the same simulation tick
warn: PowerState: More than one power state change request encountered within the same simulation tick
warn: PowerState: More than one power state change request encountered within the same simulation tick
warn: PowerState: More than one power state change request encountered within the same simulation tick
warn: PowerState: More than one power state change request encountered within the same simulation tick
warn: PowerState: More than one power state change request encountered within the same simulation tick
warn: PowerState: More than one power state change request encountered within the same simulation tick
warn: PowerState: More than one power state change request encountered within the same simulation tick
warn: PowerState: More than one power state change request encountered within the same simulation tick
warn: PowerState: More than one power state change request encountered within the same simulation tick
warn: PowerState: More than one power state change request encountered within the same simulation tick
warn: PowerState: More than one power state change request encountered within the same simulation tick
warn: PowerState: More than one power state change request encountered within the same simulation tick
warn: PowerState: More than one power state change request encountered within the same simulation tick
warn: PowerState: More than one power state change request encountered within the same simulation tick
warn: PowerState: More than one power state change request encountered within the same simulation tick
warn: PowerState: More than one power state change request encountered within the same simulation tick
warn: PowerState: More than one power state change request encountered within the same simulation tick
warn: PowerState: More than one power state change request encountered within the same simulation tick
warn: PowerState: More than one power state change request encountered within the same simulation tick
warn: PowerState: More than one power state change request encountered within the same simulation tick
warn: PowerState: More than one power state change request encountered within the same simulation tick
warn: PowerState: More than one power state change request encountered within the same simulation tick
warn: PowerState: More than one power state change request encountered within the same simulation tick
warn: PowerState: More than one power state change request encountered within the same simulation tick
warn: PowerState: More than one power state change request encountered within the same simulation tick
warn: PowerState: More than one power state change request encountered within the same simulation tick
warn: PowerState: More than one power state change request encountered within the same simulation tick
warn: PowerState: More than one power state change request encountered within the same simulation tick
warn: PowerState: More than one power state change request encountered within the same simulation tick
warn: PowerState: More than one power state change request encountered within the same simulation tick
warn: PowerState: More than one power state change request encountered within the same simulation tick
warn: PowerState: More than one power state change request encountered within the same simulation tick
warn: PowerState: More than one power state change request encountered within the same simulation tick
warn: PowerState: More than one power state change request encountered within the same simulation tick
warn: PowerState: More than one power state change request encountered within the same simulation tick
warn: PowerState: More than one power state change request encountered within the same simulation tick
warn: PowerState: More than one power state change request encountered within the same simulation tick
warn: PowerState: More than one power state change request encountered within the same simulation tick
warn: PowerState: More than one power state change request encountered within the same simulation tick
warn: PowerState: More than one power state change request encountered within the same simulation tick
warn: PowerState: More than one power state change request encountered within the same simulation tick
warn: PowerState: More than one power state change request encountered within the same simulation tick
warn: PowerState: More than one power state change request encountered within the same simulation tick
warn: PowerState: More than one power state change request encountered within the same simulation tick
warn: PowerState: More than one power state change request encountered within the same simulation tick
warn: PowerState: More than one power state change request encountered within the same simulation tick
warn: PowerState: More than one power state change request encountered within the same simulation tick
warn: PowerState: More than one power state change request encountered within the same simulation tick
warn: PowerState: More than one power state change request encountered within the same simulation tick
warn: PowerState: More than one power state change request encountered within the same simulation tick
warn: PowerState: More than one power state change request encountered within the same simulation tick
warn: PowerState: More than one power state change request encountered within the same simulation tick
warn: PowerState: More than one power state change request encountered within the same simulation tick
warn: PowerState: More than one power state change request encountered within the same simulation tick
warn: PowerState: More than one power state change request encountered within the same simulation tick
warn: PowerState: More than one power state change request encountered within the same simulation tick
warn: PowerState: More than one power state change request encountered within the same simulation tick
warn: PowerState: More than one power state change request encountered within the same simulation tick
warn: PowerState: More than one power state change request encountered within the same simulation tick
warn: PowerState: More than one power state change request encountered within the same simulation tick
warn: PowerState: More than one power state change request encountered within the same simulation tick
warn: PowerState: More than one power state change request encountered within the same simulation tick
warn: PowerState: More than one power state change request encountered within the same simulation tick
warn: PowerState: More than one power state change request encountered within the same simulation tick
warn: PowerState: More than one power state change request encountered within the same simulation tick
warn: PowerState: More than one power state change request encountered within the same simulation tick
warn: PowerState: More than one power state change request encountered within the same simulation tick
warn: PowerState: More than one power state change request encountered within the same simulation tick
warn: PowerState: More than one power state change request encountered within the same simulation tick
warn: PowerState: More than one power state change request encountered within the same simulation tick
warn: PowerState: More than one power state change request encountered within the same simulation tick
warn: PowerState: More than one power state change request encountered within the same simulation tick
warn: PowerState: More than one power state change request encountered within the same simulation tick
warn: PowerState: More than one power state change request encountered within the same simulation tick
warn: PowerState: More than one power state change request encountered within the same simulation tick
warn: PowerState: More than one power state change request encountered within the same simulation tick
warn: PowerState: More than one power state change request encountered within the same simulation tick
warn: PowerState: More than one power state change request encountered within the same simulation tick
warn: PowerState: More than one power state change request encountered within the same simulation tick
warn: PowerState: More than one power state change request encountered within the same simulation tick
warn: PowerState: More than one power state change request encountered within the same simulation tick
warn: PowerState: More than one power state change request encountered within the same simulation tick
warn: PowerState: More than one power state change request encountered within the same simulation tick
warn: PowerState: More than one power state change request encountered within the same simulation tick
warn: PowerState: More than one power state change request encountered within the same simulation tick
warn: PowerState: More than one power state change request encountered within the same simulation tick
warn: PowerState: More than one power state change request encountered within the same simulation tick
warn: PowerState: More than one power state change request encountered within the same simulation tick
warn: PowerState: More than one power state change request encountered within the same simulation tick
warn: PowerState: More than one power state change request encountered within the same simulation tick
warn: PowerState: More than one power state change request encountered within the same simulation tick
warn: PowerState: More than one power state change request encountered within the same simulation tick
warn: PowerState: More than one power state change request encountered within the same simulation tick
warn: PowerState: More than one power state change request encountered within the same simulation tick
warn: PowerState: More than one power state change request encountered within the same simulation tick
warn: PowerState: More than one power state change request encountered within the same simulation tick
warn: PowerState: More than one power state change request encountered within the same simulation tick
warn: PowerState: More than one power state change request encountered within the same simulation tick
warn: PowerState: More than one power state change request encountered within the same simulation tick
warn: PowerState: More than one power state change request encountered within the same simulation tick
warn: PowerState: More than one power state change request encountered within the same simulation tick
warn: PowerState: More than one power state change request encountered within the same simulation tick
warn: PowerState: More than one power state change request encountered within the same simulation tick
warn: PowerState: More than one power state change request encountered within the same simulation tick
warn: PowerState: More than one power state change request encountered within the same simulation tick
warn: PowerState: More than one power state change request encountered within the same simulation tick
warn: PowerState: More than one power state change request encountered within the same simulation tick
warn: PowerState: More than one power state change request encountered within the same simulation tick
warn: PowerState: More than one power state change request encountered within the same simulation tick
warn: PowerState: More than one power state change request encountered within the same simulation tick
warn: PowerState: More than one power state change request encountered within the same simulation tick
warn: PowerState: More than one power state change request encountered within the same simulation tick
warn: PowerState: More than one power state change request encountered within the same simulation tick
warn: PowerState: More than one power state change request encountered within the same simulation tick
warn: PowerState: More than one power state change request encountered within the same simulation tick
warn: PowerState: More than one power state change request encountered within the same simulation tick
warn: PowerState: More than one power state change request encountered within the same simulation tick
warn: PowerState: More than one power state change request encountered within the same simulation tick
warn: PowerState: More than one power state change request encountered within the same simulation tick
warn: PowerState: More than one power state change request encountered within the same simulation tick
warn: PowerState: More than one power state change request encountered within the same simulation tick
warn: PowerState: More than one power state change request encountered within the same simulation tick
warn: PowerState: More than one power state change request encountered within the same simulation tick
warn: PowerState: More than one power state change request encountered within the same simulation tick
warn: PowerState: More than one power state change request encountered within the same simulation tick
warn: PowerState: More than one power state change request encountered within the same simulation tick
warn: PowerState: More than one power state change request encountered within the same simulation tick
warn: PowerState: More than one power state change request encountered within the same simulation tick
warn: PowerState: More than one power state change request encountered within the same simulation tick
warn: PowerState: More than one power state change request encountered within the same simulation tick
warn: PowerState: More than one power state change request encountered within the same simulation tick
warn: PowerState: More than one power state change request encountered within the same simulation tick
warn: PowerState: More than one power state change request encountered within the same simulation tick
warn: PowerState: More than one power state change request encountered within the same simulation tick
warn: PowerState: More than one power state change request encountered within the same simulation tick
warn: PowerState: More than one power state change request encountered within the same simulation tick
warn: PowerState: More than one power state change request encountered within the same simulation tick
warn: PowerState: More than one power state change request encountered within the same simulation tick
warn: PowerState: More than one power state change request encountered within the same simulation tick
warn: PowerState: More than one power state change request encountered within the same simulation tick
warn: PowerState: More than one power state change request encountered within the same simulation tick
warn: PowerState: More than one power state change request encountered within the same simulation tick
warn: PowerState: More than one power state change request encountered within the same simulation tick
warn: PowerState: More than one power state change request encountered within the same simulation tick
warn: PowerState: More than one power state change request encountered within the same simulation tick
warn: PowerState: More than one power state change request encountered within the same simulation tick
warn: PowerState: More than one power state change request encountered within the same simulation tick
warn: PowerState: More than one power state change request encountered within the same simulation tick
warn: PowerState: More than one power state change request encountered within the same simulation tick
warn: PowerState: More than one power state change request encountered within the same simulation tick
warn: PowerState: More than one power state change request encountered within the same simulation tick
warn: PowerState: More than one power state change request encountered within the same simulation tick
warn: PowerState: More than one power state change request encountered within the same simulation tick
warn: PowerState: More than one power state change request encountered within the same simulation tick
warn: PowerState: More than one power state change request encountered within the same simulation tick
warn: PowerState: More than one power state change request encountered within the same simulation tick
warn: PowerState: More than one power state change request encountered within the same simulation tick
warn: PowerState: More than one power state change request encountered within the same simulation tick
warn: PowerState: More than one power state change request encountered within the same simulation tick
warn: PowerState: More than one power state change request encountered within the same simulation tick
warn: PowerState: More than one power state change request encountered within the same simulation tick
warn: PowerState: More than one power state change request encountered within the same simulation tick
warn: PowerState: More than one power state change request encountered within the same simulation tick
warn: PowerState: More than one power state change request encountered within the same simulation tick
warn: PowerState: More than one power state change request encountered within the same simulation tick
warn: PowerState: More than one power state change request encountered within the same simulation tick
warn: PowerState: More than one power state change request encountered within the same simulation tick
warn: PowerState: More than one power state change request encountered within the same simulation tick
warn: PowerState: More than one power state change request encountered within the same simulation tick
warn: PowerState: More than one power state change request encountered within the same simulation tick
warn: PowerState: More than one power state change request encountered within the same simulation tick
warn: PowerState: More than one power state change request encountered within the same simulation tick
warn: PowerState: More than one power state change request encountered within the same simulation tick
warn: PowerState: More than one power state change request encountered within the same simulation tick
warn: PowerState: More than one power state change request encountered within the same simulation tick
warn: PowerState: More than one power state change request encountered within the same simulation tick
warn: PowerState: More than one power state change request encountered within the same simulation tick
warn: PowerState: More than one power state change request encountered within the same simulation tick
warn: PowerState: More than one power state change request encountered within the same simulation tick
warn: PowerState: More than one power state change request encountered within the same simulation tick
warn: PowerState: More than one power state change request encountered within the same simulation tick
warn: PowerState: More than one power state change request encountered within the same simulation tick
warn: PowerState: More than one power state change request encountered within the same simulation tick
warn: PowerState: More than one power state change request encountered within the same simulation tick
warn: PowerState: More than one power state change request encountered within the same simulation tick
warn: PowerState: More than one power state change request encountered within the same simulation tick
warn: PowerState: More than one power state change request encountered within the same simulation tick
warn: PowerState: More than one power state change request encountered within the same simulation tick
warn: PowerState: More than one power state change request encountered within the same simulation tick
warn: PowerState: More than one power state change request encountered within the same simulation tick
warn: PowerState: More than one power state change request encountered within the same simulation tick
warn: PowerState: More than one power state change request encountered within the same simulation tick
warn: PowerState: More than one power state change request encountered within the same simulation tick
warn: PowerState: More than one power state change request encountered within the same simulation tick
warn: PowerState: More than one power state change request encountered within the same simulation tick
warn: PowerState: More than one power state change request encountered within the same simulation tick
warn: PowerState: More than one power state change request encountered within the same simulation tick
warn: PowerState: More than one power state change request encountered within the same simulation tick
warn: PowerState: More than one power state change request encountered within the same simulation tick
warn: PowerState: More than one power state change request encountered within the same simulation tick
warn: PowerState: More than one power state change request encountered within the same simulation tick
warn: PowerState: More than one power state change request encountered within the same simulation tick
warn: PowerState: More than one power state change request encountered within the same simulation tick
warn: PowerState: More than one power state change request encountered within the same simulation tick
warn: PowerState: More than one power state change request encountered within the same simulation tick
warn: PowerState: More than one power state change request encountered within the same simulation tick
warn: PowerState: More than one power state change request encountered within the same simulation tick
warn: PowerState: More than one power state change request encountered within the same simulation tick
warn: PowerState: More than one power state change request encountered within the same simulation tick
warn: PowerState: More than one power state change request encountered within the same simulation tick
warn: PowerState: More than one power state change request encountered within the same simulation tick
warn: PowerState: More than one power state change request encountered within the same simulation tick
warn: PowerState: More than one power state change request encountered within the same simulation tick
warn: PowerState: More than one power state change request encountered within the same simulation tick
warn: PowerState: More than one power state change request encountered within the same simulation tick
warn: PowerState: More than one power state change request encountered within the same simulation tick
warn: PowerState: More than one power state change request encountered within the same simulation tick
warn: PowerState: More than one power state change request encountered within the same simulation tick
warn: PowerState: More than one power state change request encountered within the same simulation tick
warn: PowerState: More than one power state change request encountered within the same simulation tick
warn: PowerState: More than one power state change request encountered within the same simulation tick
warn: PowerState: More than one power state change request encountered within the same simulation tick
warn: PowerState: More than one power state change request encountered within the same simulation tick
warn: PowerState: More than one power state change request encountered within the same simulation tick
warn: PowerState: More than one power state change request encountered within the same simulation tick
warn: PowerState: More than one power state change request encountered within the same simulation tick
warn: PowerState: More than one power state change request encountered within the same simulation tick
warn: PowerState: More than one power state change request encountered within the same simulation tick
warn: PowerState: More than one power state change request encountered within the same simulation tick
warn: PowerState: More than one power state change request encountered within the same simulation tick
warn: PowerState: More than one power state change request encountered within the same simulation tick
warn: PowerState: More than one power state change request encountered within the same simulation tick
warn: PowerState: More than one power state change request encountered within the same simulation tick
warn: PowerState: More than one power state change request encountered within the same simulation tick
warn: PowerState: More than one power state change request encountered within the same simulation tick
warn: PowerState: More than one power state change request encountered within the same simulation tick
warn: PowerState: More than one power state change request encountered within the same simulation tick
warn: PowerState: More than one power state change request encountered within the same simulation tick
warn: PowerState: More than one power state change request encountered within the same simulation tick
warn: PowerState: More than one power state change request encountered within the same simulation tick
warn: PowerState: More than one power state change request encountered within the same simulation tick
warn: PowerState: More than one power state change request encountered within the same simulation tick
warn: PowerState: More than one power state change request encountered within the same simulation tick
warn: PowerState: More than one power state change request encountered within the same simulation tick
warn: PowerState: More than one power state change request encountered within the same simulation tick
warn: PowerState: More than one power state change request encountered within the same simulation tick
warn: PowerState: More than one power state change request encountered within the same simulation tick
warn: PowerState: More than one power state change request encountered within the same simulation tick
warn: PowerState: More than one power state change request encountered within the same simulation tick
warn: PowerState: More than one power state change request encountered within the same simulation tick
warn: PowerState: More than one power state change request encountered within the same simulation tick
warn: PowerState: More than one power state change request encountered within the same simulation tick
warn: PowerState: More than one power state change request encountered within the same simulation tick
warn: PowerState: More than one power state change request encountered within the same simulation tick
warn: PowerState: More than one power state change request encountered within the same simulation tick
warn: PowerState: More than one power state change request encountered within the same simulation tick
warn: PowerState: More than one power state change request encountered within the same simulation tick
warn: PowerState: More than one power state change request encountered within the same simulation tick
warn: PowerState: More than one power state change request encountered within the same simulation tick
warn: PowerState: More than one power state change request encountered within the same simulation tick
warn: PowerState: More than one power state change request encountered within the same simulation tick
warn: PowerState: More than one power state change request encountered within the same simulation tick
warn: PowerState: More than one power state change request encountered within the same simulation tick
warn: PowerState: More than one power state change request encountered within the same simulation tick
warn: PowerState: More than one power state change request encountered within the same simulation tick
warn: PowerState: More than one power state change request encountered within the same simulation tick
warn: PowerState: More than one power state change request encountered within the same simulation tick
warn: PowerState: More than one power state change request encountered within the same simulation tick
warn: PowerState: More than one power state change request encountered within the same simulation tick
warn: PowerState: More than one power state change request encountered within the same simulation tick
warn: PowerState: More than one power state change request encountered within the same simulation tick
warn: PowerState: More than one power state change request encountered within the same simulation tick
warn: PowerState: More than one power state change request encountered within the same simulation tick
warn: PowerState: More than one power state change request encountered within the same simulation tick
warn: PowerState: More than one power state change request encountered within the same simulation tick
warn: PowerState: More than one power state change request encountered within the same simulation tick
warn: PowerState: More than one power state change request encountered within the same simulation tick
warn: PowerState: More than one power state change request encountered within the same simulation tick
warn: PowerState: More than one power state change request encountered within the same simulation tick
warn: PowerState: More than one power state change request encountered within the same simulation tick
warn: PowerState: More than one power state change request encountered within the same simulation tick
warn: PowerState: More than one power state change request encountered within the same simulation tick
warn: PowerState: More than one power state change request encountered within the same simulation tick
warn: PowerState: More than one power state change request encountered within the same simulation tick
warn: PowerState: More than one power state change request encountered within the same simulation tick
warn: PowerState: More than one power state change request encountered within the same simulation tick
warn: PowerState: More than one power state change request encountered within the same simulation tick
warn: PowerState: More than one power state change request encountered within the same simulation tick
warn: PowerState: More than one power state change request encountered within the same simulation tick
warn: PowerState: More than one power state change request encountered within the same simulation tick
warn: PowerState: More than one power state change request encountered within the same simulation tick
warn: PowerState: More than one power state change request encountered within the same simulation tick
warn: PowerState: More than one power state change request encountered within the same simulation tick
warn: PowerState: More than one power state change request encountered within the same simulation tick
warn: PowerState: More than one power state change request encountered within the same simulation tick
warn: PowerState: More than one power state change request encountered within the same simulation tick
warn: PowerState: More than one power state change request encountered within the same simulation tick
warn: PowerState: More than one power state change request encountered within the same simulation tick
warn: PowerState: More than one power state change request encountered within the same simulation tick
warn: PowerState: More than one power state change request encountered within the same simulation tick
warn: PowerState: More than one power state change request encountered within the same simulation tick
warn: PowerState: More than one power state change request encountered within the same simulation tick
warn: PowerState: More than one power state change request encountered within the same simulation tick
warn: PowerState: More than one power state change request encountered within the same simulation tick
warn: PowerState: More than one power state change request encountered within the same simulation tick
warn: PowerState: More than one power state change request encountered within the same simulation tick
warn: PowerState: More than one power state change request encountered within the same simulation tick
warn: PowerState: More than one power state change request encountered within the same simulation tick
warn: PowerState: More than one power state change request encountered within the same simulation tick
warn: PowerState: More than one power state change request encountered within the same simulation tick
warn: PowerState: More than one power state change request encountered within the same simulation tick
warn: PowerState: More than one power state change request encountered within the same simulation tick
warn: PowerState: More than one power state change request encountered within the same simulation tick
warn: PowerState: More than one power state change request encountered within the same simulation tick
warn: PowerState: More than one power state change request encountered within the same simulation tick
warn: PowerState: More than one power state change request encountered within the same simulation tick
warn: PowerState: More than one power state change request encountered within the same simulation tick
warn: PowerState: More than one power state change request encountered within the same simulation tick
warn: PowerState: More than one power state change request encountered within the same simulation tick
warn: PowerState: More than one power state change request encountered within the same simulation tick
warn: PowerState: More than one power state change request encountered within the same simulation tick
warn: PowerState: More than one power state change request encountered within the same simulation tick
warn: PowerState: More than one power state change request encountered within the same simulation tick
warn: PowerState: More than one power state change request encountered within the same simulation tick
warn: PowerState: More than one power state change request encountered within the same simulation tick
warn: PowerState: More than one power state change request encountered within the same simulation tick
warn: PowerState: More than one power state change request encountered within the same simulation tick
warn: PowerState: More than one power state change request encountered within the same simulation tick
warn: PowerState: More than one power state change request encountered within the same simulation tick
warn: PowerState: More than one power state change request encountered within the same simulation tick
warn: PowerState: More than one power state change request encountered within the same simulation tick
warn: PowerState: More than one power state change request encountered within the same simulation tick
warn: PowerState: More than one power state change request encountered within the same simulation tick
warn: PowerState: More than one power state change request encountered within the same simulation tick
warn: PowerState: More than one power state change request encountered within the same simulation tick
warn: PowerState: More than one power state change request encountered within the same simulation tick
warn: PowerState: More than one power state change request encountered within the same simulation tick
warn: PowerState: More than one power state change request encountered within the same simulation tick
warn: PowerState: More than one power state change request encountered within the same simulation tick
warn: PowerState: More than one power state change request encountered within the same simulation tick
warn: PowerState: More than one power state change request encountered within the same simulation tick
warn: PowerState: More than one power state change request encountered within the same simulation tick
warn: PowerState: More than one power state change request encountered within the same simulation tick
warn: PowerState: More than one power state change request encountered within the same simulation tick
warn: PowerState: More than one power state change request encountered within the same simulation tick
warn: PowerState: More than one power state change request encountered within the same simulation tick
warn: PowerState: More than one power state change request encountered within the same simulation tick
warn: PowerState: More than one power state change request encountered within the same simulation tick
warn: PowerState: More than one power state change request encountered within the same simulation tick
warn: PowerState: More than one power state change request encountered within the same simulation tick
warn: PowerState: More than one power state change request encountered within the same simulation tick
warn: PowerState: More than one power state change request encountered within the same simulation tick
warn: PowerState: More than one power state change request encountered within the same simulation tick
warn: PowerState: More than one power state change request encountered within the same simulation tick
warn: PowerState: More than one power state change request encountered within the same simulation tick
warn: PowerState: More than one power state change request encountered within the same simulation tick
warn: PowerState: More than one power state change request encountered within the same simulation tick
warn: PowerState: More than one power state change request encountered within the same simulation tick
warn: PowerState: More than one power state change request encountered within the same simulation tick
warn: PowerState: More than one power state change request encountered within the same simulation tick
warn: PowerState: More than one power state change request encountered within the same simulation tick
warn: PowerState: More than one power state change request encountered within the same simulation tick
warn: PowerState: More than one power state change request encountered within the same simulation tick
warn: PowerState: More than one power state change request encountered within the same simulation tick
warn: PowerState: More than one power state change request encountered within the same simulation tick
warn: PowerState: More than one power state change request encountered within the same simulation tick
warn: PowerState: More than one power state change request encountered within the same simulation tick
warn: PowerState: More than one power state change request encountered within the same simulation tick
warn: PowerState: More than one power state change request encountered within the same simulation tick
warn: PowerState: More than one power state change request encountered within the same simulation tick
warn: PowerState: More than one power state change request encountered within the same simulation tick
warn: PowerState: More than one power state change request encountered within the same simulation tick
warn: PowerState: More than one power state change request encountered within the same simulation tick
warn: PowerState: More than one power state change request encountered within the same simulation tick
warn: PowerState: More than one power state change request encountered within the same simulation tick
warn: PowerState: More than one power state change request encountered within the same simulation tick
warn: PowerState: More than one power state change request encountered within the same simulation tick
warn: PowerState: More than one power state change request encountered within the same simulation tick
warn: PowerState: More than one power state change request encountered within the same simulation tick
warn: PowerState: More than one power state change request encountered within the same simulation tick
warn: PowerState: More than one power state change request encountered within the same simulation tick
warn: PowerState: More than one power state change request encountered within the same simulation tick
warn: PowerState: More than one power state change request encountered within the same simulation tick
warn: PowerState: More than one power state change request encountered within the same simulation tick
warn: PowerState: More than one power state change request encountered within the same simulation tick
warn: PowerState: More than one power state change request encountered within the same simulation tick
warn: PowerState: More than one power state change request encountered within the same simulation tick
warn: PowerState: More than one power state change request encountered within the same simulation tick
warn: PowerState: More than one power state change request encountered within the same simulation tick
warn: PowerState: More than one power state change request encountered within the same simulation tick
warn: PowerState: More than one power state change request encountered within the same simulation tick
warn: PowerState: More than one power state change request encountered within the same simulation tick
warn: PowerState: More than one power state change request encountered within the same simulation tick
warn: PowerState: More than one power state change request encountered within the same simulation tick
warn: PowerState: More than one power state change request encountered within the same simulation tick
warn: PowerState: More than one power state change request encountered within the same simulation tick
warn: PowerState: More than one power state change request encountered within the same simulation tick
warn: PowerState: More than one power state change request encountered within the same simulation tick
warn: PowerState: More than one power state change request encountered within the same simulation tick
warn: PowerState: More than one power state change request encountered within the same simulation tick
warn: PowerState: More than one power state change request encountered within the same simulation tick
warn: PowerState: More than one power state change request encountered within the same simulation tick
warn: PowerState: More than one power state change request encountered within the same simulation tick
warn: PowerState: More than one power state change request encountered within the same simulation tick
warn: PowerState: More than one power state change request encountered within the same simulation tick
warn: PowerState: More than one power state change request encountered within the same simulation tick
warn: PowerState: More than one power state change request encountered within the same simulation tick
warn: PowerState: More than one power state change request encountered within the same simulation tick
warn: PowerState: More than one power state change request encountered within the same simulation tick
warn: PowerState: More than one power state change request encountered within the same simulation tick
warn: PowerState: More than one power state change request encountered within the same simulation tick
warn: PowerState: More than one power state change request encountered within the same simulation tick
warn: PowerState: More than one power state change request encountered within the same simulation tick
warn: PowerState: More than one power state change request encountered within the same simulation tick
warn: PowerState: More than one power state change request encountered within the same simulation tick
warn: PowerState: More than one power state change request encountered within the same simulation tick
warn: PowerState: More than one power state change request encountered within the same simulation tick
warn: PowerState: More than one power state change request encountered within the same simulation tick
warn: PowerState: More than one power state change request encountered within the same simulation tick
warn: PowerState: More than one power state change request encountered within the same simulation tick
warn: PowerState: More than one power state change request encountered within the same simulation tick
warn: PowerState: More than one power state change request encountered within the same simulation tick
warn: PowerState: More than one power state change request encountered within the same simulation tick
warn: PowerState: More than one power state change request encountered within the same simulation tick
warn: PowerState: More than one power state change request encountered within the same simulation tick
warn: PowerState: More than one power state change request encountered within the same simulation tick
warn: PowerState: More than one power state change request encountered within the same simulation tick
warn: PowerState: More than one power state change request encountered within the same simulation tick
warn: PowerState: More than one power state change request encountered within the same simulation tick
warn: PowerState: More than one power state change request encountered within the same simulation tick
warn: PowerState: More than one power state change request encountered within the same simulation tick
warn: PowerState: More than one power state change request encountered within the same simulation tick
warn: PowerState: More than one power state change request encountered within the same simulation tick
warn: PowerState: More than one power state change request encountered within the same simulation tick
warn: PowerState: More than one power state change request encountered within the same simulation tick
warn: PowerState: More than one power state change request encountered within the same simulation tick
warn: PowerState: More than one power state change request encountered within the same simulation tick
warn: PowerState: More than one power state change request encountered within the same simulation tick
warn: PowerState: More than one power state change request encountered within the same simulation tick
warn: PowerState: More than one power state change request encountered within the same simulation tick
warn: PowerState: More than one power state change request encountered within the same simulation tick
warn: PowerState: More than one power state change request encountered within the same simulation tick
warn: PowerState: More than one power state change request encountered within the same simulation tick
warn: PowerState: More than one power state change request encountered within the same simulation tick
warn: PowerState: More than one power state change request encountered within the same simulation tick
warn: PowerState: More than one power state change request encountered within the same simulation tick
warn: PowerState: More than one power state change request encountered within the same simulation tick
warn: PowerState: More than one power state change request encountered within the same simulation tick
warn: PowerState: More than one power state change request encountered within the same simulation tick
warn: PowerState: More than one power state change request encountered within the same simulation tick
warn: PowerState: More than one power state change request encountered within the same simulation tick
warn: PowerState: More than one power state change request encountered within the same simulation tick
warn: PowerState: More than one power state change request encountered within the same simulation tick
warn: PowerState: More than one power state change request encountered within the same simulation tick
warn: PowerState: More than one power state change request encountered within the same simulation tick
warn: PowerState: More than one power state change request encountered within the same simulation tick
warn: PowerState: More than one power state change request encountered within the same simulation tick
warn: PowerState: More than one power state change request encountered within the same simulation tick
warn: PowerState: More than one power state change request encountered within the same simulation tick
warn: PowerState: More than one power state change request encountered within the same simulation tick
warn: PowerState: More than one power state change request encountered within the same simulation tick
warn: PowerState: More than one power state change request encountered within the same simulation tick
warn: PowerState: More than one power state change request encountered within the same simulation tick
warn: PowerState: More than one power state change request encountered within the same simulation tick
warn: PowerState: More than one power state change request encountered within the same simulation tick
warn: PowerState: More than one power state change request encountered within the same simulation tick
warn: PowerState: More than one power state change request encountered within the same simulation tick
warn: PowerState: More than one power state change request encountered within the same simulation tick
warn: PowerState: More than one power state change request encountered within the same simulation tick
warn: PowerState: More than one power state change request encountered within the same simulation tick
warn: PowerState: More than one power state change request encountered within the same simulation tick
warn: PowerState: More than one power state change request encountered within the same simulation tick
warn: PowerState: More than one power state change request encountered within the same simulation tick
warn: PowerState: More than one power state change request encountered within the same simulation tick
warn: PowerState: More than one power state change request encountered within the same simulation tick
warn: PowerState: More than one power state change request encountered within the same simulation tick
warn: PowerState: More than one power state change request encountered within the same simulation tick
warn: PowerState: More than one power state change request encountered within the same simulation tick
warn: PowerState: More than one power state change request encountered within the same simulation tick
warn: PowerState: More than one power state change request encountered within the same simulation tick
warn: PowerState: More than one power state change request encountered within the same simulation tick
warn: PowerState: More than one power state change request encountered within the same simulation tick
warn: PowerState: More than one power state change request encountered within the same simulation tick
warn: PowerState: More than one power state change request encountered within the same simulation tick
warn: PowerState: More than one power state change request encountered within the same simulation tick
warn: PowerState: More than one power state change request encountered within the same simulation tick
warn: PowerState: More than one power state change request encountered within the same simulation tick
warn: PowerState: More than one power state change request encountered within the same simulation tick
warn: PowerState: More than one power state change request encountered within the same simulation tick
warn: PowerState: More than one power state change request encountered within the same simulation tick
warn: PowerState: More than one power state change request encountered within the same simulation tick
warn: PowerState: More than one power state change request encountered within the same simulation tick
warn: PowerState: More than one power state change request encountered within the same simulation tick
warn: PowerState: More than one power state change request encountered within the same simulation tick
warn: PowerState: More than one power state change request encountered within the same simulation tick
warn: PowerState: More than one power state change request encountered within the same simulation tick
warn: PowerState: More than one power state change request encountered within the same simulation tick
warn: PowerState: More than one power state change request encountered within the same simulation tick
warn: PowerState: More than one power state change request encountered within the same simulation tick
warn: PowerState: More than one power state change request encountered within the same simulation tick
warn: PowerState: More than one power state change request encountered within the same simulation tick
warn: PowerState: More than one power state change request encountered within the same simulation tick
warn: PowerState: More than one power state change request encountered within the same simulation tick
warn: PowerState: More than one power state change request encountered within the same simulation tick
warn: PowerState: More than one power state change request encountered within the same simulation tick
warn: PowerState: More than one power state change request encountered within the same simulation tick
warn: PowerState: More than one power state change request encountered within the same simulation tick
warn: PowerState: More than one power state change request encountered within the same simulation tick
warn: PowerState: More than one power state change request encountered within the same simulation tick
warn: PowerState: More than one power state change request encountered within the same simulation tick
warn: PowerState: More than one power state change request encountered within the same simulation tick
warn: PowerState: More than one power state change request encountered within the same simulation tick
warn: PowerState: More than one power state change request encountered within the same simulation tick
warn: PowerState: More than one power state change request encountered within the same simulation tick
warn: PowerState: More than one power state change request encountered within the same simulation tick
warn: PowerState: More than one power state change request encountered within the same simulation tick
warn: PowerState: More than one power state change request encountered within the same simulation tick
warn: PowerState: More than one power state change request encountered within the same simulation tick
warn: PowerState: More than one power state change request encountered within the same simulation tick
warn: PowerState: More than one power state change request encountered within the same simulation tick
warn: PowerState: More than one power state change request encountered within the same simulation tick
warn: PowerState: More than one power state change request encountered within the same simulation tick
warn: PowerState: More than one power state change request encountered within the same simulation tick
warn: PowerState: More than one power state change request encountered within the same simulation tick
warn: PowerState: More than one power state change request encountered within the same simulation tick
warn: PowerState: More than one power state change request encountered within the same simulation tick
warn: PowerState: More than one power state change request encountered within the same simulation tick
warn: PowerState: More than one power state change request encountered within the same simulation tick
warn: PowerState: More than one power state change request encountered within the same simulation tick
warn: PowerState: More than one power state change request encountered within the same simulation tick
warn: PowerState: More than one power state change request encountered within the same simulation tick
warn: PowerState: More than one power state change request encountered within the same simulation tick
warn: PowerState: More than one power state change request encountered within the same simulation tick
warn: PowerState: More than one power state change request encountered within the same simulation tick
warn: PowerState: More than one power state change request encountered within the same simulation tick
warn: PowerState: More than one power state change request encountered within the same simulation tick
warn: PowerState: More than one power state change request encountered within the same simulation tick
warn: PowerState: More than one power state change request encountered within the same simulation tick
warn: PowerState: More than one power state change request encountered within the same simulation tick
warn: PowerState: More than one power state change request encountered within the same simulation tick
warn: PowerState: More than one power state change request encountered within the same simulation tick
warn: PowerState: More than one power state change request encountered within the same simulation tick
warn: PowerState: More than one power state change request encountered within the same simulation tick
warn: PowerState: More than one power state change request encountered within the same simulation tick
warn: PowerState: More than one power state change request encountered within the same simulation tick
warn: PowerState: More than one power state change request encountered within the same simulation tick
warn: PowerState: More than one power state change request encountered within the same simulation tick
warn: PowerState: More than one power state change request encountered within the same simulation tick
warn: PowerState: More than one power state change request encountered within the same simulation tick
warn: PowerState: More than one power state change request encountered within the same simulation tick
warn: PowerState: More than one power state change request encountered within the same simulation tick
warn: PowerState: More than one power state change request encountered within the same simulation tick
warn: PowerState: More than one power state change request encountered within the same simulation tick
warn: PowerState: More than one power state change request encountered within the same simulation tick
warn: PowerState: More than one power state change request encountered within the same simulation tick
warn: PowerState: More than one power state change request encountered within the same simulation tick
warn: PowerState: More than one power state change request encountered within the same simulation tick
warn: PowerState: More than one power state change request encountered within the same simulation tick
warn: PowerState: More than one power state change request encountered within the same simulation tick
warn: PowerState: More than one power state change request encountered within the same simulation tick
warn: PowerState: More than one power state change request encountered within the same simulation tick
warn: PowerState: More than one power state change request encountered within the same simulation tick
warn: PowerState: More than one power state change request encountered within the same simulation tick
warn: PowerState: More than one power state change request encountered within the same simulation tick
warn: PowerState: More than one power state change request encountered within the same simulation tick
warn: PowerState: More than one power state change request encountered within the same simulation tick
warn: PowerState: More than one power state change request encountered within the same simulation tick
warn: PowerState: More than one power state change request encountered within the same simulation tick
warn: PowerState: More than one power state change request encountered within the same simulation tick
warn: PowerState: More than one power state change request encountered within the same simulation tick
warn: PowerState: More than one power state change request encountered within the same simulation tick
warn: PowerState: More than one power state change request encountered within the same simulation tick
warn: PowerState: More than one power state change request encountered within the same simulation tick
warn: PowerState: More than one power state change request encountered within the same simulation tick
warn: PowerState: More than one power state change request encountered within the same simulation tick
warn: PowerState: More than one power state change request encountered within the same simulation tick
warn: PowerState: More than one power state change request encountered within the same simulation tick
warn: PowerState: More than one power state change request encountered within the same simulation tick
warn: PowerState: More than one power state change request encountered within the same simulation tick
warn: PowerState: More than one power state change request encountered within the same simulation tick
warn: PowerState: More than one power state change request encountered within the same simulation tick
warn: PowerState: More than one power state change request encountered within the same simulation tick
warn: PowerState: More than one power state change request encountered within the same simulation tick
warn: PowerState: More than one power state change request encountered within the same simulation tick
warn: PowerState: More than one power state change request encountered within the same simulation tick
warn: PowerState: More than one power state change request encountered within the same simulation tick
warn: PowerState: More than one power state change request encountered within the same simulation tick
warn: PowerState: More than one power state change request encountered within the same simulation tick
warn: PowerState: More than one power state change request encountered within the same simulation tick
warn: PowerState: More than one power state change request encountered within the same simulation tick
warn: PowerState: More than one power state change request encountered within the same simulation tick
warn: PowerState: More than one power state change request encountered within the same simulation tick
warn: PowerState: More than one power state change request encountered within the same simulation tick
warn: PowerState: More than one power state change request encountered within the same simulation tick
warn: PowerState: More than one power state change request encountered within the same simulation tick
warn: PowerState: More than one power state change request encountered within the same simulation tick
warn: PowerState: More than one power state change request encountered within the same simulation tick
warn: PowerState: More than one power state change request encountered within the same simulation tick
warn: PowerState: More than one power state change request encountered within the same simulation tick
warn: PowerState: More than one power state change request encountered within the same simulation tick
warn: PowerState: More than one power state change request encountered within the same simulation tick
warn: PowerState: More than one power state change request encountered within the same simulation tick
warn: PowerState: More than one power state change request encountered within the same simulation tick
warn: PowerState: More than one power state change request encountered within the same simulation tick
warn: PowerState: More than one power state change request encountered within the same simulation tick
warn: PowerState: More than one power state change request encountered within the same simulation tick
warn: PowerState: More than one power state change request encountered within the same simulation tick
warn: PowerState: More than one power state change request encountered within the same simulation tick
warn: PowerState: More than one power state change request encountered within the same simulation tick
warn: PowerState: More than one power state change request encountered within the same simulation tick
warn: PowerState: More than one power state change request encountered within the same simulation tick
warn: PowerState: More than one power state change request encountered within the same simulation tick
warn: PowerState: More than one power state change request encountered within the same simulation tick
warn: PowerState: More than one power state change request encountered within the same simulation tick
warn: PowerState: More than one power state change request encountered within the same simulation tick
warn: PowerState: More than one power state change request encountered within the same simulation tick
warn: PowerState: More than one power state change request encountered within the same simulation tick
warn: PowerState: More than one power state change request encountered within the same simulation tick
warn: PowerState: More than one power state change request encountered within the same simulation tick
warn: PowerState: More than one power state change request encountered within the same simulation tick
warn: PowerState: More than one power state change request encountered within the same simulation tick
warn: PowerState: More than one power state change request encountered within the same simulation tick
warn: PowerState: More than one power state change request encountered within the same simulation tick
warn: PowerState: More than one power state change request encountered within the same simulation tick
warn: PowerState: More than one power state change request encountered within the same simulation tick
warn: PowerState: More than one power state change request encountered within the same simulation tick
warn: PowerState: More than one power state change request encountered within the same simulation tick
warn: PowerState: More than one power state change request encountered within the same simulation tick
warn: PowerState: More than one power state change request encountered within the same simulation tick
warn: PowerState: More than one power state change request encountered within the same simulation tick
warn: PowerState: More than one power state change request encountered within the same simulation tick
warn: PowerState: More than one power state change request encountered within the same simulation tick
warn: PowerState: More than one power state change request encountered within the same simulation tick
warn: PowerState: More than one power state change request encountered within the same simulation tick
warn: PowerState: More than one power state change request encountered within the same simulation tick
warn: PowerState: More than one power state change request encountered within the same simulation tick
warn: PowerState: More than one power state change request encountered within the same simulation tick
warn: PowerState: More than one power state change request encountered within the same simulation tick
warn: PowerState: More than one power state change request encountered within the same simulation tick
warn: PowerState: More than one power state change request encountered within the same simulation tick
warn: PowerState: More than one power state change request encountered within the same simulation tick
warn: PowerState: More than one power state change request encountered within the same simulation tick
warn: PowerState: More than one power state change request encountered within the same simulation tick
warn: PowerState: More than one power state change request encountered within the same simulation tick
warn: PowerState: More than one power state change request encountered within the same simulation tick
warn: PowerState: More than one power state change request encountered within the same simulation tick
warn: PowerState: More than one power state change request encountered within the same simulation tick
warn: PowerState: More than one power state change request encountered within the same simulation tick
warn: PowerState: More than one power state change request encountered within the same simulation tick
warn: PowerState: More than one power state change request encountered within the same simulation tick
warn: PowerState: More than one power state change request encountered within the same simulation tick
warn: PowerState: More than one power state change request encountered within the same simulation tick
warn: PowerState: More than one power state change request encountered within the same simulation tick
warn: PowerState: More than one power state change request encountered within the same simulation tick
warn: PowerState: More than one power state change request encountered within the same simulation tick
warn: PowerState: More than one power state change request encountered within the same simulation tick
warn: PowerState: More than one power state change request encountered within the same simulation tick
warn: PowerState: More than one power state change request encountered within the same simulation tick
warn: PowerState: More than one power state change request encountered within the same simulation tick
warn: PowerState: More than one power state change request encountered within the same simulation tick
warn: PowerState: More than one power state change request encountered within the same simulation tick
warn: PowerState: More than one power state change request encountered within the same simulation tick
warn: PowerState: More than one power state change request encountered within the same simulation tick
warn: PowerState: More than one power state change request encountered within the same simulation tick
warn: PowerState: More than one power state change request encountered within the same simulation tick
warn: PowerState: More than one power state change request encountered within the same simulation tick
warn: PowerState: More than one power state change request encountered within the same simulation tick
warn: PowerState: More than one power state change request encountered within the same simulation tick
warn: PowerState: More than one power state change request encountered within the same simulation tick
warn: PowerState: More than one power state change request encountered within the same simulation tick
warn: PowerState: More than one power state change request encountered within the same simulation tick
warn: PowerState: More than one power state change request encountered within the same simulation tick
warn: PowerState: More than one power state change request encountered within the same simulation tick
warn: PowerState: More than one power state change request encountered within the same simulation tick
warn: PowerState: More than one power state change request encountered within the same simulation tick
warn: PowerState: More than one power state change request encountered within the same simulation tick
warn: PowerState: More than one power state change request encountered within the same simulation tick
warn: PowerState: More than one power state change request encountered within the same simulation tick
warn: PowerState: More than one power state change request encountered within the same simulation tick
warn: PowerState: More than one power state change request encountered within the same simulation tick
warn: PowerState: More than one power state change request encountered within the same simulation tick
warn: PowerState: More than one power state change request encountered within the same simulation tick
warn: PowerState: More than one power state change request encountered within the same simulation tick
warn: PowerState: More than one power state change request encountered within the same simulation tick
warn: PowerState: More than one power state change request encountered within the same simulation tick
warn: PowerState: More than one power state change request encountered within the same simulation tick
warn: PowerState: More than one power state change request encountered within the same simulation tick
warn: PowerState: More than one power state change request encountered within the same simulation tick
warn: PowerState: More than one power state change request encountered within the same simulation tick
warn: PowerState: More than one power state change request encountered within the same simulation tick
warn: PowerState: More than one power state change request encountered within the same simulation tick
warn: PowerState: More than one power state change request encountered within the same simulation tick
warn: PowerState: More than one power state change request encountered within the same simulation tick
warn: PowerState: More than one power state change request encountered within the same simulation tick
warn: PowerState: More than one power state change request encountered within the same simulation tick
warn: PowerState: More than one power state change request encountered within the same simulation tick
warn: PowerState: More than one power state change request encountered within the same simulation tick
warn: PowerState: More than one power state change request encountered within the same simulation tick
warn: PowerState: More than one power state change request encountered within the same simulation tick
warn: PowerState: More than one power state change request encountered within the same simulation tick
warn: PowerState: More than one power state change request encountered within the same simulation tick
warn: PowerState: More than one power state change request encountered within the same simulation tick
warn: PowerState: More than one power state change request encountered within the same simulation tick
warn: PowerState: More than one power state change request encountered within the same simulation tick
warn: PowerState: More than one power state change request encountered within the same simulation tick
warn: PowerState: More than one power state change request encountered within the same simulation tick
warn: PowerState: More than one power state change request encountered within the same simulation tick
warn: PowerState: More than one power state change request encountered within the same simulation tick
warn: PowerState: More than one power state change request encountered within the same simulation tick
warn: PowerState: More than one power state change request encountered within the same simulation tick
warn: PowerState: More than one power state change request encountered within the same simulation tick
warn: PowerState: More than one power state change request encountered within the same simulation tick
warn: PowerState: More than one power state change request encountered within the same simulation tick
warn: PowerState: More than one power state change request encountered within the same simulation tick
warn: PowerState: More than one power state change request encountered within the same simulation tick
warn: PowerState: More than one power state change request encountered within the same simulation tick
warn: PowerState: More than one power state change request encountered within the same simulation tick
warn: PowerState: More than one power state change request encountered within the same simulation tick
warn: PowerState: More than one power state change request encountered within the same simulation tick
warn: PowerState: More than one power state change request encountered within the same simulation tick
warn: PowerState: More than one power state change request encountered within the same simulation tick
warn: PowerState: More than one power state change request encountered within the same simulation tick
warn: PowerState: More than one power state change request encountered within the same simulation tick
warn: PowerState: More than one power state change request encountered within the same simulation tick
warn: PowerState: More than one power state change request encountered within the same simulation tick
warn: PowerState: More than one power state change request encountered within the same simulation tick
warn: PowerState: More than one power state change request encountered within the same simulation tick
warn: PowerState: More than one power state change request encountered within the same simulation tick
warn: PowerState: More than one power state change request encountered within the same simulation tick
warn: PowerState: More than one power state change request encountered within the same simulation tick
warn: PowerState: More than one power state change request encountered within the same simulation tick
warn: PowerState: More than one power state change request encountered within the same simulation tick
warn: PowerState: More than one power state change request encountered within the same simulation tick
warn: PowerState: More than one power state change request encountered within the same simulation tick
warn: PowerState: More than one power state change request encountered within the same simulation tick
warn: PowerState: More than one power state change request encountered within the same simulation tick
warn: PowerState: More than one power state change request encountered within the same simulation tick
warn: PowerState: More than one power state change request encountered within the same simulation tick
warn: PowerState: More than one power state change request encountered within the same simulation tick
warn: PowerState: More than one power state change request encountered within the same simulation tick
warn: PowerState: More than one power state change request encountered within the same simulation tick
warn: PowerState: More than one power state change request encountered within the same simulation tick
warn: PowerState: More than one power state change request encountered within the same simulation tick
warn: PowerState: More than one power state change request encountered within the same simulation tick
warn: PowerState: More than one power state change request encountered within the same simulation tick
warn: PowerState: More than one power state change request encountered within the same simulation tick
warn: PowerState: More than one power state change request encountered within the same simulation tick
warn: PowerState: More than one power state change request encountered within the same simulation tick
warn: PowerState: More than one power state change request encountered within the same simulation tick
warn: PowerState: More than one power state change request encountered within the same simulation tick
warn: PowerState: More than one power state change request encountered within the same simulation tick
warn: PowerState: More than one power state change request encountered within the same simulation tick
warn: PowerState: More than one power state change request encountered within the same simulation tick
warn: PowerState: More than one power state change request encountered within the same simulation tick
warn: PowerState: More than one power state change request encountered within the same simulation tick
warn: PowerState: More than one power state change request encountered within the same simulation tick
warn: PowerState: More than one power state change request encountered within the same simulation tick
warn: PowerState: More than one power state change request encountered within the same simulation tick
warn: PowerState: More than one power state change request encountered within the same simulation tick
warn: PowerState: More than one power state change request encountered within the same simulation tick
warn: PowerState: More than one power state change request encountered within the same simulation tick
warn: PowerState: More than one power state change request encountered within the same simulation tick
warn: PowerState: More than one power state change request encountered within the same simulation tick
warn: PowerState: More than one power state change request encountered within the same simulation tick
warn: PowerState: More than one power state change request encountered within the same simulation tick
warn: PowerState: More than one power state change request encountered within the same simulation tick
warn: PowerState: More than one power state change request encountered within the same simulation tick
warn: PowerState: More than one power state change request encountered within the same simulation tick
warn: PowerState: More than one power state change request encountered within the same simulation tick
warn: PowerState: More than one power state change request encountered within the same simulation tick
warn: PowerState: More than one power state change request encountered within the same simulation tick
warn: PowerState: More than one power state change request encountered within the same simulation tick
warn: PowerState: More than one power state change request encountered within the same simulation tick
warn: PowerState: More than one power state change request encountered within the same simulation tick
warn: PowerState: More than one power state change request encountered within the same simulation tick
warn: PowerState: More than one power state change request encountered within the same simulation tick
warn: PowerState: More than one power state change request encountered within the same simulation tick
warn: PowerState: More than one power state change request encountered within the same simulation tick
warn: PowerState: More than one power state change request encountered within the same simulation tick
warn: PowerState: More than one power state change request encountered within the same simulation tick
warn: PowerState: More than one power state change request encountered within the same simulation tick
warn: PowerState: More than one power state change request encountered within the same simulation tick
warn: PowerState: More than one power state change request encountered within the same simulation tick
warn: PowerState: More than one power state change request encountered within the same simulation tick
warn: PowerState: More than one power state change request encountered within the same simulation tick
warn: PowerState: More than one power state change request encountered within the same simulation tick
warn: PowerState: More than one power state change request encountered within the same simulation tick
warn: PowerState: More than one power state change request encountered within the same simulation tick
warn: PowerState: More than one power state change request encountered within the same simulation tick
warn: PowerState: More than one power state change request encountered within the same simulation tick
warn: PowerState: More than one power state change request encountered within the same simulation tick
warn: PowerState: More than one power state change request encountered within the same simulation tick
warn: PowerState: More than one power state change request encountered within the same simulation tick
warn: PowerState: More than one power state change request encountered within the same simulation tick
warn: PowerState: More than one power state change request encountered within the same simulation tick
warn: PowerState: More than one power state change request encountered within the same simulation tick
warn: PowerState: More than one power state change request encountered within the same simulation tick
warn: PowerState: More than one power state change request encountered within the same simulation tick
warn: PowerState: More than one power state change request encountered within the same simulation tick
warn: PowerState: More than one power state change request encountered within the same simulation tick
warn: PowerState: More than one power state change request encountered within the same simulation tick
warn: PowerState: More than one power state change request encountered within the same simulation tick
warn: PowerState: More than one power state change request encountered within the same simulation tick
warn: PowerState: More than one power state change request encountered within the same simulation tick
warn: PowerState: More than one power state change request encountered within the same simulation tick
warn: PowerState: More than one power state change request encountered within the same simulation tick
warn: PowerState: More than one power state change request encountered within the same simulation tick
warn: PowerState: More than one power state change request encountered within the same simulation tick
warn: PowerState: More than one power state change request encountered within the same simulation tick
warn: PowerState: More than one power state change request encountered within the same simulation tick
warn: PowerState: More than one power state change request encountered within the same simulation tick
warn: PowerState: More than one power state change request encountered within the same simulation tick
warn: PowerState: More than one power state change request encountered within the same simulation tick
warn: PowerState: More than one power state change request encountered within the same simulation tick
warn: PowerState: More than one power state change request encountered within the same simulation tick
warn: PowerState: More than one power state change request encountered within the same simulation tick
warn: PowerState: More than one power state change request encountered within the same simulation tick
warn: PowerState: More than one power state change request encountered within the same simulation tick
warn: PowerState: More than one power state change request encountered within the same simulation tick
warn: PowerState: More than one power state change request encountered within the same simulation tick
warn: PowerState: More than one power state change request encountered within the same simulation tick
warn: PowerState: More than one power state change request encountered within the same simulation tick
warn: PowerState: More than one power state change request encountered within the same simulation tick
warn: PowerState: More than one power state change request encountered within the same simulation tick
warn: PowerState: More than one power state change request encountered within the same simulation tick
warn: PowerState: More than one power state change request encountered within the same simulation tick
warn: PowerState: More than one power state change request encountered within the same simulation tick
warn: PowerState: More than one power state change request encountered within the same simulation tick
warn: PowerState: More than one power state change request encountered within the same simulation tick
warn: PowerState: More than one power state change request encountered within the same simulation tick
warn: PowerState: More than one power state change request encountered within the same simulation tick
warn: PowerState: More than one power state change request encountered within the same simulation tick
warn: PowerState: More than one power state change request encountered within the same simulation tick
warn: PowerState: More than one power state change request encountered within the same simulation tick
warn: PowerState: More than one power state change request encountered within the same simulation tick
warn: PowerState: More than one power state change request encountered within the same simulation tick
! src/apps/bench/ripc/src/../../rustbenchs/src/bremote_ipc.rs:383  PERF "remote pingpong with (1 * 8192) msgs": 2771 cycles (+/- 1 cycles with 1000 runs)


[0;32m[T1:root    @     153880] Sending SHUTDOWN to service 1:m3fs
[0m[0;32m[T1:root    @     153927] m3fs: unreg_serv(sel=46)
[0m[0;32m[T1:root    @     153934] Removing service 1:m3fs
[0m[0;32m[T1:root    @     154218] All childs gone. Exiting.
[0m[0;31m[T0:kernel  @     154356] Shutting down
[0mExiting @ tick 154373598000 because m5_exit instruction encountered
