/scratch/harshanavkis/ironbus/M3/run/remote-ipc-secure-500/boot-all.xml validates
warn: <orphan SpuSystem>.etherlink already has parent (Previously declared as <orphan SpuSystem>.etherlink).
	Note: etherlink is not a parameter of SpuSystem
gem5 Simulator System.  http://gem5.org
gem5 is copyrighted software; use the --copyright option for details.

gem5 version 21.0.0.0
gem5 compiled Sep 17 2026 15:54:59
gem5 started Sep 17 2026 17:16:54
gem5 executing on amy, pid 2935986
command line: platform/gem5/build/RISCV/gem5.opt --outdir=/scratch/harshanavkis/ironbus/M3/run/remote-ipc-secure-500 --debug-file=gem5.log --debug-flags=Tcu config/default.py --cpu-type DerivO3CPU --isa riscv --cmd 'build/gem5-riscv-release/bin/kernel -f build/gem5-riscv-release/bench.img,build/gem5-riscv-release/bin/tilemux,build/gem5-riscv-release/bin/tilemux,build/gem5-riscv-release/bin/tilemux,build/gem5-riscv-release/bin/tilemux,build/gem5-riscv-release/bin/tilemux,build/gem5-riscv-release/bin/tilemux,build/gem5-riscv-release/bin/tilemux,build/gem5-riscv-release/bin/tilemux,build/gem5-riscv-release/bin/tilemux,build/gem5-riscv-release/bin/tilemux,build/gem5-riscv-release/bin/tilemux,build/gem5-riscv-release/bin/tilemux,build/gem5-riscv-release/bin/tilemux,build/gem5-riscv-release/bin/tilemux,build/gem5-riscv-release/bin/tilemux,' --mods /scratch/harshanavkis/ironbus/M3/run/remote-ipc-secure-500/boot.xml,build/gem5-riscv-release/bin/root,build/gem5-riscv-release/bin/m3fs,build/gem5-riscv-release/bin/pager --cpu-clock=2GHz --sys-clock=2GHz --encr-latency=15 --par-pipe=1 --int-transfer-latency=500 --rng-latency=0 --sign-latency=0 --sign-ver-latency=0

info: Standard input is not a terminal, disabling listeners.
T00: build/gem5-riscv-release/bin/kernel -f build/gem5-riscv-release/bench.img
     Core =DerivO3CPU riscv @ 2GHz
     TCU  =eps:192, bufsz:2048 B, blocksz:64 B, count:16, tlb:128
     L1i$ =32 KiB (2-way assoc, 4 cycles)
     L1d$ =32 KiB (2-way assoc, 4 cycles)
     L2$  =256 KiB (8-way assoc, 12 cycles)
     Comp =Core -> TCU -> L1$ -> L2$

T01: build/gem5-riscv-release/bin/tilemux
     Core =DerivO3CPU riscv @ 2GHz
     TCU  =eps:192, bufsz:2048 B, blocksz:64 B, count:16, tlb:128
     L1i$ =32 KiB (2-way assoc, 4 cycles)
     L1d$ =32 KiB (2-way assoc, 4 cycles)
     L2$  =256 KiB (8-way assoc, 12 cycles)
     Comp =Core -> TCU -> L1$ -> L2$

T02: build/gem5-riscv-release/bin/tilemux
     Core =DerivO3CPU riscv @ 2GHz
     TCU  =eps:192, bufsz:2048 B, blocksz:64 B, count:16, tlb:128
     L1i$ =32 KiB (2-way assoc, 4 cycles)
     L1d$ =32 KiB (2-way assoc, 4 cycles)
     L2$  =256 KiB (8-way assoc, 12 cycles)
     Comp =Core -> TCU -> L1$ -> L2$

T03: build/gem5-riscv-release/bin/tilemux
     Core =DerivO3CPU riscv @ 2GHz
     TCU  =eps:192, bufsz:2048 B, blocksz:64 B, count:16, tlb:128
     L1i$ =32 KiB (2-way assoc, 4 cycles)
     L1d$ =32 KiB (2-way assoc, 4 cycles)
     L2$  =256 KiB (8-way assoc, 12 cycles)
     Comp =Core -> TCU -> L1$ -> L2$

T04: build/gem5-riscv-release/bin/tilemux
     Core =DerivO3CPU riscv @ 2GHz
     TCU  =eps:192, bufsz:2048 B, blocksz:64 B, count:16, tlb:128
     L1i$ =32 KiB (2-way assoc, 4 cycles)
     L1d$ =32 KiB (2-way assoc, 4 cycles)
     L2$  =256 KiB (8-way assoc, 12 cycles)
     Comp =Core -> TCU -> L1$ -> L2$

T05: build/gem5-riscv-release/bin/tilemux
     Core =DerivO3CPU riscv @ 2GHz
     TCU  =eps:192, bufsz:2048 B, blocksz:64 B, count:16, tlb:128
     L1i$ =32 KiB (2-way assoc, 4 cycles)
     L1d$ =32 KiB (2-way assoc, 4 cycles)
     L2$  =256 KiB (8-way assoc, 12 cycles)
     Comp =Core -> TCU -> L1$ -> L2$

T06: build/gem5-riscv-release/bin/tilemux
     Core =DerivO3CPU riscv @ 2GHz
     TCU  =eps:192, bufsz:2048 B, blocksz:64 B, count:16, tlb:128
     L1i$ =32 KiB (2-way assoc, 4 cycles)
     L1d$ =32 KiB (2-way assoc, 4 cycles)
     L2$  =256 KiB (8-way assoc, 12 cycles)
     Comp =Core -> TCU -> L1$ -> L2$

T07: build/gem5-riscv-release/bin/tilemux
     Core =DerivO3CPU riscv @ 2GHz
     TCU  =eps:192, bufsz:2048 B, blocksz:64 B, count:16, tlb:128
     L1i$ =32 KiB (2-way assoc, 4 cycles)
     L1d$ =32 KiB (2-way assoc, 4 cycles)
     L2$  =256 KiB (8-way assoc, 12 cycles)
     Comp =Core -> TCU -> L1$ -> L2$

T08: build/gem5-riscv-release/bin/tilemux
     Core =DerivO3CPU riscv @ 2GHz
     TCU  =eps:192, bufsz:2048 B, blocksz:64 B, count:16, tlb:128
     L1i$ =32 KiB (2-way assoc, 4 cycles)
     L1d$ =32 KiB (2-way assoc, 4 cycles)
     L2$  =256 KiB (8-way assoc, 12 cycles)
     Comp =Core -> TCU -> L1$ -> L2$

T09: build/gem5-riscv-release/bin/tilemux
     Core =DerivO3CPU riscv @ 2GHz
     TCU  =eps:192, bufsz:2048 B, blocksz:64 B, count:16, tlb:128
     L1i$ =32 KiB (2-way assoc, 4 cycles)
     L1d$ =32 KiB (2-way assoc, 4 cycles)
     L2$  =256 KiB (8-way assoc, 12 cycles)
     Comp =Core -> TCU -> L1$ -> L2$

T10: build/gem5-riscv-release/bin/tilemux
     Core =DerivO3CPU riscv @ 2GHz
     TCU  =eps:192, bufsz:2048 B, blocksz:64 B, count:16, tlb:128
     L1i$ =32 KiB (2-way assoc, 4 cycles)
     L1d$ =32 KiB (2-way assoc, 4 cycles)
     L2$  =256 KiB (8-way assoc, 12 cycles)
     Comp =Core -> TCU -> L1$ -> L2$

T11: build/gem5-riscv-release/bin/tilemux
     Core =DerivO3CPU riscv @ 2GHz
     TCU  =eps:192, bufsz:2048 B, blocksz:64 B, count:16, tlb:128
     L1i$ =32 KiB (2-way assoc, 4 cycles)
     L1d$ =32 KiB (2-way assoc, 4 cycles)
     L2$  =256 KiB (8-way assoc, 12 cycles)
     Comp =Core -> TCU -> L1$ -> L2$

T12: build/gem5-riscv-release/bin/tilemux
     Core =DerivO3CPU riscv @ 2GHz
     TCU  =eps:192, bufsz:2048 B, blocksz:2048 B, count:16, tlb:0
     imem =32768 KiB
     Comp =Core -> TCU -> SPM

T13: build/gem5-riscv-release/bin/tilemux
     Core =DerivO3CPU riscv @ 2GHz
     TCU  =eps:192, bufsz:2048 B, blocksz:2048 B, count:16, tlb:0
     imem =32768 KiB
     Comp =Core -> TCU -> SPM

T14: build/gem5-riscv-release/bin/tilemux
     Core =DerivO3CPU riscv @ 2GHz
     TCU  =eps:192, bufsz:2048 B, blocksz:2048 B, count:16, tlb:0
     imem =32768 KiB
     Comp =Core -> TCU -> SPM

T15: build/gem5-riscv-release/bin/tilemux
     Core =DerivO3CPU riscv @ 2GHz
     TCU  =eps:192, bufsz:2048 B, blocksz:2048 B, count:16, tlb:0
     imem =32768 KiB
     Comp =Core -> TCU -> SPM

T16: IGbE_e1000
     TCU  =eps:192, bufsz:2048 B, blocksz:2048 B, count:16, tlb:0
     Comp =TCU -> Proxy -> NIC

T17: IGbE_e1000
     TCU  =eps:192, bufsz:2048 B, blocksz:2048 B, count:16, tlb:0
     Comp =TCU -> Proxy -> NIC

T18: rot13 accelerator @ 2GHz
     TCU  =eps:192, bufsz:2048 B, blocksz:2048 B, count:16, tlb:0
     imem =2048 KiB
     Comp =Core -> TCU -> SPM

T19: rot13 accelerator @ 2GHz
     TCU  =eps:192, bufsz:2048 B, blocksz:2048 B, count:16, tlb:0
     imem =2048 KiB
     Comp =Core -> TCU -> SPM

T20: build/gem5-riscv-release/bin/tilemux
     Core =DerivO3CPU riscv @ 2GHz
     TCU  =eps:192, bufsz:2048 B, blocksz:2048 B, count:16, tlb:0
     imem =32768 KiB
     Comp =Core -> TCU -> SPM

T21: SerialInput
     TCU  =eps:192, bufsz:2048 B, blocksz:2048 B, count:16, tlb:0
     Comp =TCU -> SerialInput

T22: build/gem5-riscv-release/bench.img x 1
     TCU  =eps:192, bufsz:2048 B, blocksz:2048 B, count:16, tlb:0
     imem =3145728 KiB
     Comp =TCU -> DRAM

Global frequency set at 1000000000000 ticks per second
warn: No dot file generated. Please install pydot to generate the dot file and pdf.
warn: DRAM device capacity (49152 Mbytes) does not match the address range assigned (4096 Mbytes)
warn: Sockets disabled, not accepting terminal connections
warn: Sockets disabled, not accepting gdb connections
warn: CoherentXBar T16.xbar has no snooping ports attached!
warn: CoherentXBar T17.xbar has no snooping ports attached!
warn: CoherentXBar T18.xbar has no snooping ports attached!
warn: CoherentXBar T19.xbar has no snooping ports attached!
warn: CoherentXBar T21.xbar has no snooping ports attached!
warn: CoherentXBar T22.xbar has no snooping ports attached!
info: Loaded 'boot.xml' to 0x9600000030000000 .. 0x960000003000031a
info: Loaded 'root' to 0x9600000030001000 .. 0x9600000030075758
info: Loaded 'm3fs' to 0x9600000030076000 .. 0x96000000300cc348
info: Loaded 'pager' to 0x96000000300cd000 .. 0x960000003014cc48
info: Entering event queue @ 0.  Starting simulation...
warn: T20.spm: address out-of-range: 0
warn: T0,PMP-EP65535: invalid EP
warn: T11,PMP-EP65535: invalid EP
warn: T10,PMP-EP65535: invalid EP
warn: T9,PMP-EP65535: invalid EP
warn: T8,PMP-EP65535: invalid EP
warn: T7,PMP-EP65535: invalid EP
warn: T6,PMP-EP65535: invalid EP
warn: T5,PMP-EP65535: invalid EP
warn: T4,PMP-EP65535: invalid EP
warn: T3,PMP-EP65535: invalid EP
warn: T2,PMP-EP65535: invalid EP
warn: T1,PMP-EP65535: invalid EP
warn: T11,PMP-EP65535: invalid EP
warn: T10,PMP-EP65535: invalid EP
warn: T9,PMP-EP65535: invalid EP
warn: T4,PMP-EP65535: invalid EP
warn: T8,PMP-EP65535: invalid EP
warn: T2,PMP-EP65535: invalid EP
warn: T6,PMP-EP65535: invalid EP
warn: T5,PMP-EP65535: invalid EP
warn: T7,PMP-EP65535: invalid EP
warn: T3,PMP-EP65535: invalid EP
warn: T1,PMP-EP65535: invalid EP
warn: T0,PMP-EP65535: invalid EP
[0;31m[T0:kernel  @        121] Entered raw mode; Quit via Ctrl+]
[0mwarn: T4,PMP-EP65535: invalid EP
warn: T4,PMP-EP65535: invalid EP
warn: T4,PMP-EP65535: invalid EP
warn: T11,PMP-EP65535: invalid EP
warn: T11,PMP-EP65535: invalid EP
warn: T11,PMP-EP65535: invalid EP
warn: T9,PMP-EP65535: invalid EP
warn: T9,PMP-EP65535: invalid EP
warn: T9,PMP-EP65535: invalid EP
warn: T4,PMP-EP65535: invalid EP
warn: T7,PMP-EP65535: invalid EP
warn: T7,PMP-EP65535: invalid EP
warn: T7,PMP-EP65535: invalid EP
warn: T6,PMP-EP65535: invalid EP
warn: T6,PMP-EP65535: invalid EP
warn: T6,PMP-EP65535: invalid EP
warn: T11,PMP-EP65535: invalid EP
warn: T9,PMP-EP65535: invalid EP
warn: T1,PMP-EP65535: invalid EP
warn: T1,PMP-EP65535: invalid EP
warn: T1,PMP-EP65535: invalid EP
warn: T3,PMP-EP65535: invalid EP
warn: T3,PMP-EP65535: invalid EP
warn: T3,PMP-EP65535: invalid EP
warn: T10,PMP-EP65535: invalid EP
warn: T10,PMP-EP65535: invalid EP
warn: T10,PMP-EP65535: invalid EP
warn: T2,PMP-EP65535: invalid EP
warn: T2,PMP-EP65535: invalid EP
warn: T2,PMP-EP65535: invalid EP
warn: T7,PMP-EP65535: invalid EP
warn: T8,PMP-EP65535: invalid EP
warn: T8,PMP-EP65535: invalid EP
warn: T8,PMP-EP65535: invalid EP
warn: T5,PMP-EP65535: invalid EP
warn: T5,PMP-EP65535: invalid EP
warn: T5,PMP-EP65535: invalid EP
warn: T6,PMP-EP65535: invalid EP
warn: T1,PMP-EP65535: invalid EP
warn: T3,PMP-EP65535: invalid EP
warn: T10,PMP-EP65535: invalid EP
warn: T2,PMP-EP65535: invalid EP
warn: T8,PMP-EP65535: invalid EP
warn: T5,PMP-EP65535: invalid EP
[0;31m[T0:kernel  @        237] Attesting tile: 1
[0m[0;31m[T0:kernel  @       5356] Attestation complete: 1, 10224943 cycles
[0m[0;31m[T0:kernel  @       5359] Attesting tile: 2
[0m[0;31m[T0:kernel  @      10460] Attestation complete: 2, 10197009 cycles
[0m[0;31m[T0:kernel  @      10464] Attesting tile: 3
[0m[0;31m[T0:kernel  @      15565] Attestation complete: 3, 10196559 cycles
[0m[0;31m[T0:kernel  @      15568] Attesting tile: 4
[0m[0;31m[T0:kernel  @      20668] Attestation complete: 4, 10196145 cycles
[0m[0;31m[T0:kernel  @      20672] Attesting tile: 5
[0m[0;31m[T0:kernel  @      25772] Attestation complete: 5, 10197173 cycles
[0m[0;31m[T0:kernel  @      25776] Attesting tile: 6
[0m[0;31m[T0:kernel  @      30877] Attestation complete: 6, 10196502 cycles
[0m[0;31m[T0:kernel  @      30880] Attesting tile: 7
[0m[0;31m[T0:kernel  @      35980] Attestation complete: 7, 10196544 cycles
[0m[0;31m[T0:kernel  @      35984] Attesting tile: 8
[0m[0;31m[T0:kernel  @      41084] Attestation complete: 8, 10196236 cycles
[0m[0;31m[T0:kernel  @      41087] Attesting tile: 9
[0m[0;31m[T0:kernel  @      46188] Attestation complete: 9, 10196372 cycles
[0m[0;31m[T0:kernel  @      46191] Attesting tile: 10
[0m[0;31m[T0:kernel  @      51292] Attestation complete: 10, 10196905 cycles
[0m[0;31m[T0:kernel  @      51295] Attesting tile: 11
[0m[0;31m[T0:kernel  @      56396] Attestation complete: 11, 10196593 cycles
[0m[0;31m[T0:kernel  @      56399] Attesting tile: 12
[0m[0;31m[T0:kernel  @      61500] Attestation complete: 12, 10196656 cycles
[0m[0;31m[T0:kernel  @      61503] Attesting tile: 13
[0m[0;31m[T0:kernel  @      66603] Attestation complete: 13, 10195943 cycles
[0m[0;31m[T0:kernel  @      66607] Attesting tile: 14
[0m[0;31m[T0:kernel  @      71707] Attestation complete: 14, 10196489 cycles
[0m[0;31m[T0:kernel  @      71710] Attesting tile: 15
[0m[0;31m[T0:kernel  @      76811] Attestation complete: 15, 10196269 cycles
[0m[0;31m[T0:kernel  @      76814] Attesting tile: 16
[0m[0;31m[T0:kernel  @      81915] Attestation complete: 16, 10196951 cycles
[0m[0;31m[T0:kernel  @      81918] Attesting tile: 17
[0m[0;31m[T0:kernel  @      87018] Attestation complete: 17, 10195040 cycles
[0m[0;31m[T0:kernel  @      87021] Attesting tile: 18
[0m[0;31m[T0:kernel  @      92121] Attestation complete: 18, 10195555 cycles
[0m[0;31m[T0:kernel  @      92124] Attesting tile: 19
[0m[0;31m[T0:kernel  @      97224] Attestation complete: 19, 10194715 cycles
[0m[0;31m[T0:kernel  @      97227] Attesting tile: 20
[0m[0;31m[T0:kernel  @     102327] Attestation complete: 20, 10195405 cycles
[0m[0;31m[T0:kernel  @     102330] Attesting tile: 21
[0m[0;31m[T0:kernel  @     107430] Attestation complete: 21, 10194292 cycles
[0m[0;31m[T0:kernel  @     107435] Attesting tile: 22
[0m[0;31m[T0:kernel  @     112535] Attestation complete: 22, 10195266 cycles
[0m[0;31m[T0:kernel  @     112698] Kernel is ready!
[0m[0;32m[T1:root    @     113246] Boot modules:
[0m[0;32m[T1:root    @     113261]   Mod[addr: G[Tile22+0x30000000], size: 0x31a, name: boot.xml]
[0m[0;32m[T1:root    @     113265]   Mod[addr: G[Tile22+0x30001000], size: 0x74758, name: root]
[0m[0;32m[T1:root    @     113269]   Mod[addr: G[Tile22+0x30076000], size: 0x56348, name: m3fs]
[0m[0;32m[T1:root    @     113272]   Mod[addr: G[Tile22+0x300cd000], size: 0x7fc48, name: pager]
[0m[0;32m[T1:root    @     113274] Available tiles:
[0m[0;32m[T1:root    @     113285]   Tile01: COMP_EMEM RISCV (empty) 0 KiB memory
[0m[0;32m[T1:root    @     113290]   Tile02: COMP_EMEM RISCV (empty) 0 KiB memory
[0m[0;32m[T1:root    @     113294]   Tile03: COMP_EMEM RISCV (empty) 0 KiB memory
[0m[0;32m[T1:root    @     113297]   Tile04: COMP_EMEM RISCV (empty) 0 KiB memory
[0m[0;32m[T1:root    @     113300]   Tile05: COMP_EMEM RISCV (empty) 0 KiB memory
[0m[0;32m[T1:root    @     113304]   Tile06: COMP_EMEM RISCV (empty) 0 KiB memory
[0m[0;32m[T1:root    @     113307]   Tile07: COMP_EMEM RISCV (empty) 0 KiB memory
[0m[0;32m[T1:root    @     113310]   Tile08: COMP_EMEM RISCV (empty) 0 KiB memory
[0m[0;32m[T1:root    @     113313]   Tile09: COMP_EMEM RISCV (empty) 0 KiB memory
[0m[0;32m[T1:root    @     113317]   Tile10: COMP_EMEM RISCV (empty) 0 KiB memory
[0m[0;32m[T1:root    @     113320]   Tile11: COMP_EMEM RISCV (empty) 0 KiB memory
[0m[0;32m[T1:root    @     113323]   Tile12: COMP_IMEM RISCV (empty) 32768 KiB memory
[0m[0;32m[T1:root    @     113326]   Tile13: COMP_IMEM RISCV (empty) 32768 KiB memory
[0m[0;32m[T1:root    @     113328]   Tile14: COMP_IMEM RISCV (empty) 32768 KiB memory
[0m[0;32m[T1:root    @     113334]   Tile15: COMP_IMEM RISCV (empty) 32768 KiB memory
[0m[0;32m[T1:root    @     113337]   Tile16: COMP_IMEM NIC_DEV (empty) 0 KiB memory
[0m[0;32m[T1:root    @     113340]   Tile17: COMP_IMEM NIC_DEV (empty) 0 KiB memory
[0m[0;32m[T1:root    @     113344]   Tile18: COMP_IMEM ACCEL_ROT13 (empty) 2048 KiB memory
[0m[0;32m[T1:root    @     113347]   Tile19: COMP_IMEM ACCEL_ROT13 (empty) 2048 KiB memory
[0m[0;32m[T1:root    @     113351]   Tile20: COMP_IMEM RISCV KECACC 32768 KiB memory
[0m[0;32m[T1:root    @     113354]   Tile21: COMP_IMEM SERIAL_DEV (empty) 0 KiB memory
[0m[0;32m[T1:root    @     113360] Available memory:
[0m[0;32m[T1:root    @     113369]   MemMod[sel: 30, res: true, addr: G[Tile22+0x0], size: 1200 MiB]
[0m[0;32m[T1:root    @     113373]   MemMod[sel: 31, res: false, addr: G[Tile22+0x4f600000], size: 959 MiB]
[0m[0;32m[T1:root    @     113377] Parsed Config [
[0m[0;32m[T1:root    @     113381]   root [
[0m[0;32m[T1:root    @     113391]     Domain on core [
[0m[0;32m[T1:root    @     113394]       m3fs mem 268435456 [
[0m[0;32m[T1:root    @     113396]         Daemon,
[0m[0;32m[T1:root    @     113403]         PhysMem[addr=0x0, size=0x40000 KiB, perm=R | W | X | RW | RWX],
[0m[0;32m[T1:root    @     113407]         Service[lname='m3fs', gname='m3fs'],
[0m[0;32m[T1:root    @     113410]       ]
[0m[0;32m[T1:root    @     113412]     ]
[0m[0;32m[T1:root    @     113414]     Domain on core [
[0m[0;32m[T1:root    @     113416]       pager 268435456 [
[0m[0;32m[T1:root    @     113420]         PhysMem[addr=0x0, size=0x40000 KiB, perm=R],
[0m[0;32m[T1:root    @     113425]         Session[lname='m3fs', gname='m3fs', arg='', dep=true],
[0m[0;32m[T1:root    @     113429]         Tile[type=boom|core, count=1, optional=false],
[0m[0;32m[T1:root    @     113431]         Domain on boom|core [
[0m[0;32m[T1:root    @     113434]           /bin/ripc [
[0m[0;32m[T1:root    @     113437]             TimeSlice[1000000000 ns],
[0m[0;32m[T1:root    @     113441]             Mount[fs='m3fs', path='/'],
[0m[0;32m[T1:root    @     113444]             Tile[type=boom|core, count=1, optional=false],
[0m[0;32m[T1:root    @     113446]           ]
[0m[0;32m[T1:root    @     113448]         ]
[0m[0;32m[T1:root    @     113450]       ]
[0m[0;32m[T1:root    @     113451]     ]
[0m[0;32m[T1:root    @     113453]   ]
[0m[0;32m[T1:root    @     113454] ]
[0m[0;32m[T1:root    @     113455] 
[0m[0;32m[T1:root    @     114366] Starting boot module 'm3fs' on tile2 with arguments ["mem", "268435456"]
[0m[0;32m[T1:root    @     115389] m3fs: reg_serv(srv_sel=46, sgate_sel=50, name=m3fs, sessions=32)
[0m[0;32m[T1:root    @     115397] Creating service 1:m3fs
[0m[0;32m[T1:root    @     115514] Starting boot module 'pager' on tile3 with arguments ["268435456"]
[0m[0;34m[T3:pager   @     115971] Boot modules:
[0m[0;34m[T3:pager   @     115987]   Mod[addr: G[Tile22+0x77601000], size: 0x1fc, name: boot.xml]
[0m[0;34m[T3:pager   @     115991] Available tiles:
[0m[0;34m[T3:pager   @     116001]   Tile03: COMP_EMEM RISCV (empty) 0 KiB memory
[0m[0;34m[T3:pager   @     116007]   Tile04: COMP_EMEM RISCV (empty) 0 KiB memory
[0m[0;34m[T3:pager   @     116011] Available memory:
[0m[0;34m[T3:pager   @     116021]   MemMod[sel: 8, res: false, addr: G[Tile22+0x63800000], size: 159 MiB]
[0m[0;32m[T1:root    @     116042] pager: open_sess(dst_sel=59, name=m3fs)
[0m[0;32m[T1:root    @     116777] pager: Ok(8:ALLOC_TILE) failed: NotFound
[0m[0;34m[T3:pager   @     117135] Starting boot module '/bin/ripc' on tile5 with arguments []
[0mRunning test suite bremote_ipc::run ...

Testing "pingpong_remote8" in src/apps/bench/ripc/src/../../rustbenchs/src/bremote_ipc.rs:
childactivity.rs: /bin/ripc
! src/apps/bench/ripc/src/../../rustbenchs/src/bremote_ipc.rs:82  PERF "remote pingpong with (1 * 64) msgs": 1310 cycles (+/- 1 cycles with 1000 runs)

Testing "pingpong_remote16" in src/apps/bench/ripc/src/../../rustbenchs/src/bremote_ipc.rs:
childactivity.rs: /bin/ripc
! src/apps/bench/ripc/src/../../rustbenchs/src/bremote_ipc.rs:124  PERF "remote pingpong with (1 * 128) msgs": 1312 cycles (+/- 1 cycles with 1000 runs)

Testing "pingpong_remote32" in src/apps/bench/ripc/src/../../rustbenchs/src/bremote_ipc.rs:
warn: PowerState: More than one power state change request encountered within the same simulation tick
childactivity.rs: /bin/ripc
! src/apps/bench/ripc/src/../../rustbenchs/src/bremote_ipc.rs:166  PERF "remote pingpong with (1 * 256) msgs": 1319 cycles (+/- 1 cycles with 1000 runs)

Testing "pingpong_remote64" in src/apps/bench/ripc/src/../../rustbenchs/src/bremote_ipc.rs:
childactivity.rs: /bin/ripc
! src/apps/bench/ripc/src/../../rustbenchs/src/bremote_ipc.rs:208  PERF "remote pingpong with (1 * 512) msgs": 1316 cycles (+/- 2 cycles with 1000 runs)

Testing "pingpong_remote128" in src/apps/bench/ripc/src/../../rustbenchs/src/bremote_ipc.rs:
childactivity.rs: /bin/ripc
! src/apps/bench/ripc/src/../../rustbenchs/src/bremote_ipc.rs:252  PERF "remote pingpong with (1 * 1024) msgs": 1405 cycles (+/- 1 cycles with 1000 runs)

Testing "pingpong_remote256" in src/apps/bench/ripc/src/../../rustbenchs/src/bremote_ipc.rs:
childactivity.rs: /bin/ripc
! src/apps/bench/ripc/src/../../rustbenchs/src/bremote_ipc.rs:297  PERF "remote pingpong with (1 * 2048) msgs": 1461 cycles (+/- 1 cycles with 1000 runs)

Testing "pingpong_remote512" in src/apps/bench/ripc/src/../../rustbenchs/src/bremote_ipc.rs:
childactivity.rs: /bin/ripc
! src/apps/bench/ripc/src/../../rustbenchs/src/bremote_ipc.rs:661  PERF "remote pingpong with (1 * 4096) msgs": 1565 cycles (+/- 1 cycles with 1000 runs)

Testing "pingpong_remote1024" in src/apps/bench/ripc/src/../../rustbenchs/src/bremote_ipc.rs:
childactivity.rs: /bin/ripc
warn: PowerState: More than one power state change request encountered within the same simulation tick
warn: PowerState: More than one power state change request encountered within the same simulation tick
warn: PowerState: More than one power state change request encountered within the same simulation tick
warn: PowerState: More than one power state change request encountered within the same simulation tick
warn: PowerState: More than one power state change request encountered within the same simulation tick
warn: PowerState: More than one power state change request encountered within the same simulation tick
warn: PowerState: More than one power state change request encountered within the same simulation tick
warn: PowerState: More than one power state change request encountered within the same simulation tick
warn: PowerState: More than one power state change request encountered within the same simulation tick
warn: PowerState: More than one power state change request encountered within the same simulation tick
warn: PowerState: More than one power state change request encountered within the same simulation tick
warn: PowerState: More than one power state change request encountered within the same simulation tick
warn: PowerState: More than one power state change request encountered within the same simulation tick
warn: PowerState: More than one power state change request encountered within the same simulation tick
warn: PowerState: More than one power state change request encountered within the same simulation tick
warn: PowerState: More than one power state change request encountered within the same simulation tick
warn: PowerState: More than one power state change request encountered within the same simulation tick
warn: PowerState: More than one power state change request encountered within the same simulation tick
warn: PowerState: More than one power state change request encountered within the same simulation tick
warn: PowerState: More than one power state change request encountered within the same simulation tick
warn: PowerState: More than one power state change request encountered within the same simulation tick
warn: PowerState: More than one power state change request encountered within the same simulation tick
warn: PowerState: More than one power state change request encountered within the same simulation tick
warn: PowerState: More than one power state change request encountered within the same simulation tick
warn: PowerState: More than one power state change request encountered within the same simulation tick
warn: PowerState: More than one power state change request encountered within the same simulation tick
warn: PowerState: More than one power state change request encountered within the same simulation tick
warn: PowerState: More than one power state change request encountered within the same simulation tick
warn: PowerState: More than one power state change request encountered within the same simulation tick
warn: PowerState: More than one power state change request encountered within the same simulation tick
warn: PowerState: More than one power state change request encountered within the same simulation tick
warn: PowerState: More than one power state change request encountered within the same simulation tick
warn: PowerState: More than one power state change request encountered within the same simulation tick
warn: PowerState: More than one power state change request encountered within the same simulation tick
warn: PowerState: More than one power state change request encountered within the same simulation tick
warn: PowerState: More than one power state change request encountered within the same simulation tick
warn: PowerState: More than one power state change request encountered within the same simulation tick
warn: PowerState: More than one power state change request encountered within the same simulation tick
warn: PowerState: More than one power state change request encountered within the same simulation tick
warn: PowerState: More than one power state change request encountered within the same simulation tick
warn: PowerState: More than one power state change request encountered within the same simulation tick
warn: PowerState: More than one power state change request encountered within the same simulation tick
warn: PowerState: More than one power state change request encountered within the same simulation tick
warn: PowerState: More than one power state change request encountered within the same simulation tick
warn: PowerState: More than one power state change request encountered within the same simulation tick
warn: PowerState: More than one power state change request encountered within the same simulation tick
warn: PowerState: More than one power state change request encountered within the same simulation tick
warn: PowerState: More than one power state change request encountered within the same simulation tick
warn: PowerState: More than one power state change request encountered within the same simulation tick
warn: PowerState: More than one power state change request encountered within the same simulation tick
warn: PowerState: More than one power state change request encountered within the same simulation tick
warn: PowerState: More than one power state change request encountered within the same simulation tick
warn: PowerState: More than one power state change request encountered within the same simulation tick
warn: PowerState: More than one power state change request encountered within the same simulation tick
warn: PowerState: More than one power state change request encountered within the same simulation tick
warn: PowerState: More than one power state change request encountered within the same simulation tick
warn: PowerState: More than one power state change request encountered within the same simulation tick
warn: PowerState: More than one power state change request encountered within the same simulation tick
warn: PowerState: More than one power state change request encountered within the same simulation tick
warn: PowerState: More than one power state change request encountered within the same simulation tick
warn: PowerState: More than one power state change request encountered within the same simulation tick
warn: PowerState: More than one power state change request encountered within the same simulation tick
warn: PowerState: More than one power state change request encountered within the same simulation tick
warn: PowerState: More than one power state change request encountered within the same simulation tick
warn: PowerState: More than one power state change request encountered within the same simulation tick
warn: PowerState: More than one power state change request encountered within the same simulation tick
warn: PowerState: More than one power state change request encountered within the same simulation tick
warn: PowerState: More than one power state change request encountered within the same simulation tick
warn: PowerState: More than one power state change request encountered within the same simulation tick
warn: PowerState: More than one power state change request encountered within the same simulation tick
warn: PowerState: More than one power state change request encountered within the same simulation tick
warn: PowerState: More than one power state change request encountered within the same simulation tick
warn: PowerState: More than one power state change request encountered within the same simulation tick
warn: PowerState: More than one power state change request encountered within the same simulation tick
warn: PowerState: More than one power state change request encountered within the same simulation tick
warn: PowerState: More than one power state change request encountered within the same simulation tick
warn: PowerState: More than one power state change request encountered within the same simulation tick
warn: PowerState: More than one power state change request encountered within the same simulation tick
warn: PowerState: More than one power state change request encountered within the same simulation tick
warn: PowerState: More than one power state change request encountered within the same simulation tick
warn: PowerState: More than one power state change request encountered within the same simulation tick
warn: PowerState: More than one power state change request encountered within the same simulation tick
warn: PowerState: More than one power state change request encountered within the same simulation tick
warn: PowerState: More than one power state change request encountered within the same simulation tick
warn: PowerState: More than one power state change request encountered within the same simulation tick
warn: PowerState: More than one power state change request encountered within the same simulation tick
warn: PowerState: More than one power state change request encountered within the same simulation tick
warn: PowerState: More than one power state change request encountered within the same simulation tick
warn: PowerState: More than one power state change request encountered within the same simulation tick
warn: PowerState: More than one power state change request encountered within the same simulation tick
warn: PowerState: More than one power state change request encountered within the same simulation tick
warn: PowerState: More than one power state change request encountered within the same simulation tick
warn: PowerState: More than one power state change request encountered within the same simulation tick
warn: PowerState: More than one power state change request encountered within the same simulation tick
warn: PowerState: More than one power state change request encountered within the same simulation tick
warn: PowerState: More than one power state change request encountered within the same simulation tick
warn: PowerState: More than one power state change request encountered within the same simulation tick
warn: PowerState: More than one power state change request encountered within the same simulation tick
warn: PowerState: More than one power state change request encountered within the same simulation tick
warn: PowerState: More than one power state change request encountered within the same simulation tick
warn: PowerState: More than one power state change request encountered within the same simulation tick
warn: PowerState: More than one power state change request encountered within the same simulation tick
warn: PowerState: More than one power state change request encountered within the same simulation tick
warn: PowerState: More than one power state change request encountered within the same simulation tick
warn: PowerState: More than one power state change request encountered within the same simulation tick
warn: PowerState: More than one power state change request encountered within the same simulation tick
warn: PowerState: More than one power state change request encountered within the same simulation tick
warn: PowerState: More than one power state change request encountered within the same simulation tick
warn: PowerState: More than one power state change request encountered within the same simulation tick
warn: PowerState: More than one power state change request encountered within the same simulation tick
warn: PowerState: More than one power state change request encountered within the same simulation tick
warn: PowerState: More than one power state change request encountered within the same simulation tick
warn: PowerState: More than one power state change request encountered within the same simulation tick
warn: PowerState: More than one power state change request encountered within the same simulation tick
warn: PowerState: More than one power state change request encountered within the same simulation tick
warn: PowerState: More than one power state change request encountered within the same simulation tick
warn: PowerState: More than one power state change request encountered within the same simulation tick
warn: PowerState: More than one power state change request encountered within the same simulation tick
warn: PowerState: More than one power state change request encountered within the same simulation tick
warn: PowerState: More than one power state change request encountered within the same simulation tick
warn: PowerState: More than one power state change request encountered within the same simulation tick
warn: PowerState: More than one power state change request encountered within the same simulation tick
warn: PowerState: More than one power state change request encountered within the same simulation tick
warn: PowerState: More than one power state change request encountered within the same simulation tick
warn: PowerState: More than one power state change request encountered within the same simulation tick
warn: PowerState: More than one power state change request encountered within the same simulation tick
warn: PowerState: More than one power state change request encountered within the same simulation tick
warn: PowerState: More than one power state change request encountered within the same simulation tick
warn: PowerState: More than one power state change request encountered within the same simulation tick
warn: PowerState: More than one power state change request encountered within the same simulation tick
warn: PowerState: More than one power state change request encountered within the same simulation tick
warn: PowerState: More than one power state change request encountered within the same simulation tick
warn: PowerState: More than one power state change request encountered within the same simulation tick
warn: PowerState: More than one power state change request encountered within the same simulation tick
warn: PowerState: More than one power state change request encountered within the same simulation tick
warn: PowerState: More than one power state change request encountered within the same simulation tick
warn: PowerState: More than one power state change request encountered within the same simulation tick
warn: PowerState: More than one power state change request encountered within the same simulation tick
warn: PowerState: More than one power state change request encountered within the same simulation tick
warn: PowerState: More than one power state change request encountered within the same simulation tick
warn: PowerState: More than one power state change request encountered within the same simulation tick
warn: PowerState: More than one power state change request encountered within the same simulation tick
warn: PowerState: More than one power state change request encountered within the same simulation tick
warn: PowerState: More than one power state change request encountered within the same simulation tick
warn: PowerState: More than one power state change request encountered within the same simulation tick
warn: PowerState: More than one power state change request encountered within the same simulation tick
warn: PowerState: More than one power state change request encountered within the same simulation tick
warn: PowerState: More than one power state change request encountered within the same simulation tick
warn: PowerState: More than one power state change request encountered within the same simulation tick
warn: PowerState: More than one power state change request encountered within the same simulation tick
warn: PowerState: More than one power state change request encountered within the same simulation tick
warn: PowerState: More than one power state change request encountered within the same simulation tick
warn: PowerState: More than one power state change request encountered within the same simulation tick
warn: PowerState: More than one power state change request encountered within the same simulation tick
warn: PowerState: More than one power state change request encountered within the same simulation tick
warn: PowerState: More than one power state change request encountered within the same simulation tick
warn: PowerState: More than one power state change request encountered within the same simulation tick
warn: PowerState: More than one power state change request encountered within the same simulation tick
warn: PowerState: More than one power state change request encountered within the same simulation tick
warn: PowerState: More than one power state change request encountered within the same simulation tick
warn: PowerState: More than one power state change request encountered within the same simulation tick
warn: PowerState: More than one power state change request encountered within the same simulation tick
warn: PowerState: More than one power state change request encountered within the same simulation tick
warn: PowerState: More than one power state change request encountered within the same simulation tick
warn: PowerState: More than one power state change request encountered within the same simulation tick
warn: PowerState: More than one power state change request encountered within the same simulation tick
warn: PowerState: More than one power state change request encountered within the same simulation tick
warn: PowerState: More than one power state change request encountered within the same simulation tick
warn: PowerState: More than one power state change request encountered within the same simulation tick
warn: PowerState: More than one power state change request encountered within the same simulation tick
warn: PowerState: More than one power state change request encountered within the same simulation tick
warn: PowerState: More than one power state change request encountered within the same simulation tick
warn: PowerState: More than one power state change request encountered within the same simulation tick
warn: PowerState: More than one power state change request encountered within the same simulation tick
warn: PowerState: More than one power state change request encountered within the same simulation tick
warn: PowerState: More than one power state change request encountered within the same simulation tick
warn: PowerState: More than one power state change request encountered within the same simulation tick
warn: PowerState: More than one power state change request encountered within the same simulation tick
warn: PowerState: More than one power state change request encountered within the same simulation tick
warn: PowerState: More than one power state change request encountered within the same simulation tick
warn: PowerState: More than one power state change request encountered within the same simulation tick
warn: PowerState: More than one power state change request encountered within the same simulation tick
warn: PowerState: More than one power state change request encountered within the same simulation tick
warn: PowerState: More than one power state change request encountered within the same simulation tick
warn: PowerState: More than one power state change request encountered within the same simulation tick
warn: PowerState: More than one power state change request encountered within the same simulation tick
warn: PowerState: More than one power state change request encountered within the same simulation tick
warn: PowerState: More than one power state change request encountered within the same simulation tick
warn: PowerState: More than one power state change request encountered within the same simulation tick
warn: PowerState: More than one power state change request encountered within the same simulation tick
warn: PowerState: More than one power state change request encountered within the same simulation tick
warn: PowerState: More than one power state change request encountered within the same simulation tick
warn: PowerState: More than one power state change request encountered within the same simulation tick
warn: PowerState: More than one power state change request encountered within the same simulation tick
warn: PowerState: More than one power state change request encountered within the same simulation tick
warn: PowerState: More than one power state change request encountered within the same simulation tick
warn: PowerState: More than one power state change request encountered within the same simulation tick
warn: PowerState: More than one power state change request encountered within the same simulation tick
warn: PowerState: More than one power state change request encountered within the same simulation tick
warn: PowerState: More than one power state change request encountered within the same simulation tick
warn: PowerState: More than one power state change request encountered within the same simulation tick
warn: PowerState: More than one power state change request encountered within the same simulation tick
warn: PowerState: More than one power state change request encountered within the same simulation tick
warn: PowerState: More than one power state change request encountered within the same simulation tick
warn: PowerState: More than one power state change request encountered within the same simulation tick
warn: PowerState: More than one power state change request encountered within the same simulation tick
warn: PowerState: More than one power state change request encountered within the same simulation tick
warn: PowerState: More than one power state change request encountered within the same simulation tick
warn: PowerState: More than one power state change request encountered within the same simulation tick
warn: PowerState: More than one power state change request encountered within the same simulation tick
warn: PowerState: More than one power state change request encountered within the same simulation tick
warn: PowerState: More than one power state change request encountered within the same simulation tick
warn: PowerState: More than one power state change request encountered within the same simulation tick
warn: PowerState: More than one power state change request encountered within the same simulation tick
warn: PowerState: More than one power state change request encountered within the same simulation tick
warn: PowerState: More than one power state change request encountered within the same simulation tick
warn: PowerState: More than one power state change request encountered within the same simulation tick
warn: PowerState: More than one power state change request encountered within the same simulation tick
warn: PowerState: More than one power state change request encountered within the same simulation tick
warn: PowerState: More than one power state change request encountered within the same simulation tick
warn: PowerState: More than one power state change request encountered within the same simulation tick
warn: PowerState: More than one power state change request encountered within the same simulation tick
warn: PowerState: More than one power state change request encountered within the same simulation tick
warn: PowerState: More than one power state change request encountered within the same simulation tick
warn: PowerState: More than one power state change request encountered within the same simulation tick
warn: PowerState: More than one power state change request encountered within the same simulation tick
warn: PowerState: More than one power state change request encountered within the same simulation tick
warn: PowerState: More than one power state change request encountered within the same simulation tick
warn: PowerState: More than one power state change request encountered within the same simulation tick
warn: PowerState: More than one power state change request encountered within the same simulation tick
warn: PowerState: More than one power state change request encountered within the same simulation tick
warn: PowerState: More than one power state change request encountered within the same simulation tick
warn: PowerState: More than one power state change request encountered within the same simulation tick
warn: PowerState: More than one power state change request encountered within the same simulation tick
warn: PowerState: More than one power state change request encountered within the same simulation tick
warn: PowerState: More than one power state change request encountered within the same simulation tick
warn: PowerState: More than one power state change request encountered within the same simulation tick
warn: PowerState: More than one power state change request encountered within the same simulation tick
warn: PowerState: More than one power state change request encountered within the same simulation tick
warn: PowerState: More than one power state change request encountered within the same simulation tick
warn: PowerState: More than one power state change request encountered within the same simulation tick
warn: PowerState: More than one power state change request encountered within the same simulation tick
warn: PowerState: More than one power state change request encountered within the same simulation tick
warn: PowerState: More than one power state change request encountered within the same simulation tick
warn: PowerState: More than one power state change request encountered within the same simulation tick
warn: PowerState: More than one power state change request encountered within the same simulation tick
warn: PowerState: More than one power state change request encountered within the same simulation tick
warn: PowerState: More than one power state change request encountered within the same simulation tick
warn: PowerState: More than one power state change request encountered within the same simulation tick
warn: PowerState: More than one power state change request encountered within the same simulation tick
warn: PowerState: More than one power state change request encountered within the same simulation tick
warn: PowerState: More than one power state change request encountered within the same simulation tick
warn: PowerState: More than one power state change request encountered within the same simulation tick
warn: PowerState: More than one power state change request encountered within the same simulation tick
warn: PowerState: More than one power state change request encountered within the same simulation tick
warn: PowerState: More than one power state change request encountered within the same simulation tick
warn: PowerState: More than one power state change request encountered within the same simulation tick
warn: PowerState: More than one power state change request encountered within the same simulation tick
warn: PowerState: More than one power state change request encountered within the same simulation tick
warn: PowerState: More than one power state change request encountered within the same simulation tick
warn: PowerState: More than one power state change request encountered within the same simulation tick
warn: PowerState: More than one power state change request encountered within the same simulation tick
warn: PowerState: More than one power state change request encountered within the same simulation tick
warn: PowerState: More than one power state change request encountered within the same simulation tick
warn: PowerState: More than one power state change request encountered within the same simulation tick
warn: PowerState: More than one power state change request encountered within the same simulation tick
warn: PowerState: More than one power state change request encountered within the same simulation tick
warn: PowerState: More than one power state change request encountered within the same simulation tick
warn: PowerState: More than one power state change request encountered within the same simulation tick
warn: PowerState: More than one power state change request encountered within the same simulation tick
warn: PowerState: More than one power state change request encountered within the same simulation tick
warn: PowerState: More than one power state change request encountered within the same simulation tick
warn: PowerState: More than one power state change request encountered within the same simulation tick
warn: PowerState: More than one power state change request encountered within the same simulation tick
warn: PowerState: More than one power state change request encountered within the same simulation tick
warn: PowerState: More than one power state change request encountered within the same simulation tick
warn: PowerState: More than one power state change request encountered within the same simulation tick
warn: PowerState: More than one power state change request encountered within the same simulation tick
warn: PowerState: More than one power state change request encountered within the same simulation tick
warn: PowerState: More than one power state change request encountered within the same simulation tick
warn: PowerState: More than one power state change request encountered within the same simulation tick
warn: PowerState: More than one power state change request encountered within the same simulation tick
warn: PowerState: More than one power state change request encountered within the same simulation tick
warn: PowerState: More than one power state change request encountered within the same simulation tick
warn: PowerState: More than one power state change request encountered within the same simulation tick
warn: PowerState: More than one power state change request encountered within the same simulation tick
warn: PowerState: More than one power state change request encountered within the same simulation tick
warn: PowerState: More than one power state change request encountered within the same simulation tick
warn: PowerState: More than one power state change request encountered within the same simulation tick
warn: PowerState: More than one power state change request encountered within the same simulation tick
warn: PowerState: More than one power state change request encountered within the same simulation tick
warn: PowerState: More than one power state change request encountered within the same simulation tick
warn: PowerState: More than one power state change request encountered within the same simulation tick
warn: PowerState: More than one power state change request encountered within the same simulation tick
warn: PowerState: More than one power state change request encountered within the same simulation tick
warn: PowerState: More than one power state change request encountered within the same simulation tick
warn: PowerState: More than one power state change request encountered within the same simulation tick
warn: PowerState: More than one power state change request encountered within the same simulation tick
warn: PowerState: More than one power state change request encountered within the same simulation tick
warn: PowerState: More than one power state change request encountered within the same simulation tick
warn: PowerState: More than one power state change request encountered within the same simulation tick
warn: PowerState: More than one power state change request encountered within the same simulation tick
warn: PowerState: More than one power state change request encountered within the same simulation tick
warn: PowerState: More than one power state change request encountered within the same simulation tick
warn: PowerState: More than one power state change request encountered within the same simulation tick
warn: PowerState: More than one power state change request encountered within the same simulation tick
warn: PowerState: More than one power state change request encountered within the same simulation tick
warn: PowerState: More than one power state change request encountered within the same simulation tick
warn: PowerState: More than one power state change request encountered within the same simulation tick
warn: PowerState: More than one power state change request encountered within the same simulation tick
warn: PowerState: More than one power state change request encountered within the same simulation tick
warn: PowerState: More than one power state change request encountered within the same simulation tick
warn: PowerState: More than one power state change request encountered within the same simulation tick
warn: PowerState: More than one power state change request encountered within the same simulation tick
warn: PowerState: More than one power state change request encountered within the same simulation tick
warn: PowerState: More than one power state change request encountered within the same simulation tick
warn: PowerState: More than one power state change request encountered within the same simulation tick
warn: PowerState: More than one power state change request encountered within the same simulation tick
warn: PowerState: More than one power state change request encountered within the same simulation tick
warn: PowerState: More than one power state change request encountered within the same simulation tick
warn: PowerState: More than one power state change request encountered within the same simulation tick
warn: PowerState: More than one power state change request encountered within the same simulation tick
warn: PowerState: More than one power state change request encountered within the same simulation tick
warn: PowerState: More than one power state change request encountered within the same simulation tick
warn: PowerState: More than one power state change request encountered within the same simulation tick
warn: PowerState: More than one power state change request encountered within the same simulation tick
warn: PowerState: More than one power state change request encountered within the same simulation tick
warn: PowerState: More than one power state change request encountered within the same simulation tick
warn: PowerState: More than one power state change request encountered within the same simulation tick
warn: PowerState: More than one power state change request encountered within the same simulation tick
warn: PowerState: More than one power state change request encountered within the same simulation tick
warn: PowerState: More than one power state change request encountered within the same simulation tick
warn: PowerState: More than one power state change request encountered within the same simulation tick
warn: PowerState: More than one power state change request encountered within the same simulation tick
warn: PowerState: More than one power state change request encountered within the same simulation tick
warn: PowerState: More than one power state change request encountered within the same simulation tick
warn: PowerState: More than one power state change request encountered within the same simulation tick
warn: PowerState: More than one power state change request encountered within the same simulation tick
warn: PowerState: More than one power state change request encountered within the same simulation tick
warn: PowerState: More than one power state change request encountered within the same simulation tick
warn: PowerState: More than one power state change request encountered within the same simulation tick
warn: PowerState: More than one power state change request encountered within the same simulation tick
warn: PowerState: More than one power state change request encountered within the same simulation tick
warn: PowerState: More than one power state change request encountered within the same simulation tick
warn: PowerState: More than one power state change request encountered within the same simulation tick
warn: PowerState: More than one power state change request encountered within the same simulation tick
warn: PowerState: More than one power state change request encountered within the same simulation tick
warn: PowerState: More than one power state change request encountered within the same simulation tick
warn: PowerState: More than one power state change request encountered within the same simulation tick
warn: PowerState: More than one power state change request encountered within the same simulation tick
warn: PowerState: More than one power state change request encountered within the same simulation tick
warn: PowerState: More than one power state change request encountered within the same simulation tick
warn: PowerState: More than one power state change request encountered within the same simulation tick
warn: PowerState: More than one power state change request encountered within the same simulation tick
warn: PowerState: More than one power state change request encountered within the same simulation tick
warn: PowerState: More than one power state change request encountered within the same simulation tick
warn: PowerState: More than one power state change request encountered within the same simulation tick
warn: PowerState: More than one power state change request encountered within the same simulation tick
warn: PowerState: More than one power state change request encountered within the same simulation tick
warn: PowerState: More than one power state change request encountered within the same simulation tick
warn: PowerState: More than one power state change request encountered within the same simulation tick
warn: PowerState: More than one power state change request encountered within the same simulation tick
warn: PowerState: More than one power state change request encountered within the same simulation tick
warn: PowerState: More than one power state change request encountered within the same simulation tick
warn: PowerState: More than one power state change request encountered within the same simulation tick
warn: PowerState: More than one power state change request encountered within the same simulation tick
warn: PowerState: More than one power state change request encountered within the same simulation tick
warn: PowerState: More than one power state change request encountered within the same simulation tick
warn: PowerState: More than one power state change request encountered within the same simulation tick
warn: PowerState: More than one power state change request encountered within the same simulation tick
warn: PowerState: More than one power state change request encountered within the same simulation tick
warn: PowerState: More than one power state change request encountered within the same simulation tick
warn: PowerState: More than one power state change request encountered within the same simulation tick
warn: PowerState: More than one power state change request encountered within the same simulation tick
warn: PowerState: More than one power state change request encountered within the same simulation tick
warn: PowerState: More than one power state change request encountered within the same simulation tick
warn: PowerState: More than one power state change request encountered within the same simulation tick
warn: PowerState: More than one power state change request encountered within the same simulation tick
warn: PowerState: More than one power state change request encountered within the same simulation tick
warn: PowerState: More than one power state change request encountered within the same simulation tick
warn: PowerState: More than one power state change request encountered within the same simulation tick
warn: PowerState: More than one power state change request encountered within the same simulation tick
warn: PowerState: More than one power state change request encountered within the same simulation tick
warn: PowerState: More than one power state change request encountered within the same simulation tick
warn: PowerState: More than one power state change request encountered within the same simulation tick
warn: PowerState: More than one power state change request encountered within the same simulation tick
warn: PowerState: More than one power state change request encountered within the same simulation tick
warn: PowerState: More than one power state change request encountered within the same simulation tick
warn: PowerState: More than one power state change request encountered within the same simulation tick
warn: PowerState: More than one power state change request encountered within the same simulation tick
warn: PowerState: More than one power state change request encountered within the same simulation tick
warn: PowerState: More than one power state change request encountered within the same simulation tick
warn: PowerState: More than one power state change request encountered within the same simulation tick
warn: PowerState: More than one power state change request encountered within the same simulation tick
warn: PowerState: More than one power state change request encountered within the same simulation tick
warn: PowerState: More than one power state change request encountered within the same simulation tick
warn: PowerState: More than one power state change request encountered within the same simulation tick
warn: PowerState: More than one power state change request encountered within the same simulation tick
warn: PowerState: More than one power state change request encountered within the same simulation tick
warn: PowerState: More than one power state change request encountered within the same simulation tick
warn: PowerState: More than one power state change request encountered within the same simulation tick
warn: PowerState: More than one power state change request encountered within the same simulation tick
warn: PowerState: More than one power state change request encountered within the same simulation tick
warn: PowerState: More than one power state change request encountered within the same simulation tick
warn: PowerState: More than one power state change request encountered within the same simulation tick
warn: PowerState: More than one power state change request encountered within the same simulation tick
warn: PowerState: More than one power state change request encountered within the same simulation tick
warn: PowerState: More than one power state change request encountered within the same simulation tick
warn: PowerState: More than one power state change request encountered within the same simulation tick
warn: PowerState: More than one power state change request encountered within the same simulation tick
warn: PowerState: More than one power state change request encountered within the same simulation tick
warn: PowerState: More than one power state change request encountered within the same simulation tick
warn: PowerState: More than one power state change request encountered within the same simulation tick
warn: PowerState: More than one power state change request encountered within the same simulation tick
warn: PowerState: More than one power state change request encountered within the same simulation tick
warn: PowerState: More than one power state change request encountered within the same simulation tick
warn: PowerState: More than one power state change request encountered within the same simulation tick
warn: PowerState: More than one power state change request encountered within the same simulation tick
warn: PowerState: More than one power state change request encountered within the same simulation tick
warn: PowerState: More than one power state change request encountered within the same simulation tick
warn: PowerState: More than one power state change request encountered within the same simulation tick
warn: PowerState: More than one power state change request encountered within the same simulation tick
warn: PowerState: More than one power state change request encountered within the same simulation tick
warn: PowerState: More than one power state change request encountered within the same simulation tick
warn: PowerState: More than one power state change request encountered within the same simulation tick
warn: PowerState: More than one power state change request encountered within the same simulation tick
warn: PowerState: More than one power state change request encountered within the same simulation tick
warn: PowerState: More than one power state change request encountered within the same simulation tick
warn: PowerState: More than one power state change request encountered within the same simulation tick
warn: PowerState: More than one power state change request encountered within the same simulation tick
warn: PowerState: More than one power state change request encountered within the same simulation tick
warn: PowerState: More than one power state change request encountered within the same simulation tick
warn: PowerState: More than one power state change request encountered within the same simulation tick
warn: PowerState: More than one power state change request encountered within the same simulation tick
warn: PowerState: More than one power state change request encountered within the same simulation tick
warn: PowerState: More than one power state change request encountered within the same simulation tick
warn: PowerState: More than one power state change request encountered within the same simulation tick
warn: PowerState: More than one power state change request encountered within the same simulation tick
warn: PowerState: More than one power state change request encountered within the same simulation tick
warn: PowerState: More than one power state change request encountered within the same simulation tick
warn: PowerState: More than one power state change request encountered within the same simulation tick
warn: PowerState: More than one power state change request encountered within the same simulation tick
warn: PowerState: More than one power state change request encountered within the same simulation tick
warn: PowerState: More than one power state change request encountered within the same simulation tick
warn: PowerState: More than one power state change request encountered within the same simulation tick
warn: PowerState: More than one power state change request encountered within the same simulation tick
warn: PowerState: More than one power state change request encountered within the same simulation tick
warn: PowerState: More than one power state change request encountered within the same simulation tick
warn: PowerState: More than one power state change request encountered within the same simulation tick
warn: PowerState: More than one power state change request encountered within the same simulation tick
warn: PowerState: More than one power state change request encountered within the same simulation tick
warn: PowerState: More than one power state change request encountered within the same simulation tick
warn: PowerState: More than one power state change request encountered within the same simulation tick
warn: PowerState: More than one power state change request encountered within the same simulation tick
warn: PowerState: More than one power state change request encountered within the same simulation tick
warn: PowerState: More than one power state change request encountered within the same simulation tick
warn: PowerState: More than one power state change request encountered within the same simulation tick
warn: PowerState: More than one power state change request encountered within the same simulation tick
warn: PowerState: More than one power state change request encountered within the same simulation tick
warn: PowerState: More than one power state change request encountered within the same simulation tick
warn: PowerState: More than one power state change request encountered within the same simulation tick
warn: PowerState: More than one power state change request encountered within the same simulation tick
warn: PowerState: More than one power state change request encountered within the same simulation tick
warn: PowerState: More than one power state change request encountered within the same simulation tick
warn: PowerState: More than one power state change request encountered within the same simulation tick
warn: PowerState: More than one power state change request encountered within the same simulation tick
warn: PowerState: More than one power state change request encountered within the same simulation tick
warn: PowerState: More than one power state change request encountered within the same simulation tick
warn: PowerState: More than one power state change request encountered within the same simulation tick
warn: PowerState: More than one power state change request encountered within the same simulation tick
warn: PowerState: More than one power state change request encountered within the same simulation tick
warn: PowerState: More than one power state change request encountered within the same simulation tick
warn: PowerState: More than one power state change request encountered within the same simulation tick
warn: PowerState: More than one power state change request encountered within the same simulation tick
warn: PowerState: More than one power state change request encountered within the same simulation tick
warn: PowerState: More than one power state change request encountered within the same simulation tick
warn: PowerState: More than one power state change request encountered within the same simulation tick
warn: PowerState: More than one power state change request encountered within the same simulation tick
warn: PowerState: More than one power state change request encountered within the same simulation tick
warn: PowerState: More than one power state change request encountered within the same simulation tick
warn: PowerState: More than one power state change request encountered within the same simulation tick
warn: PowerState: More than one power state change request encountered within the same simulation tick
warn: PowerState: More than one power state change request encountered within the same simulation tick
warn: PowerState: More than one power state change request encountered within the same simulation tick
warn: PowerState: More than one power state change request encountered within the same simulation tick
warn: PowerState: More than one power state change request encountered within the same simulation tick
warn: PowerState: More than one power state change request encountered within the same simulation tick
warn: PowerState: More than one power state change request encountered within the same simulation tick
warn: PowerState: More than one power state change request encountered within the same simulation tick
warn: PowerState: More than one power state change request encountered within the same simulation tick
warn: PowerState: More than one power state change request encountered within the same simulation tick
warn: PowerState: More than one power state change request encountered within the same simulation tick
warn: PowerState: More than one power state change request encountered within the same simulation tick
warn: PowerState: More than one power state change request encountered within the same simulation tick
warn: PowerState: More than one power state change request encountered within the same simulation tick
warn: PowerState: More than one power state change request encountered within the same simulation tick
warn: PowerState: More than one power state change request encountered within the same simulation tick
warn: PowerState: More than one power state change request encountered within the same simulation tick
warn: PowerState: More than one power state change request encountered within the same simulation tick
warn: PowerState: More than one power state change request encountered within the same simulation tick
warn: PowerState: More than one power state change request encountered within the same simulation tick
warn: PowerState: More than one power state change request encountered within the same simulation tick
warn: PowerState: More than one power state change request encountered within the same simulation tick
warn: PowerState: More than one power state change request encountered within the same simulation tick
warn: PowerState: More than one power state change request encountered within the same simulation tick
warn: PowerState: More than one power state change request encountered within the same simulation tick
warn: PowerState: More than one power state change request encountered within the same simulation tick
warn: PowerState: More than one power state change request encountered within the same simulation tick
warn: PowerState: More than one power state change request encountered within the same simulation tick
warn: PowerState: More than one power state change request encountered within the same simulation tick
warn: PowerState: More than one power state change request encountered within the same simulation tick
warn: PowerState: More than one power state change request encountered within the same simulation tick
warn: PowerState: More than one power state change request encountered within the same simulation tick
warn: PowerState: More than one power state change request encountered within the same simulation tick
warn: PowerState: More than one power state change request encountered within the same simulation tick
warn: PowerState: More than one power state change request encountered within the same simulation tick
warn: PowerState: More than one power state change request encountered within the same simulation tick
warn: PowerState: More than one power state change request encountered within the same simulation tick
warn: PowerState: More than one power state change request encountered within the same simulation tick
warn: PowerState: More than one power state change request encountered within the same simulation tick
warn: PowerState: More than one power state change request encountered within the same simulation tick
warn: PowerState: More than one power state change request encountered within the same simulation tick
warn: PowerState: More than one power state change request encountered within the same simulation tick
warn: PowerState: More than one power state change request encountered within the same simulation tick
warn: PowerState: More than one power state change request encountered within the same simulation tick
warn: PowerState: More than one power state change request encountered within the same simulation tick
warn: PowerState: More than one power state change request encountered within the same simulation tick
warn: PowerState: More than one power state change request encountered within the same simulation tick
warn: PowerState: More than one power state change request encountered within the same simulation tick
warn: PowerState: More than one power state change request encountered within the same simulation tick
warn: PowerState: More than one power state change request encountered within the same simulation tick
warn: PowerState: More than one power state change request encountered within the same simulation tick
warn: PowerState: More than one power state change request encountered within the same simulation tick
warn: PowerState: More than one power state change request encountered within the same simulation tick
warn: PowerState: More than one power state change request encountered within the same simulation tick
warn: PowerState: More than one power state change request encountered within the same simulation tick
warn: PowerState: More than one power state change request encountered within the same simulation tick
warn: PowerState: More than one power state change request encountered within the same simulation tick
warn: PowerState: More than one power state change request encountered within the same simulation tick
warn: PowerState: More than one power state change request encountered within the same simulation tick
warn: PowerState: More than one power state change request encountered within the same simulation tick
warn: PowerState: More than one power state change request encountered within the same simulation tick
warn: PowerState: More than one power state change request encountered within the same simulation tick
warn: PowerState: More than one power state change request encountered within the same simulation tick
warn: PowerState: More than one power state change request encountered within the same simulation tick
warn: PowerState: More than one power state change request encountered within the same simulation tick
warn: PowerState: More than one power state change request encountered within the same simulation tick
warn: PowerState: More than one power state change request encountered within the same simulation tick
warn: PowerState: More than one power state change request encountered within the same simulation tick
warn: PowerState: More than one power state change request encountered within the same simulation tick
warn: PowerState: More than one power state change request encountered within the same simulation tick
warn: PowerState: More than one power state change request encountered within the same simulation tick
warn: PowerState: More than one power state change request encountered within the same simulation tick
warn: PowerState: More than one power state change request encountered within the same simulation tick
warn: PowerState: More than one power state change request encountered within the same simulation tick
warn: PowerState: More than one power state change request encountered within the same simulation tick
warn: PowerState: More than one power state change request encountered within the same simulation tick
warn: PowerState: More than one power state change request encountered within the same simulation tick
warn: PowerState: More than one power state change request encountered within the same simulation tick
warn: PowerState: More than one power state change request encountered within the same simulation tick
warn: PowerState: More than one power state change request encountered within the same simulation tick
warn: PowerState: More than one power state change request encountered within the same simulation tick
warn: PowerState: More than one power state change request encountered within the same simulation tick
warn: PowerState: More than one power state change request encountered within the same simulation tick
warn: PowerState: More than one power state change request encountered within the same simulation tick
warn: PowerState: More than one power state change request encountered within the same simulation tick
warn: PowerState: More than one power state change request encountered within the same simulation tick
warn: PowerState: More than one power state change request encountered within the same simulation tick
warn: PowerState: More than one power state change request encountered within the same simulation tick
warn: PowerState: More than one power state change request encountered within the same simulation tick
warn: PowerState: More than one power state change request encountered within the same simulation tick
warn: PowerState: More than one power state change request encountered within the same simulation tick
warn: PowerState: More than one power state change request encountered within the same simulation tick
warn: PowerState: More than one power state change request encountered within the same simulation tick
warn: PowerState: More than one power state change request encountered within the same simulation tick
warn: PowerState: More than one power state change request encountered within the same simulation tick
warn: PowerState: More than one power state change request encountered within the same simulation tick
warn: PowerState: More than one power state change request encountered within the same simulation tick
warn: PowerState: More than one power state change request encountered within the same simulation tick
warn: PowerState: More than one power state change request encountered within the same simulation tick
warn: PowerState: More than one power state change request encountered within the same simulation tick
warn: PowerState: More than one power state change request encountered within the same simulation tick
warn: PowerState: More than one power state change request encountered within the same simulation tick
warn: PowerState: More than one power state change request encountered within the same simulation tick
warn: PowerState: More than one power state change request encountered within the same simulation tick
warn: PowerState: More than one power state change request encountered within the same simulation tick
warn: PowerState: More than one power state change request encountered within the same simulation tick
warn: PowerState: More than one power state change request encountered within the same simulation tick
warn: PowerState: More than one power state change request encountered within the same simulation tick
warn: PowerState: More than one power state change request encountered within the same simulation tick
warn: PowerState: More than one power state change request encountered within the same simulation tick
warn: PowerState: More than one power state change request encountered within the same simulation tick
warn: PowerState: More than one power state change request encountered within the same simulation tick
warn: PowerState: More than one power state change request encountered within the same simulation tick
warn: PowerState: More than one power state change request encountered within the same simulation tick
warn: PowerState: More than one power state change request encountered within the same simulation tick
warn: PowerState: More than one power state change request encountered within the same simulation tick
warn: PowerState: More than one power state change request encountered within the same simulation tick
warn: PowerState: More than one power state change request encountered within the same simulation tick
warn: PowerState: More than one power state change request encountered within the same simulation tick
warn: PowerState: More than one power state change request encountered within the same simulation tick
warn: PowerState: More than one power state change request encountered within the same simulation tick
warn: PowerState: More than one power state change request encountered within the same simulation tick
warn: PowerState: More than one power state change request encountered within the same simulation tick
warn: PowerState: More than one power state change request encountered within the same simulation tick
warn: PowerState: More than one power state change request encountered within the same simulation tick
warn: PowerState: More than one power state change request encountered within the same simulation tick
warn: PowerState: More than one power state change request encountered within the same simulation tick
warn: PowerState: More than one power state change request encountered within the same simulation tick
warn: PowerState: More than one power state change request encountered within the same simulation tick
warn: PowerState: More than one power state change request encountered within the same simulation tick
warn: PowerState: More than one power state change request encountered within the same simulation tick
warn: PowerState: More than one power state change request encountered within the same simulation tick
warn: PowerState: More than one power state change request encountered within the same simulation tick
warn: PowerState: More than one power state change request encountered within the same simulation tick
warn: PowerState: More than one power state change request encountered within the same simulation tick
warn: PowerState: More than one power state change request encountered within the same simulation tick
warn: PowerState: More than one power state change request encountered within the same simulation tick
warn: PowerState: More than one power state change request encountered within the same simulation tick
warn: PowerState: More than one power state change request encountered within the same simulation tick
warn: PowerState: More than one power state change request encountered within the same simulation tick
warn: PowerState: More than one power state change request encountered within the same simulation tick
warn: PowerState: More than one power state change request encountered within the same simulation tick
warn: PowerState: More than one power state change request encountered within the same simulation tick
warn: PowerState: More than one power state change request encountered within the same simulation tick
warn: PowerState: More than one power state change request encountered within the same simulation tick
warn: PowerState: More than one power state change request encountered within the same simulation tick
warn: PowerState: More than one power state change request encountered within the same simulation tick
warn: PowerState: More than one power state change request encountered within the same simulation tick
warn: PowerState: More than one power state change request encountered within the same simulation tick
warn: PowerState: More than one power state change request encountered within the same simulation tick
warn: PowerState: More than one power state change request encountered within the same simulation tick
warn: PowerState: More than one power state change request encountered within the same simulation tick
warn: PowerState: More than one power state change request encountered within the same simulation tick
warn: PowerState: More than one power state change request encountered within the same simulation tick
warn: PowerState: More than one power state change request encountered within the same simulation tick
warn: PowerState: More than one power state change request encountered within the same simulation tick
warn: PowerState: More than one power state change request encountered within the same simulation tick
warn: PowerState: More than one power state change request encountered within the same simulation tick
warn: PowerState: More than one power state change request encountered within the same simulation tick
warn: PowerState: More than one power state change request encountered within the same simulation tick
warn: PowerState: More than one power state change request encountered within the same simulation tick
warn: PowerState: More than one power state change request encountered within the same simulation tick
warn: PowerState: More than one power state change request encountered within the same simulation tick
warn: PowerState: More than one power state change request encountered within the same simulation tick
warn: PowerState: More than one power state change request encountered within the same simulation tick
warn: PowerState: More than one power state change request encountered within the same simulation tick
warn: PowerState: More than one power state change request encountered within the same simulation tick
warn: PowerState: More than one power state change request encountered within the same simulation tick
warn: PowerState: More than one power state change request encountered within the same simulation tick
warn: PowerState: More than one power state change request encountered within the same simulation tick
warn: PowerState: More than one power state change request encountered within the same simulation tick
warn: PowerState: More than one power state change request encountered within the same simulation tick
warn: PowerState: More than one power state change request encountered within the same simulation tick
warn: PowerState: More than one power state change request encountered within the same simulation tick
warn: PowerState: More than one power state change request encountered within the same simulation tick
warn: PowerState: More than one power state change request encountered within the same simulation tick
warn: PowerState: More than one power state change request encountered within the same simulation tick
warn: PowerState: More than one power state change request encountered within the same simulation tick
warn: PowerState: More than one power state change request encountered within the same simulation tick
warn: PowerState: More than one power state change request encountered within the same simulation tick
warn: PowerState: More than one power state change request encountered within the same simulation tick
warn: PowerState: More than one power state change request encountered within the same simulation tick
warn: PowerState: More than one power state change request encountered within the same simulation tick
warn: PowerState: More than one power state change request encountered within the same simulation tick
warn: PowerState: More than one power state change request encountered within the same simulation tick
warn: PowerState: More than one power state change request encountered within the same simulation tick
warn: PowerState: More than one power state change request encountered within the same simulation tick
warn: PowerState: More than one power state change request encountered within the same simulation tick
warn: PowerState: More than one power state change request encountered within the same simulation tick
warn: PowerState: More than one power state change request encountered within the same simulation tick
warn: PowerState: More than one power state change request encountered within the same simulation tick
warn: PowerState: More than one power state change request encountered within the same simulation tick
warn: PowerState: More than one power state change request encountered within the same simulation tick
warn: PowerState: More than one power state change request encountered within the same simulation tick
warn: PowerState: More than one power state change request encountered within the same simulation tick
warn: PowerState: More than one power state change request encountered within the same simulation tick
warn: PowerState: More than one power state change request encountered within the same simulation tick
warn: PowerState: More than one power state change request encountered within the same simulation tick
warn: PowerState: More than one power state change request encountered within the same simulation tick
warn: PowerState: More than one power state change request encountered within the same simulation tick
warn: PowerState: More than one power state change request encountered within the same simulation tick
warn: PowerState: More than one power state change request encountered within the same simulation tick
warn: PowerState: More than one power state change request encountered within the same simulation tick
warn: PowerState: More than one power state change request encountered within the same simulation tick
warn: PowerState: More than one power state change request encountered within the same simulation tick
warn: PowerState: More than one power state change request encountered within the same simulation tick
warn: PowerState: More than one power state change request encountered within the same simulation tick
warn: PowerState: More than one power state change request encountered within the same simulation tick
warn: PowerState: More than one power state change request encountered within the same simulation tick
warn: PowerState: More than one power state change request encountered within the same simulation tick
warn: PowerState: More than one power state change request encountered within the same simulation tick
warn: PowerState: More than one power state change request encountered within the same simulation tick
warn: PowerState: More than one power state change request encountered within the same simulation tick
warn: PowerState: More than one power state change request encountered within the same simulation tick
warn: PowerState: More than one power state change request encountered within the same simulation tick
warn: PowerState: More than one power state change request encountered within the same simulation tick
warn: PowerState: More than one power state change request encountered within the same simulation tick
warn: PowerState: More than one power state change request encountered within the same simulation tick
warn: PowerState: More than one power state change request encountered within the same simulation tick
warn: PowerState: More than one power state change request encountered within the same simulation tick
warn: PowerState: More than one power state change request encountered within the same simulation tick
warn: PowerState: More than one power state change request encountered within the same simulation tick
warn: PowerState: More than one power state change request encountered within the same simulation tick
warn: PowerState: More than one power state change request encountered within the same simulation tick
warn: PowerState: More than one power state change request encountered within the same simulation tick
warn: PowerState: More than one power state change request encountered within the same simulation tick
warn: PowerState: More than one power state change request encountered within the same simulation tick
warn: PowerState: More than one power state change request encountered within the same simulation tick
warn: PowerState: More than one power state change request encountered within the same simulation tick
warn: PowerState: More than one power state change request encountered within the same simulation tick
warn: PowerState: More than one power state change request encountered within the same simulation tick
warn: PowerState: More than one power state change request encountered within the same simulation tick
warn: PowerState: More than one power state change request encountered within the same simulation tick
warn: PowerState: More than one power state change request encountered within the same simulation tick
warn: PowerState: More than one power state change request encountered within the same simulation tick
warn: PowerState: More than one power state change request encountered within the same simulation tick
warn: PowerState: More than one power state change request encountered within the same simulation tick
warn: PowerState: More than one power state change request encountered within the same simulation tick
warn: PowerState: More than one power state change request encountered within the same simulation tick
warn: PowerState: More than one power state change request encountered within the same simulation tick
warn: PowerState: More than one power state change request encountered within the same simulation tick
warn: PowerState: More than one power state change request encountered within the same simulation tick
warn: PowerState: More than one power state change request encountered within the same simulation tick
warn: PowerState: More than one power state change request encountered within the same simulation tick
warn: PowerState: More than one power state change request encountered within the same simulation tick
warn: PowerState: More than one power state change request encountered within the same simulation tick
warn: PowerState: More than one power state change request encountered within the same simulation tick
warn: PowerState: More than one power state change request encountered within the same simulation tick
warn: PowerState: More than one power state change request encountered within the same simulation tick
warn: PowerState: More than one power state change request encountered within the same simulation tick
warn: PowerState: More than one power state change request encountered within the same simulation tick
warn: PowerState: More than one power state change request encountered within the same simulation tick
warn: PowerState: More than one power state change request encountered within the same simulation tick
warn: PowerState: More than one power state change request encountered within the same simulation tick
warn: PowerState: More than one power state change request encountered within the same simulation tick
warn: PowerState: More than one power state change request encountered within the same simulation tick
warn: PowerState: More than one power state change request encountered within the same simulation tick
warn: PowerState: More than one power state change request encountered within the same simulation tick
warn: PowerState: More than one power state change request encountered within the same simulation tick
warn: PowerState: More than one power state change request encountered within the same simulation tick
warn: PowerState: More than one power state change request encountered within the same simulation tick
warn: PowerState: More than one power state change request encountered within the same simulation tick
warn: PowerState: More than one power state change request encountered within the same simulation tick
warn: PowerState: More than one power state change request encountered within the same simulation tick
warn: PowerState: More than one power state change request encountered within the same simulation tick
warn: PowerState: More than one power state change request encountered within the same simulation tick
warn: PowerState: More than one power state change request encountered within the same simulation tick
warn: PowerState: More than one power state change request encountered within the same simulation tick
warn: PowerState: More than one power state change request encountered within the same simulation tick
warn: PowerState: More than one power state change request encountered within the same simulation tick
warn: PowerState: More than one power state change request encountered within the same simulation tick
warn: PowerState: More than one power state change request encountered within the same simulation tick
warn: PowerState: More than one power state change request encountered within the same simulation tick
warn: PowerState: More than one power state change request encountered within the same simulation tick
warn: PowerState: More than one power state change request encountered within the same simulation tick
warn: PowerState: More than one power state change request encountered within the same simulation tick
warn: PowerState: More than one power state change request encountered within the same simulation tick
warn: PowerState: More than one power state change request encountered within the same simulation tick
warn: PowerState: More than one power state change request encountered within the same simulation tick
warn: PowerState: More than one power state change request encountered within the same simulation tick
warn: PowerState: More than one power state change request encountered within the same simulation tick
warn: PowerState: More than one power state change request encountered within the same simulation tick
warn: PowerState: More than one power state change request encountered within the same simulation tick
warn: PowerState: More than one power state change request encountered within the same simulation tick
warn: PowerState: More than one power state change request encountered within the same simulation tick
warn: PowerState: More than one power state change request encountered within the same simulation tick
warn: PowerState: More than one power state change request encountered within the same simulation tick
warn: PowerState: More than one power state change request encountered within the same simulation tick
warn: PowerState: More than one power state change request encountered within the same simulation tick
warn: PowerState: More than one power state change request encountered within the same simulation tick
warn: PowerState: More than one power state change request encountered within the same simulation tick
warn: PowerState: More than one power state change request encountered within the same simulation tick
warn: PowerState: More than one power state change request encountered within the same simulation tick
warn: PowerState: More than one power state change request encountered within the same simulation tick
warn: PowerState: More than one power state change request encountered within the same simulation tick
warn: PowerState: More than one power state change request encountered within the same simulation tick
warn: PowerState: More than one power state change request encountered within the same simulation tick
warn: PowerState: More than one power state change request encountered within the same simulation tick
warn: PowerState: More than one power state change request encountered within the same simulation tick
warn: PowerState: More than one power state change request encountered within the same simulation tick
warn: PowerState: More than one power state change request encountered within the same simulation tick
warn: PowerState: More than one power state change request encountered within the same simulation tick
warn: PowerState: More than one power state change request encountered within the same simulation tick
warn: PowerState: More than one power state change request encountered within the same simulation tick
warn: PowerState: More than one power state change request encountered within the same simulation tick
warn: PowerState: More than one power state change request encountered within the same simulation tick
warn: PowerState: More than one power state change request encountered within the same simulation tick
warn: PowerState: More than one power state change request encountered within the same simulation tick
warn: PowerState: More than one power state change request encountered within the same simulation tick
warn: PowerState: More than one power state change request encountered within the same simulation tick
warn: PowerState: More than one power state change request encountered within the same simulation tick
warn: PowerState: More than one power state change request encountered within the same simulation tick
warn: PowerState: More than one power state change request encountered within the same simulation tick
warn: PowerState: More than one power state change request encountered within the same simulation tick
warn: PowerState: More than one power state change request encountered within the same simulation tick
warn: PowerState: More than one power state change request encountered within the same simulation tick
warn: PowerState: More than one power state change request encountered within the same simulation tick
warn: PowerState: More than one power state change request encountered within the same simulation tick
warn: PowerState: More than one power state change request encountered within the same simulation tick
warn: PowerState: More than one power state change request encountered within the same simulation tick
warn: PowerState: More than one power state change request encountered within the same simulation tick
warn: PowerState: More than one power state change request encountered within the same simulation tick
warn: PowerState: More than one power state change request encountered within the same simulation tick
warn: PowerState: More than one power state change request encountered within the same simulation tick
warn: PowerState: More than one power state change request encountered within the same simulation tick
warn: PowerState: More than one power state change request encountered within the same simulation tick
warn: PowerState: More than one power state change request encountered within the same simulation tick
warn: PowerState: More than one power state change request encountered within the same simulation tick
warn: PowerState: More than one power state change request encountered within the same simulation tick
warn: PowerState: More than one power state change request encountered within the same simulation tick
warn: PowerState: More than one power state change request encountered within the same simulation tick
warn: PowerState: More than one power state change request encountered within the same simulation tick
warn: PowerState: More than one power state change request encountered within the same simulation tick
warn: PowerState: More than one power state change request encountered within the same simulation tick
warn: PowerState: More than one power state change request encountered within the same simulation tick
warn: PowerState: More than one power state change request encountered within the same simulation tick
warn: PowerState: More than one power state change request encountered within the same simulation tick
warn: PowerState: More than one power state change request encountered within the same simulation tick
warn: PowerState: More than one power state change request encountered within the same simulation tick
warn: PowerState: More than one power state change request encountered within the same simulation tick
warn: PowerState: More than one power state change request encountered within the same simulation tick
warn: PowerState: More than one power state change request encountered within the same simulation tick
warn: PowerState: More than one power state change request encountered within the same simulation tick
warn: PowerState: More than one power state change request encountered within the same simulation tick
warn: PowerState: More than one power state change request encountered within the same simulation tick
warn: PowerState: More than one power state change request encountered within the same simulation tick
warn: PowerState: More than one power state change request encountered within the same simulation tick
warn: PowerState: More than one power state change request encountered within the same simulation tick
warn: PowerState: More than one power state change request encountered within the same simulation tick
warn: PowerState: More than one power state change request encountered within the same simulation tick
warn: PowerState: More than one power state change request encountered within the same simulation tick
warn: PowerState: More than one power state change request encountered within the same simulation tick
warn: PowerState: More than one power state change request encountered within the same simulation tick
warn: PowerState: More than one power state change request encountered within the same simulation tick
warn: PowerState: More than one power state change request encountered within the same simulation tick
warn: PowerState: More than one power state change request encountered within the same simulation tick
warn: PowerState: More than one power state change request encountered within the same simulation tick
warn: PowerState: More than one power state change request encountered within the same simulation tick
warn: PowerState: More than one power state change request encountered within the same simulation tick
warn: PowerState: More than one power state change request encountered within the same simulation tick
warn: PowerState: More than one power state change request encountered within the same simulation tick
warn: PowerState: More than one power state change request encountered within the same simulation tick
warn: PowerState: More than one power state change request encountered within the same simulation tick
warn: PowerState: More than one power state change request encountered within the same simulation tick
warn: PowerState: More than one power state change request encountered within the same simulation tick
warn: PowerState: More than one power state change request encountered within the same simulation tick
warn: PowerState: More than one power state change request encountered within the same simulation tick
warn: PowerState: More than one power state change request encountered within the same simulation tick
warn: PowerState: More than one power state change request encountered within the same simulation tick
warn: PowerState: More than one power state change request encountered within the same simulation tick
warn: PowerState: More than one power state change request encountered within the same simulation tick
warn: PowerState: More than one power state change request encountered within the same simulation tick
warn: PowerState: More than one power state change request encountered within the same simulation tick
warn: PowerState: More than one power state change request encountered within the same simulation tick
warn: PowerState: More than one power state change request encountered within the same simulation tick
warn: PowerState: More than one power state change request encountered within the same simulation tick
warn: PowerState: More than one power state change request encountered within the same simulation tick
warn: PowerState: More than one power state change request encountered within the same simulation tick
warn: PowerState: More than one power state change request encountered within the same simulation tick
warn: PowerState: More than one power state change request encountered within the same simulation tick
warn: PowerState: More than one power state change request encountered within the same simulation tick
warn: PowerState: More than one power state change request encountered within the same simulation tick
warn: PowerState: More than one power state change request encountered within the same simulation tick
warn: PowerState: More than one power state change request encountered within the same simulation tick
warn: PowerState: More than one power state change request encountered within the same simulation tick
warn: PowerState: More than one power state change request encountered within the same simulation tick
warn: PowerState: More than one power state change request encountered within the same simulation tick
warn: PowerState: More than one power state change request encountered within the same simulation tick
warn: PowerState: More than one power state change request encountered within the same simulation tick
warn: PowerState: More than one power state change request encountered within the same simulation tick
warn: PowerState: More than one power state change request encountered within the same simulation tick
warn: PowerState: More than one power state change request encountered within the same simulation tick
warn: PowerState: More than one power state change request encountered within the same simulation tick
warn: PowerState: More than one power state change request encountered within the same simulation tick
warn: PowerState: More than one power state change request encountered within the same simulation tick
warn: PowerState: More than one power state change request encountered within the same simulation tick
warn: PowerState: More than one power state change request encountered within the same simulation tick
warn: PowerState: More than one power state change request encountered within the same simulation tick
warn: PowerState: More than one power state change request encountered within the same simulation tick
warn: PowerState: More than one power state change request encountered within the same simulation tick
warn: PowerState: More than one power state change request encountered within the same simulation tick
warn: PowerState: More than one power state change request encountered within the same simulation tick
warn: PowerState: More than one power state change request encountered within the same simulation tick
warn: PowerState: More than one power state change request encountered within the same simulation tick
warn: PowerState: More than one power state change request encountered within the same simulation tick
warn: PowerState: More than one power state change request encountered within the same simulation tick
warn: PowerState: More than one power state change request encountered within the same simulation tick
warn: PowerState: More than one power state change request encountered within the same simulation tick
warn: PowerState: More than one power state change request encountered within the same simulation tick
warn: PowerState: More than one power state change request encountered within the same simulation tick
warn: PowerState: More than one power state change request encountered within the same simulation tick
warn: PowerState: More than one power state change request encountered within the same simulation tick
warn: PowerState: More than one power state change request encountered within the same simulation tick
warn: PowerState: More than one power state change request encountered within the same simulation tick
warn: PowerState: More than one power state change request encountered within the same simulation tick
warn: PowerState: More than one power state change request encountered within the same simulation tick
warn: PowerState: More than one power state change request encountered within the same simulation tick
warn: PowerState: More than one power state change request encountered within the same simulation tick
warn: PowerState: More than one power state change request encountered within the same simulation tick
warn: PowerState: More than one power state change request encountered within the same simulation tick
warn: PowerState: More than one power state change request encountered within the same simulation tick
warn: PowerState: More than one power state change request encountered within the same simulation tick
warn: PowerState: More than one power state change request encountered within the same simulation tick
warn: PowerState: More than one power state change request encountered within the same simulation tick
warn: PowerState: More than one power state change request encountered within the same simulation tick
warn: PowerState: More than one power state change request encountered within the same simulation tick
warn: PowerState: More than one power state change request encountered within the same simulation tick
warn: PowerState: More than one power state change request encountered within the same simulation tick
warn: PowerState: More than one power state change request encountered within the same simulation tick
warn: PowerState: More than one power state change request encountered within the same simulation tick
warn: PowerState: More than one power state change request encountered within the same simulation tick
warn: PowerState: More than one power state change request encountered within the same simulation tick
warn: PowerState: More than one power state change request encountered within the same simulation tick
warn: PowerState: More than one power state change request encountered within the same simulation tick
warn: PowerState: More than one power state change request encountered within the same simulation tick
warn: PowerState: More than one power state change request encountered within the same simulation tick
warn: PowerState: More than one power state change request encountered within the same simulation tick
warn: PowerState: More than one power state change request encountered within the same simulation tick
warn: PowerState: More than one power state change request encountered within the same simulation tick
warn: PowerState: More than one power state change request encountered within the same simulation tick
warn: PowerState: More than one power state change request encountered within the same simulation tick
warn: PowerState: More than one power state change request encountered within the same simulation tick
warn: PowerState: More than one power state change request encountered within the same simulation tick
warn: PowerState: More than one power state change request encountered within the same simulation tick
warn: PowerState: More than one power state change request encountered within the same simulation tick
warn: PowerState: More than one power state change request encountered within the same simulation tick
warn: PowerState: More than one power state change request encountered within the same simulation tick
warn: PowerState: More than one power state change request encountered within the same simulation tick
warn: PowerState: More than one power state change request encountered within the same simulation tick
warn: PowerState: More than one power state change request encountered within the same simulation tick
warn: PowerState: More than one power state change request encountered within the same simulation tick
warn: PowerState: More than one power state change request encountered within the same simulation tick
warn: PowerState: More than one power state change request encountered within the same simulation tick
warn: PowerState: More than one power state change request encountered within the same simulation tick
warn: PowerState: More than one power state change request encountered within the same simulation tick
warn: PowerState: More than one power state change request encountered within the same simulation tick
warn: PowerState: More than one power state change request encountered within the same simulation tick
warn: PowerState: More than one power state change request encountered within the same simulation tick
warn: PowerState: More than one power state change request encountered within the same simulation tick
warn: PowerState: More than one power state change request encountered within the same simulation tick
warn: PowerState: More than one power state change request encountered within the same simulation tick
warn: PowerState: More than one power state change request encountered within the same simulation tick
warn: PowerState: More than one power state change request encountered within the same simulation tick
warn: PowerState: More than one power state change request encountered within the same simulation tick
warn: PowerState: More than one power state change request encountered within the same simulation tick
warn: PowerState: More than one power state change request encountered within the same simulation tick
warn: PowerState: More than one power state change request encountered within the same simulation tick
warn: PowerState: More than one power state change request encountered within the same simulation tick
warn: PowerState: More than one power state change request encountered within the same simulation tick
warn: PowerState: More than one power state change request encountered within the same simulation tick
warn: PowerState: More than one power state change request encountered within the same simulation tick
warn: PowerState: More than one power state change request encountered within the same simulation tick
warn: PowerState: More than one power state change request encountered within the same simulation tick
warn: PowerState: More than one power state change request encountered within the same simulation tick
warn: PowerState: More than one power state change request encountered within the same simulation tick
warn: PowerState: More than one power state change request encountered within the same simulation tick
warn: PowerState: More than one power state change request encountered within the same simulation tick
warn: PowerState: More than one power state change request encountered within the same simulation tick
warn: PowerState: More than one power state change request encountered within the same simulation tick
warn: PowerState: More than one power state change request encountered within the same simulation tick
warn: PowerState: More than one power state change request encountered within the same simulation tick
warn: PowerState: More than one power state change request encountered within the same simulation tick
warn: PowerState: More than one power state change request encountered within the same simulation tick
warn: PowerState: More than one power state change request encountered within the same simulation tick
warn: PowerState: More than one power state change request encountered within the same simulation tick
warn: PowerState: More than one power state change request encountered within the same simulation tick
warn: PowerState: More than one power state change request encountered within the same simulation tick
warn: PowerState: More than one power state change request encountered within the same simulation tick
warn: PowerState: More than one power state change request encountered within the same simulation tick
warn: PowerState: More than one power state change request encountered within the same simulation tick
warn: PowerState: More than one power state change request encountered within the same simulation tick
warn: PowerState: More than one power state change request encountered within the same simulation tick
warn: PowerState: More than one power state change request encountered within the same simulation tick
warn: PowerState: More than one power state change request encountered within the same simulation tick
warn: PowerState: More than one power state change request encountered within the same simulation tick
warn: PowerState: More than one power state change request encountered within the same simulation tick
warn: PowerState: More than one power state change request encountered within the same simulation tick
warn: PowerState: More than one power state change request encountered within the same simulation tick
warn: PowerState: More than one power state change request encountered within the same simulation tick
warn: PowerState: More than one power state change request encountered within the same simulation tick
warn: PowerState: More than one power state change request encountered within the same simulation tick
warn: PowerState: More than one power state change request encountered within the same simulation tick
warn: PowerState: More than one power state change request encountered within the same simulation tick
warn: PowerState: More than one power state change request encountered within the same simulation tick
warn: PowerState: More than one power state change request encountered within the same simulation tick
warn: PowerState: More than one power state change request encountered within the same simulation tick
warn: PowerState: More than one power state change request encountered within the same simulation tick
warn: PowerState: More than one power state change request encountered within the same simulation tick
warn: PowerState: More than one power state change request encountered within the same simulation tick
warn: PowerState: More than one power state change request encountered within the same simulation tick
warn: PowerState: More than one power state change request encountered within the same simulation tick
warn: PowerState: More than one power state change request encountered within the same simulation tick
warn: PowerState: More than one power state change request encountered within the same simulation tick
warn: PowerState: More than one power state change request encountered within the same simulation tick
warn: PowerState: More than one power state change request encountered within the same simulation tick
warn: PowerState: More than one power state change request encountered within the same simulation tick
warn: PowerState: More than one power state change request encountered within the same simulation tick
warn: PowerState: More than one power state change request encountered within the same simulation tick
warn: PowerState: More than one power state change request encountered within the same simulation tick
warn: PowerState: More than one power state change request encountered within the same simulation tick
warn: PowerState: More than one power state change request encountered within the same simulation tick
warn: PowerState: More than one power state change request encountered within the same simulation tick
warn: PowerState: More than one power state change request encountered within the same simulation tick
warn: PowerState: More than one power state change request encountered within the same simulation tick
warn: PowerState: More than one power state change request encountered within the same simulation tick
warn: PowerState: More than one power state change request encountered within the same simulation tick
warn: PowerState: More than one power state change request encountered within the same simulation tick
warn: PowerState: More than one power state change request encountered within the same simulation tick
warn: PowerState: More than one power state change request encountered within the same simulation tick
warn: PowerState: More than one power state change request encountered within the same simulation tick
warn: PowerState: More than one power state change request encountered within the same simulation tick
warn: PowerState: More than one power state change request encountered within the same simulation tick
warn: PowerState: More than one power state change request encountered within the same simulation tick
warn: PowerState: More than one power state change request encountered within the same simulation tick
warn: PowerState: More than one power state change request encountered within the same simulation tick
warn: PowerState: More than one power state change request encountered within the same simulation tick
warn: PowerState: More than one power state change request encountered within the same simulation tick
warn: PowerState: More than one power state change request encountered within the same simulation tick
warn: PowerState: More than one power state change request encountered within the same simulation tick
warn: PowerState: More than one power state change request encountered within the same simulation tick
warn: PowerState: More than one power state change request encountered within the same simulation tick
warn: PowerState: More than one power state change request encountered within the same simulation tick
warn: PowerState: More than one power state change request encountered within the same simulation tick
warn: PowerState: More than one power state change request encountered within the same simulation tick
warn: PowerState: More than one power state change request encountered within the same simulation tick
warn: PowerState: More than one power state change request encountered within the same simulation tick
warn: PowerState: More than one power state change request encountered within the same simulation tick
warn: PowerState: More than one power state change request encountered within the same simulation tick
warn: PowerState: More than one power state change request encountered within the same simulation tick
warn: PowerState: More than one power state change request encountered within the same simulation tick
warn: PowerState: More than one power state change request encountered within the same simulation tick
warn: PowerState: More than one power state change request encountered within the same simulation tick
warn: PowerState: More than one power state change request encountered within the same simulation tick
warn: PowerState: More than one power state change request encountered within the same simulation tick
warn: PowerState: More than one power state change request encountered within the same simulation tick
warn: PowerState: More than one power state change request encountered within the same simulation tick
warn: PowerState: More than one power state change request encountered within the same simulation tick
warn: PowerState: More than one power state change request encountered within the same simulation tick
warn: PowerState: More than one power state change request encountered within the same simulation tick
! src/apps/bench/ripc/src/../../rustbenchs/src/bremote_ipc.rs:709  PERF "remote pingpong with (1 * 8192) msgs": 1784 cycles (+/- 1 cycles with 1000 runs)

Testing "pingpong_remote2048" in src/apps/bench/ripc/src/../../rustbenchs/src/bremote_ipc.rs:
warn: PowerState: More than one power state change request encountered within the same simulation tick
childactivity.rs: /bin/ripc
[0;36m[T5:ripc    @     130410] PANIC at /scratch/harshanavkis/ironbus/M3/src/libs/rust/base/src/serialize/ser.rs:51:9: index out of bounds: the len is 128 but the index is 1[0m
[0;36m[T5:ripc    @     130416] 28
[0m[0;36m[T5:ripc    @     130417] 
[0m[0;36m[T5:ripc    @     130421] Backtrace:
[0m[0;36m[T5:ripc    @     130425]   0x1068a99c
[0m[0;36m[T5:ripc    @     130426]   0x1068a960
[0m[0;36m[T5:ripc    @     130428]   0x10686e1a
[0m[0;36m[T5:ripc    @     130430]   0x10686b36
[0m[0;36m[T5:ripc    @     130431]   0x10694288
[0m[0;36m[T5:ripc    @     130433]   0x106779fc
[0m[0;36m[T5:ripc    @     130434]   0x10694084
[0m[0;36m[T5:ripc    @     130436]   0x1069331a
[0m[0;31m[T0:kernel  @     130504] [37;41m2:pager@3: 5:CREATE_MAP failed: Invalid capability (InvArgs)[0m
[0mChild '/bin/ripc' exited with exitcode 1
[0;32m[T1:root    @     131018] Sending SHUTDOWN to service 1:m3fs
[0m[0;32m[T1:root    @     131050] m3fs: unreg_serv(sel=46)
[0m[0;32m[T1:root    @     131055] Removing service 1:m3fs
[0m[0;32m[T1:root    @     131236] All childs gone. Exiting.
[0m[0;31m[T0:kernel  @     131323] Shutting down
[0mExiting @ tick 131326393000 because m5_exit instruction encountered
stty: 'standard input': Inappropriate ioctl for device
